h_9_9,5.0,0.16668270833333332
h_9_8,5.0,0.16668003472222223
h_9_7,5.0,0.16668671875000002
h_9_6,5.0,0.1666934027777778
h_9_5,5.0,0.0
h_9_4,5.0,0.0
h_9_3,5.0,0.0
h_9_2,5.0,0.0
h_9_1,5.0,0.0
h_9_0,5.0,0.0
h_8_9,5.0,0.0
h_8_8,5.0,0.0
h_8_7,5.0,0.0
h_8_6,5.0,0.0
h_8_5,5.0,0.0
h_8_4,5.0,0.0
h_8_3,5.0,0.0
h_8_2,5.0,0.0
h_8_1,5.0,0.0
h_8_0,5.0,0.0
h_7_9,5.0,0.0
h_7_8,5.0,0.0
h_7_7,5.0,0.0
h_7_6,5.0,0.0
h_7_5,5.0,0.0
h_7_4,5.0,0.0
h_7_3,5.0,0.0
h_7_2,5.0,0.0
h_7_1,5.0,0.0
h_7_0,5.0,0.0
h_6_9,5.0,0.0
h_6_8,5.0,0.0
h_6_7,5.0,0.0
h_6_6,5.0,0.0
h_6_5,5.0,0.0
h_6_4,5.0,0.0
h_6_3,5.0,0.0
h_6_2,5.0,0.0
h_6_1,5.0,0.0
h_6_0,5.0,0.0
h_5_9,5.0,0.0
h_5_8,5.0,0.0
h_5_7,5.0,0.0
h_5_6,5.0,0.0
h_5_5,5.0,0.0
h_5_4,5.0,0.0
h_5_3,5.0,0.0
h_5_2,5.0,0.0
h_5_1,5.0,0.0
h_5_0,5.0,0.0
h_4_9,5.0,0.0
h_4_8,5.0,0.0
h_4_7,5.0,0.0
h_4_6,5.0,0.0
h_4_5,5.0,0.0
h_4_4,5.0,0.0
h_4_3,5.0,0.0
h_4_2,5.0,0.0
h_4_1,5.0,0.0
h_4_0,5.0,0.0
h_3_9,5.0,0.0
h_3_8,5.0,0.0
h_3_7,5.0,0.0
h_3_6,5.0,0.0
h_3_5,5.0,0.0
h_3_4,5.0,0.0
h_3_3,5.0,0.0
h_3_2,5.0,0.0
h_3_1,5.0,0.0
h_3_0,5.0,0.0
h_2_9,5.0,0.0
h_2_8,5.0,0.0
h_2_7,5.0,0.0
h_2_6,5.0,0.0
h_2_5,5.0,0.0
h_2_4,5.0,0.0
h_2_3,5.0,0.0
h_2_2,5.0,0.0
h_2_1,5.0,0.0
h_2_0,5.0,0.0
h_1_9,5.0,0.0
h_1_8,5.0,0.0
h_1_7,5.0,0.0
h_1_6,5.0,0.0
h_1_5,5.0,0.0
h_1_4,5.0,0.0
h_1_3,5.0,0.0
h_1_2,5.0,0.0
h_1_1,5.0,0.0
h_1_0,5.0,0.0
h_0_9,5.0,0.0
h_0_8,5.0,0.0
h_0_7,5.0,0.0
h_0_6,5.0,0.0
h_0_5,5.0,0.0
h_0_4,5.0,0.0
h_0_3,5.0,0.0
h_0_2,5.0,0.0
h_0_1,5.0,0.0
h_0_0,5.0,0.0
h_9_9,2390.0,0.0
h_9_8,2390.0,0.0
h_9_7,2390.0,0.0
h_9_6,2390.0,0.0
h_9_5,2390.0,0.0
h_9_4,2390.0,0.0
h_9_3,2390.0,0.0
h_9_2,2390.0,0.0
h_9_1,2390.0,0.0
h_9_0,2390.0,0.0
h_8_9,2390.0,0.0
h_8_8,2390.0,0.0
h_8_7,2390.0,0.0
h_8_6,2390.0,0.0
h_8_5,2390.0,0.0
h_8_4,2390.0,0.0
h_8_3,2390.0,0.0
h_8_2,2390.0,0.0
h_8_1,2390.0,0.0
h_8_0,2390.0,0.0
h_7_9,2390.0,0.0
h_7_8,2390.0,0.0
h_7_7,2390.0,0.0
h_7_6,2390.0,0.0
h_7_5,2390.0,0.0
h_7_4,2390.0,0.0
h_7_3,2390.0,0.0
h_7_2,2390.0,0.0
h_7_1,2390.0,0.0
h_7_0,2390.0,0.0
h_6_9,2390.0,0.0
h_6_8,2390.0,0.0
h_6_7,2390.0,0.0
h_6_6,2390.0,0.0
h_6_5,2390.0,0.0
h_6_4,2390.0,0.0
h_6_3,2390.0,0.0
h_6_2,2390.0,0.0
h_6_1,2390.0,0.0
h_6_0,2390.0,0.0
h_5_9,2390.0,0.0
h_5_8,2390.0,0.0
h_5_7,2390.0,0.0
h_5_6,2390.0,0.0
h_5_5,2390.0,0.0
h_5_4,2390.0,0.0
h_5_3,2390.0,0.0
h_5_2,2390.0,0.0
h_5_1,2390.0,0.0
h_5_0,2390.0,0.0
h_4_9,2390.0,0.0
h_4_8,2390.0,0.0
h_4_7,2390.0,0.0
h_4_6,2390.0,0.0
h_4_5,2390.0,0.0
h_4_4,2390.0,0.0
h_4_3,2390.0,0.0
h_4_2,2390.0,0.0
h_4_1,2390.0,0.0
h_4_0,2390.0,0.0
h_3_9,2390.0,0.0
h_3_8,2390.0,0.0
h_3_7,2390.0,0.0
h_3_6,2390.0,0.0
h_3_5,2390.0,0.0
h_3_4,2390.0,0.0
h_3_3,2390.0,0.0
h_3_2,2390.0,0.0
h_3_1,2390.0,0.0
h_3_0,2390.0,0.0
h_2_9,2390.0,0.0
h_2_8,2390.0,0.0
h_2_7,2390.0,0.0
h_2_6,2390.0,0.0
h_2_5,2390.0,0.0
h_2_4,2390.0,0.0
h_2_3,2390.0,0.0
h_2_2,2390.0,0.0
h_2_1,2390.0,0.0
h_2_0,2390.0,0.0
h_1_9,2390.0,0.0
h_1_8,2390.0,0.0
h_1_7,2390.0,0.0
h_1_6,2390.0,0.0
h_1_5,2390.0,0.0
h_1_4,2390.0,0.0
h_1_3,2390.0,0.0
h_1_2,2390.0,0.0
h_1_1,2390.0,0.0
h_1_0,2390.0,0.0
h_0_9,2390.0,0.0
h_0_8,2390.0,0.0
h_0_7,2390.0,0.0
h_0_6,2390.0,0.0
h_0_5,2390.0,0.0
h_0_4,2390.0,0.0
h_0_3,2390.0,0.0
h_0_2,2390.0,0.0
h_0_1,2390.0,0.0
h_0_0,2390.0,0.0
h_9_9,2395.0,0.0
h_9_8,2395.0,0.0
h_9_7,2395.0,0.0
h_9_6,2395.0,0.0
h_9_5,2395.0,0.16668270833333332
h_9_4,2395.0,0.16668671875000002
h_9_3,2395.0,0.16668003472222223
h_9_2,2395.0,0.0
h_9_1,2395.0,0.0
h_9_0,2395.0,0.0
h_8_9,2395.0,0.0
h_8_8,2395.0,0.0
h_8_7,2395.0,0.0
h_8_6,2395.0,0.0
h_8_5,2395.0,0.0
h_8_4,2395.0,0.0
h_8_3,2395.0,0.0
h_8_2,2395.0,0.0
h_8_1,2395.0,0.0
h_8_0,2395.0,0.0
h_7_9,2395.0,0.0
h_7_8,2395.0,0.0
h_7_7,2395.0,0.0
h_7_6,2395.0,0.0
h_7_5,2395.0,0.0
h_7_4,2395.0,0.0
h_7_3,2395.0,0.0
h_7_2,2395.0,0.0
h_7_1,2395.0,0.0
h_7_0,2395.0,0.0
h_6_9,2395.0,0.0
h_6_8,2395.0,0.0
h_6_7,2395.0,0.0
h_6_6,2395.0,0.0
h_6_5,2395.0,0.0
h_6_4,2395.0,0.0
h_6_3,2395.0,0.0
h_6_2,2395.0,0.0
h_6_1,2395.0,0.0
h_6_0,2395.0,0.0
h_5_9,2395.0,0.0
h_5_8,2395.0,0.0
h_5_7,2395.0,0.0
h_5_6,2395.0,0.0
h_5_5,2395.0,0.0
h_5_4,2395.0,0.0
h_5_3,2395.0,0.0
h_5_2,2395.0,0.0
h_5_1,2395.0,0.0
h_5_0,2395.0,0.0
h_4_9,2395.0,0.0
h_4_8,2395.0,0.0
h_4_7,2395.0,0.0
h_4_6,2395.0,0.0
h_4_5,2395.0,0.0
h_4_4,2395.0,0.0
h_4_3,2395.0,0.0
h_4_2,2395.0,0.0
h_4_1,2395.0,0.0
h_4_0,2395.0,0.0
h_3_9,2395.0,0.0
h_3_8,2395.0,0.0
h_3_7,2395.0,0.0
h_3_6,2395.0,0.0
h_3_5,2395.0,0.0
h_3_4,2395.0,0.0
h_3_3,2395.0,0.0
h_3_2,2395.0,0.0
h_3_1,2395.0,0.0
h_3_0,2395.0,0.0
h_2_9,2395.0,0.0
h_2_8,2395.0,0.0
h_2_7,2395.0,0.0
h_2_6,2395.0,0.0
h_2_5,2395.0,0.0
h_2_4,2395.0,0.0
h_2_3,2395.0,0.0
h_2_2,2395.0,0.0
h_2_1,2395.0,0.0
h_2_0,2395.0,0.0
h_1_9,2395.0,0.0
h_1_8,2395.0,0.0
h_1_7,2395.0,0.0
h_1_6,2395.0,0.0
h_1_5,2395.0,0.0
h_1_4,2395.0,0.0
h_1_3,2395.0,0.0
h_1_2,2395.0,0.0
h_1_1,2395.0,0.0
h_1_0,2395.0,0.0
h_0_9,2395.0,0.0
h_0_8,2395.0,0.0
h_0_7,2395.0,0.0
h_0_6,2395.0,0.0
h_0_5,2395.0,0.0
h_0_4,2395.0,0.0
h_0_3,2395.0,0.0
h_0_2,2395.0,0.0
h_0_1,2395.0,0.0
h_0_0,2395.0,0.0
h_9_9,2423.0,0.0
h_9_8,2423.0,0.0
h_9_7,2423.0,0.0
h_9_6,2423.0,0.0
h_9_5,2423.0,0.0
h_9_4,2423.0,0.0
h_9_3,2423.0,0.0
h_9_2,2423.0,0.0
h_9_1,2423.0,0.0
h_9_0,2423.0,0.0
h_8_9,2423.0,0.0
h_8_8,2423.0,0.0
h_8_7,2423.0,0.0
h_8_6,2423.0,0.0
h_8_5,2423.0,0.0
h_8_4,2423.0,0.0
h_8_3,2423.0,0.0
h_8_2,2423.0,0.0
h_8_1,2423.0,0.0
h_8_0,2423.0,0.0
h_7_9,2423.0,0.0
h_7_8,2423.0,0.0
h_7_7,2423.0,0.0
h_7_6,2423.0,0.0
h_7_5,2423.0,0.0
h_7_4,2423.0,0.0
h_7_3,2423.0,0.0
h_7_2,2423.0,0.0
h_7_1,2423.0,0.0
h_7_0,2423.0,0.0
h_6_9,2423.0,0.0
h_6_8,2423.0,0.0
h_6_7,2423.0,0.0
h_6_6,2423.0,0.0
h_6_5,2423.0,0.0
h_6_4,2423.0,0.0
h_6_3,2423.0,0.0
h_6_2,2423.0,0.0
h_6_1,2423.0,0.0
h_6_0,2423.0,0.0
h_5_9,2423.0,0.0
h_5_8,2423.0,0.0
h_5_7,2423.0,0.0
h_5_6,2423.0,0.0
h_5_5,2423.0,0.0
h_5_4,2423.0,0.0
h_5_3,2423.0,0.0
h_5_2,2423.0,0.0
h_5_1,2423.0,0.0
h_5_0,2423.0,0.0
h_4_9,2423.0,0.0
h_4_8,2423.0,0.0
h_4_7,2423.0,0.0
h_4_6,2423.0,0.0
h_4_5,2423.0,0.0
h_4_4,2423.0,0.0
h_4_3,2423.0,0.0
h_4_2,2423.0,0.0
h_4_1,2423.0,0.0
h_4_0,2423.0,0.0
h_3_9,2423.0,0.0
h_3_8,2423.0,0.0
h_3_7,2423.0,0.0
h_3_6,2423.0,0.0
h_3_5,2423.0,0.0
h_3_4,2423.0,0.0
h_3_3,2423.0,0.0
h_3_2,2423.0,0.0
h_3_1,2423.0,0.0
h_3_0,2423.0,0.0
h_2_9,2423.0,0.0
h_2_8,2423.0,0.0
h_2_7,2423.0,0.0
h_2_6,2423.0,0.0
h_2_5,2423.0,0.0
h_2_4,2423.0,0.0
h_2_3,2423.0,0.0
h_2_2,2423.0,0.0
h_2_1,2423.0,0.0
h_2_0,2423.0,0.0
h_1_9,2423.0,0.0
h_1_8,2423.0,0.0
h_1_7,2423.0,0.0
h_1_6,2423.0,0.0
h_1_5,2423.0,0.0
h_1_4,2423.0,0.0
h_1_3,2423.0,0.0
h_1_2,2423.0,0.0
h_1_1,2423.0,0.0
h_1_0,2423.0,0.0
h_0_9,2423.0,0.0
h_0_8,2423.0,0.0
h_0_7,2423.0,0.0
h_0_6,2423.0,0.0
h_0_5,2423.0,0.0
h_0_4,2423.0,0.0
h_0_3,2423.0,0.0
h_0_2,2423.0,0.0
h_0_1,2423.0,0.0
h_0_0,2423.0,0.0
h_9_9,2428.0,0.0
h_9_8,2428.0,0.0
h_9_7,2428.0,0.0
h_9_6,2428.0,0.0
h_9_5,2428.0,0.0
h_9_4,2428.0,0.0
h_9_3,2428.0,0.0
h_9_2,2428.0,0.16668270833333332
h_9_1,2428.0,0.16668671875000002
h_9_0,2428.0,0.16668003472222223
h_8_9,2428.0,0.0
h_8_8,2428.0,0.0
h_8_7,2428.0,0.0
h_8_6,2428.0,0.0
h_8_5,2428.0,0.0
h_8_4,2428.0,0.0
h_8_3,2428.0,0.0
h_8_2,2428.0,0.0
h_8_1,2428.0,0.0
h_8_0,2428.0,0.0
h_7_9,2428.0,0.0
h_7_8,2428.0,0.0
h_7_7,2428.0,0.0
h_7_6,2428.0,0.0
h_7_5,2428.0,0.0
h_7_4,2428.0,0.0
h_7_3,2428.0,0.0
h_7_2,2428.0,0.0
h_7_1,2428.0,0.0
h_7_0,2428.0,0.0
h_6_9,2428.0,0.0
h_6_8,2428.0,0.0
h_6_7,2428.0,0.0
h_6_6,2428.0,0.0
h_6_5,2428.0,0.0
h_6_4,2428.0,0.0
h_6_3,2428.0,0.0
h_6_2,2428.0,0.0
h_6_1,2428.0,0.0
h_6_0,2428.0,0.0
h_5_9,2428.0,0.0
h_5_8,2428.0,0.0
h_5_7,2428.0,0.0
h_5_6,2428.0,0.0
h_5_5,2428.0,0.0
h_5_4,2428.0,0.0
h_5_3,2428.0,0.0
h_5_2,2428.0,0.0
h_5_1,2428.0,0.0
h_5_0,2428.0,0.0
h_4_9,2428.0,0.0
h_4_8,2428.0,0.0
h_4_7,2428.0,0.0
h_4_6,2428.0,0.0
h_4_5,2428.0,0.0
h_4_4,2428.0,0.0
h_4_3,2428.0,0.0
h_4_2,2428.0,0.0
h_4_1,2428.0,0.0
h_4_0,2428.0,0.0
h_3_9,2428.0,0.0
h_3_8,2428.0,0.0
h_3_7,2428.0,0.0
h_3_6,2428.0,0.0
h_3_5,2428.0,0.0
h_3_4,2428.0,0.0
h_3_3,2428.0,0.0
h_3_2,2428.0,0.0
h_3_1,2428.0,0.0
h_3_0,2428.0,0.0
h_2_9,2428.0,0.0
h_2_8,2428.0,0.0
h_2_7,2428.0,0.0
h_2_6,2428.0,0.0
h_2_5,2428.0,0.0
h_2_4,2428.0,0.0
h_2_3,2428.0,0.0
h_2_2,2428.0,0.0
h_2_1,2428.0,0.0
h_2_0,2428.0,0.0
h_1_9,2428.0,0.0
h_1_8,2428.0,0.0
h_1_7,2428.0,0.0
h_1_6,2428.0,0.0
h_1_5,2428.0,0.0
h_1_4,2428.0,0.0
h_1_3,2428.0,0.0
h_1_2,2428.0,0.0
h_1_1,2428.0,0.0
h_1_0,2428.0,0.0
h_0_9,2428.0,0.0
h_0_8,2428.0,0.0
h_0_7,2428.0,0.0
h_0_6,2428.0,0.0
h_0_5,2428.0,0.0
h_0_4,2428.0,0.0
h_0_3,2428.0,0.0
h_0_2,2428.0,0.0
h_0_1,2428.0,0.0
h_0_0,2428.0,0.0
h_9_9,3585.0,0.0
h_9_8,3585.0,0.0
h_9_7,3585.0,0.0
h_9_6,3585.0,0.0
h_9_5,3585.0,0.0
h_9_4,3585.0,0.0
h_9_3,3585.0,0.0
h_9_2,3585.0,0.0
h_9_1,3585.0,0.0
h_9_0,3585.0,0.0
h_8_9,3585.0,0.0
h_8_8,3585.0,0.0
h_8_7,3585.0,0.0
h_8_6,3585.0,0.0
h_8_5,3585.0,0.0
h_8_4,3585.0,0.0
h_8_3,3585.0,0.0
h_8_2,3585.0,0.0
h_8_1,3585.0,0.0
h_8_0,3585.0,0.0
h_7_9,3585.0,0.0
h_7_8,3585.0,0.0
h_7_7,3585.0,0.0
h_7_6,3585.0,0.0
h_7_5,3585.0,0.0
h_7_4,3585.0,0.0
h_7_3,3585.0,0.0
h_7_2,3585.0,0.0
h_7_1,3585.0,0.0
h_7_0,3585.0,0.0
h_6_9,3585.0,0.0
h_6_8,3585.0,0.0
h_6_7,3585.0,0.0
h_6_6,3585.0,0.0
h_6_5,3585.0,0.0
h_6_4,3585.0,0.0
h_6_3,3585.0,0.0
h_6_2,3585.0,0.0
h_6_1,3585.0,0.0
h_6_0,3585.0,0.0
h_5_9,3585.0,0.0
h_5_8,3585.0,0.0
h_5_7,3585.0,0.0
h_5_6,3585.0,0.0
h_5_5,3585.0,0.0
h_5_4,3585.0,0.0
h_5_3,3585.0,0.0
h_5_2,3585.0,0.0
h_5_1,3585.0,0.0
h_5_0,3585.0,0.0
h_4_9,3585.0,0.0
h_4_8,3585.0,0.0
h_4_7,3585.0,0.0
h_4_6,3585.0,0.0
h_4_5,3585.0,0.0
h_4_4,3585.0,0.0
h_4_3,3585.0,0.0
h_4_2,3585.0,0.0
h_4_1,3585.0,0.0
h_4_0,3585.0,0.0
h_3_9,3585.0,0.0
h_3_8,3585.0,0.0
h_3_7,3585.0,0.0
h_3_6,3585.0,0.0
h_3_5,3585.0,0.0
h_3_4,3585.0,0.0
h_3_3,3585.0,0.0
h_3_2,3585.0,0.0
h_3_1,3585.0,0.0
h_3_0,3585.0,0.0
h_2_9,3585.0,0.0
h_2_8,3585.0,0.0
h_2_7,3585.0,0.0
h_2_6,3585.0,0.0
h_2_5,3585.0,0.0
h_2_4,3585.0,0.0
h_2_3,3585.0,0.0
h_2_2,3585.0,0.0
h_2_1,3585.0,0.0
h_2_0,3585.0,0.0
h_1_9,3585.0,0.0
h_1_8,3585.0,0.0
h_1_7,3585.0,0.0
h_1_6,3585.0,0.0
h_1_5,3585.0,0.0
h_1_4,3585.0,0.0
h_1_3,3585.0,0.0
h_1_2,3585.0,0.0
h_1_1,3585.0,0.0
h_1_0,3585.0,0.0
h_0_9,3585.0,0.0
h_0_8,3585.0,0.0
h_0_7,3585.0,0.0
h_0_6,3585.0,0.0
h_0_5,3585.0,0.0
h_0_4,3585.0,0.0
h_0_3,3585.0,0.0
h_0_2,3585.0,0.0
h_0_1,3585.0,0.0
h_0_0,3585.0,0.0
h_9_9,3590.0,0.0
h_9_8,3590.0,0.0
h_9_7,3590.0,0.0
h_9_6,3590.0,0.0
h_9_5,3590.0,0.0
h_9_4,3590.0,0.0
h_9_3,3590.0,0.0
h_9_2,3590.0,0.0
h_9_1,3590.0,0.0
h_9_0,3590.0,0.0
h_8_9,3590.0,0.16668270833333332
h_8_8,3590.0,0.16668671875000002
h_8_7,3590.0,0.16668003472222223
h_8_6,3590.0,0.0
h_8_5,3590.0,0.0
h_8_4,3590.0,0.0
h_8_3,3590.0,0.0
h_8_2,3590.0,0.0
h_8_1,3590.0,0.0
h_8_0,3590.0,0.0
h_7_9,3590.0,0.0
h_7_8,3590.0,0.0
h_7_7,3590.0,0.0
h_7_6,3590.0,0.0
h_7_5,3590.0,0.0
h_7_4,3590.0,0.0
h_7_3,3590.0,0.0
h_7_2,3590.0,0.0
h_7_1,3590.0,0.0
h_7_0,3590.0,0.0
h_6_9,3590.0,0.0
h_6_8,3590.0,0.0
h_6_7,3590.0,0.0
h_6_6,3590.0,0.0
h_6_5,3590.0,0.0
h_6_4,3590.0,0.0
h_6_3,3590.0,0.0
h_6_2,3590.0,0.0
h_6_1,3590.0,0.0
h_6_0,3590.0,0.0
h_5_9,3590.0,0.0
h_5_8,3590.0,0.0
h_5_7,3590.0,0.0
h_5_6,3590.0,0.0
h_5_5,3590.0,0.0
h_5_4,3590.0,0.0
h_5_3,3590.0,0.0
h_5_2,3590.0,0.0
h_5_1,3590.0,0.0
h_5_0,3590.0,0.0
h_4_9,3590.0,0.0
h_4_8,3590.0,0.0
h_4_7,3590.0,0.0
h_4_6,3590.0,0.0
h_4_5,3590.0,0.0
h_4_4,3590.0,0.0
h_4_3,3590.0,0.0
h_4_2,3590.0,0.0
h_4_1,3590.0,0.0
h_4_0,3590.0,0.0
h_3_9,3590.0,0.0
h_3_8,3590.0,0.0
h_3_7,3590.0,0.0
h_3_6,3590.0,0.0
h_3_5,3590.0,0.0
h_3_4,3590.0,0.0
h_3_3,3590.0,0.0
h_3_2,3590.0,0.0
h_3_1,3590.0,0.0
h_3_0,3590.0,0.0
h_2_9,3590.0,0.0
h_2_8,3590.0,0.0
h_2_7,3590.0,0.0
h_2_6,3590.0,0.0
h_2_5,3590.0,0.0
h_2_4,3590.0,0.0
h_2_3,3590.0,0.0
h_2_2,3590.0,0.0
h_2_1,3590.0,0.0
h_2_0,3590.0,0.0
h_1_9,3590.0,0.0
h_1_8,3590.0,0.0
h_1_7,3590.0,0.0
h_1_6,3590.0,0.0
h_1_5,3590.0,0.0
h_1_4,3590.0,0.0
h_1_3,3590.0,0.0
h_1_2,3590.0,0.0
h_1_1,3590.0,0.0
h_1_0,3590.0,0.0
h_0_9,3590.0,0.0
h_0_8,3590.0,0.0
h_0_7,3590.0,0.0
h_0_6,3590.0,0.0
h_0_5,3590.0,0.0
h_0_4,3590.0,0.0
h_0_3,3590.0,0.0
h_0_2,3590.0,0.0
h_0_1,3590.0,0.0
h_0_0,3590.0,0.0
h_9_9,5260.0,0.0
h_9_8,5260.0,0.0
h_9_7,5260.0,0.0
h_9_6,5260.0,0.0
h_9_5,5260.0,0.0
h_9_4,5260.0,0.0
h_9_3,5260.0,0.0
h_9_2,5260.0,0.0
h_9_1,5260.0,0.0
h_9_0,5260.0,0.0
h_8_9,5260.0,0.0
h_8_8,5260.0,0.0
h_8_7,5260.0,0.0
h_8_6,5260.0,0.0
h_8_5,5260.0,0.0
h_8_4,5260.0,0.0
h_8_3,5260.0,0.0
h_8_2,5260.0,0.0
h_8_1,5260.0,0.0
h_8_0,5260.0,0.0
h_7_9,5260.0,0.0
h_7_8,5260.0,0.0
h_7_7,5260.0,0.0
h_7_6,5260.0,0.0
h_7_5,5260.0,0.0
h_7_4,5260.0,0.0
h_7_3,5260.0,0.0
h_7_2,5260.0,0.0
h_7_1,5260.0,0.0
h_7_0,5260.0,0.0
h_6_9,5260.0,0.0
h_6_8,5260.0,0.0
h_6_7,5260.0,0.0
h_6_6,5260.0,0.0
h_6_5,5260.0,0.0
h_6_4,5260.0,0.0
h_6_3,5260.0,0.0
h_6_2,5260.0,0.0
h_6_1,5260.0,0.0
h_6_0,5260.0,0.0
h_5_9,5260.0,0.0
h_5_8,5260.0,0.0
h_5_7,5260.0,0.0
h_5_6,5260.0,0.0
h_5_5,5260.0,0.0
h_5_4,5260.0,0.0
h_5_3,5260.0,0.0
h_5_2,5260.0,0.0
h_5_1,5260.0,0.0
h_5_0,5260.0,0.0
h_4_9,5260.0,0.0
h_4_8,5260.0,0.0
h_4_7,5260.0,0.0
h_4_6,5260.0,0.0
h_4_5,5260.0,0.0
h_4_4,5260.0,0.0
h_4_3,5260.0,0.0
h_4_2,5260.0,0.0
h_4_1,5260.0,0.0
h_4_0,5260.0,0.0
h_3_9,5260.0,0.0
h_3_8,5260.0,0.0
h_3_7,5260.0,0.0
h_3_6,5260.0,0.0
h_3_5,5260.0,0.0
h_3_4,5260.0,0.0
h_3_3,5260.0,0.0
h_3_2,5260.0,0.0
h_3_1,5260.0,0.0
h_3_0,5260.0,0.0
h_2_9,5260.0,0.0
h_2_8,5260.0,0.0
h_2_7,5260.0,0.0
h_2_6,5260.0,0.0
h_2_5,5260.0,0.0
h_2_4,5260.0,0.0
h_2_3,5260.0,0.0
h_2_2,5260.0,0.0
h_2_1,5260.0,0.0
h_2_0,5260.0,0.0
h_1_9,5260.0,0.0
h_1_8,5260.0,0.0
h_1_7,5260.0,0.0
h_1_6,5260.0,0.0
h_1_5,5260.0,0.0
h_1_4,5260.0,0.0
h_1_3,5260.0,0.0
h_1_2,5260.0,0.0
h_1_1,5260.0,0.0
h_1_0,5260.0,0.0
h_0_9,5260.0,0.0
h_0_8,5260.0,0.0
h_0_7,5260.0,0.0
h_0_6,5260.0,0.0
h_0_5,5260.0,0.0
h_0_4,5260.0,0.0
h_0_3,5260.0,0.0
h_0_2,5260.0,0.0
h_0_1,5260.0,0.0
h_0_0,5260.0,0.0
h_9_9,5265.0,0.0
h_9_8,5265.0,0.0
h_9_7,5265.0,0.0
h_9_6,5265.0,0.0
h_9_5,5265.0,0.0
h_9_4,5265.0,0.0
h_9_3,5265.0,0.0
h_9_2,5265.0,0.0
h_9_1,5265.0,0.0
h_9_0,5265.0,0.0
h_8_9,5265.0,0.0
h_8_8,5265.0,0.0
h_8_7,5265.0,0.0
h_8_6,5265.0,0.16667669270833335
h_8_5,5265.0,0.16668003472222223
h_8_4,5265.0,0.0
h_8_3,5265.0,0.0
h_8_2,5265.0,0.0
h_8_1,5265.0,0.0
h_8_0,5265.0,0.0
h_7_9,5265.0,0.0
h_7_8,5265.0,0.0
h_7_7,5265.0,0.0
h_7_6,5265.0,0.0
h_7_5,5265.0,0.0
h_7_4,5265.0,0.0
h_7_3,5265.0,0.0
h_7_2,5265.0,0.0
h_7_1,5265.0,0.0
h_7_0,5265.0,0.0
h_6_9,5265.0,0.0
h_6_8,5265.0,0.0
h_6_7,5265.0,0.0
h_6_6,5265.0,0.0
h_6_5,5265.0,0.0
h_6_4,5265.0,0.0
h_6_3,5265.0,0.0
h_6_2,5265.0,0.0
h_6_1,5265.0,0.0
h_6_0,5265.0,0.0
h_5_9,5265.0,0.0
h_5_8,5265.0,0.0
h_5_7,5265.0,0.0
h_5_6,5265.0,0.0
h_5_5,5265.0,0.0
h_5_4,5265.0,0.0
h_5_3,5265.0,0.0
h_5_2,5265.0,0.0
h_5_1,5265.0,0.0
h_5_0,5265.0,0.0
h_4_9,5265.0,0.0
h_4_8,5265.0,0.0
h_4_7,5265.0,0.0
h_4_6,5265.0,0.0
h_4_5,5265.0,0.0
h_4_4,5265.0,0.0
h_4_3,5265.0,0.0
h_4_2,5265.0,0.0
h_4_1,5265.0,0.0
h_4_0,5265.0,0.0
h_3_9,5265.0,0.0
h_3_8,5265.0,0.0
h_3_7,5265.0,0.0
h_3_6,5265.0,0.0
h_3_5,5265.0,0.0
h_3_4,5265.0,0.0
h_3_3,5265.0,0.0
h_3_2,5265.0,0.0
h_3_1,5265.0,0.0
h_3_0,5265.0,0.0
h_2_9,5265.0,0.0
h_2_8,5265.0,0.0
h_2_7,5265.0,0.0
h_2_6,5265.0,0.0
h_2_5,5265.0,0.0
h_2_4,5265.0,0.0
h_2_3,5265.0,0.0
h_2_2,5265.0,0.0
h_2_1,5265.0,0.0
h_2_0,5265.0,0.0
h_1_9,5265.0,0.0
h_1_8,5265.0,0.0
h_1_7,5265.0,0.0
h_1_6,5265.0,0.0
h_1_5,5265.0,0.0
h_1_4,5265.0,0.0
h_1_3,5265.0,0.0
h_1_2,5265.0,0.0
h_1_1,5265.0,0.0
h_1_0,5265.0,0.0
h_0_9,5265.0,0.0
h_0_8,5265.0,0.0
h_0_7,5265.0,0.0
h_0_6,5265.0,0.0
h_0_5,5265.0,0.0
h_0_4,5265.0,0.0
h_0_3,5265.0,0.0
h_0_2,5265.0,0.0
h_0_1,5265.0,0.0
h_0_0,5265.0,0.0
h_9_9,5965.0,0.0
h_9_8,5965.0,0.0
h_9_7,5965.0,0.0
h_9_6,5965.0,0.0
h_9_5,5965.0,0.0
h_9_4,5965.0,0.0
h_9_3,5965.0,0.0
h_9_2,5965.0,0.0
h_9_1,5965.0,0.0
h_9_0,5965.0,0.0
h_8_9,5965.0,0.0
h_8_8,5965.0,0.0
h_8_7,5965.0,0.0
h_8_6,5965.0,0.0
h_8_5,5965.0,0.0
h_8_4,5965.0,0.0
h_8_3,5965.0,0.0
h_8_2,5965.0,0.0
h_8_1,5965.0,0.0
h_8_0,5965.0,0.0
h_7_9,5965.0,0.0
h_7_8,5965.0,0.0
h_7_7,5965.0,0.0
h_7_6,5965.0,0.0
h_7_5,5965.0,0.0
h_7_4,5965.0,0.0
h_7_3,5965.0,0.0
h_7_2,5965.0,0.0
h_7_1,5965.0,0.0
h_7_0,5965.0,0.0
h_6_9,5965.0,0.0
h_6_8,5965.0,0.0
h_6_7,5965.0,0.0
h_6_6,5965.0,0.0
h_6_5,5965.0,0.0
h_6_4,5965.0,0.0
h_6_3,5965.0,0.0
h_6_2,5965.0,0.0
h_6_1,5965.0,0.0
h_6_0,5965.0,0.0
h_5_9,5965.0,0.0
h_5_8,5965.0,0.0
h_5_7,5965.0,0.0
h_5_6,5965.0,0.0
h_5_5,5965.0,0.0
h_5_4,5965.0,0.0
h_5_3,5965.0,0.0
h_5_2,5965.0,0.0
h_5_1,5965.0,0.0
h_5_0,5965.0,0.0
h_4_9,5965.0,0.0
h_4_8,5965.0,0.0
h_4_7,5965.0,0.0
h_4_6,5965.0,0.0
h_4_5,5965.0,0.0
h_4_4,5965.0,0.0
h_4_3,5965.0,0.0
h_4_2,5965.0,0.0
h_4_1,5965.0,0.0
h_4_0,5965.0,0.0
h_3_9,5965.0,0.0
h_3_8,5965.0,0.0
h_3_7,5965.0,0.0
h_3_6,5965.0,0.0
h_3_5,5965.0,0.0
h_3_4,5965.0,0.0
h_3_3,5965.0,0.0
h_3_2,5965.0,0.0
h_3_1,5965.0,0.0
h_3_0,5965.0,0.0
h_2_9,5965.0,0.0
h_2_8,5965.0,0.0
h_2_7,5965.0,0.0
h_2_6,5965.0,0.0
h_2_5,5965.0,0.0
h_2_4,5965.0,0.0
h_2_3,5965.0,0.0
h_2_2,5965.0,0.0
h_2_1,5965.0,0.0
h_2_0,5965.0,0.0
h_1_9,5965.0,0.0
h_1_8,5965.0,0.0
h_1_7,5965.0,0.0
h_1_6,5965.0,0.0
h_1_5,5965.0,0.0
h_1_4,5965.0,0.0
h_1_3,5965.0,0.0
h_1_2,5965.0,0.0
h_1_1,5965.0,0.0
h_1_0,5965.0,0.0
h_0_9,5965.0,0.0
h_0_8,5965.0,0.0
h_0_7,5965.0,0.0
h_0_6,5965.0,0.0
h_0_5,5965.0,0.0
h_0_4,5965.0,0.0
h_0_3,5965.0,0.0
h_0_2,5965.0,0.0
h_0_1,5965.0,0.0
h_0_0,5965.0,0.0
h_9_9,5970.0,0.0
h_9_8,5970.0,0.0
h_9_7,5970.0,0.0
h_9_6,5970.0,0.0
h_9_5,5970.0,0.0
h_9_4,5970.0,0.0
h_9_3,5970.0,0.0
h_9_2,5970.0,0.0
h_9_1,5970.0,0.0
h_9_0,5970.0,0.0
h_8_9,5970.0,0.0
h_8_8,5970.0,0.0
h_8_7,5970.0,0.0
h_8_6,5970.0,0.0
h_8_5,5970.0,0.0
h_8_4,5970.0,0.16668270833333332
h_8_3,5970.0,0.16668003472222223
h_8_2,5970.0,0.16668671875000002
h_8_1,5970.0,0.1666934027777778
h_8_0,5970.0,0.0
h_7_9,5970.0,0.0
h_7_8,5970.0,0.0
h_7_7,5970.0,0.0
h_7_6,5970.0,0.0
h_7_5,5970.0,0.0
h_7_4,5970.0,0.0
h_7_3,5970.0,0.0
h_7_2,5970.0,0.0
h_7_1,5970.0,0.0
h_7_0,5970.0,0.0
h_6_9,5970.0,0.0
h_6_8,5970.0,0.0
h_6_7,5970.0,0.0
h_6_6,5970.0,0.0
h_6_5,5970.0,0.0
h_6_4,5970.0,0.0
h_6_3,5970.0,0.0
h_6_2,5970.0,0.0
h_6_1,5970.0,0.0
h_6_0,5970.0,0.0
h_5_9,5970.0,0.0
h_5_8,5970.0,0.0
h_5_7,5970.0,0.0
h_5_6,5970.0,0.0
h_5_5,5970.0,0.0
h_5_4,5970.0,0.0
h_5_3,5970.0,0.0
h_5_2,5970.0,0.0
h_5_1,5970.0,0.0
h_5_0,5970.0,0.0
h_4_9,5970.0,0.0
h_4_8,5970.0,0.0
h_4_7,5970.0,0.0
h_4_6,5970.0,0.0
h_4_5,5970.0,0.0
h_4_4,5970.0,0.0
h_4_3,5970.0,0.0
h_4_2,5970.0,0.0
h_4_1,5970.0,0.0
h_4_0,5970.0,0.0
h_3_9,5970.0,0.0
h_3_8,5970.0,0.0
h_3_7,5970.0,0.0
h_3_6,5970.0,0.0
h_3_5,5970.0,0.0
h_3_4,5970.0,0.0
h_3_3,5970.0,0.0
h_3_2,5970.0,0.0
h_3_1,5970.0,0.0
h_3_0,5970.0,0.0
h_2_9,5970.0,0.0
h_2_8,5970.0,0.0
h_2_7,5970.0,0.0
h_2_6,5970.0,0.0
h_2_5,5970.0,0.0
h_2_4,5970.0,0.0
h_2_3,5970.0,0.0
h_2_2,5970.0,0.0
h_2_1,5970.0,0.0
h_2_0,5970.0,0.0
h_1_9,5970.0,0.0
h_1_8,5970.0,0.0
h_1_7,5970.0,0.0
h_1_6,5970.0,0.0
h_1_5,5970.0,0.0
h_1_4,5970.0,0.0
h_1_3,5970.0,0.0
h_1_2,5970.0,0.0
h_1_1,5970.0,0.0
h_1_0,5970.0,0.0
h_0_9,5970.0,0.0
h_0_8,5970.0,0.0
h_0_7,5970.0,0.0
h_0_6,5970.0,0.0
h_0_5,5970.0,0.0
h_0_4,5970.0,0.0
h_0_3,5970.0,0.0
h_0_2,5970.0,0.0
h_0_1,5970.0,0.0
h_0_0,5970.0,0.0
h_9_9,6719.0,0.0
h_9_8,6719.0,0.0
h_9_7,6719.0,0.0
h_9_6,6719.0,0.0
h_9_5,6719.0,0.0
h_9_4,6719.0,0.0
h_9_3,6719.0,0.0
h_9_2,6719.0,0.0
h_9_1,6719.0,0.0
h_9_0,6719.0,0.0
h_8_9,6719.0,0.0
h_8_8,6719.0,0.0
h_8_7,6719.0,0.0
h_8_6,6719.0,0.0
h_8_5,6719.0,0.0
h_8_4,6719.0,0.0
h_8_3,6719.0,0.0
h_8_2,6719.0,0.0
h_8_1,6719.0,0.0
h_8_0,6719.0,0.0
h_7_9,6719.0,0.0
h_7_8,6719.0,0.0
h_7_7,6719.0,0.0
h_7_6,6719.0,0.0
h_7_5,6719.0,0.0
h_7_4,6719.0,0.0
h_7_3,6719.0,0.0
h_7_2,6719.0,0.0
h_7_1,6719.0,0.0
h_7_0,6719.0,0.0
h_6_9,6719.0,0.0
h_6_8,6719.0,0.0
h_6_7,6719.0,0.0
h_6_6,6719.0,0.0
h_6_5,6719.0,0.0
h_6_4,6719.0,0.0
h_6_3,6719.0,0.0
h_6_2,6719.0,0.0
h_6_1,6719.0,0.0
h_6_0,6719.0,0.0
h_5_9,6719.0,0.0
h_5_8,6719.0,0.0
h_5_7,6719.0,0.0
h_5_6,6719.0,0.0
h_5_5,6719.0,0.0
h_5_4,6719.0,0.0
h_5_3,6719.0,0.0
h_5_2,6719.0,0.0
h_5_1,6719.0,0.0
h_5_0,6719.0,0.0
h_4_9,6719.0,0.0
h_4_8,6719.0,0.0
h_4_7,6719.0,0.0
h_4_6,6719.0,0.0
h_4_5,6719.0,0.0
h_4_4,6719.0,0.0
h_4_3,6719.0,0.0
h_4_2,6719.0,0.0
h_4_1,6719.0,0.0
h_4_0,6719.0,0.0
h_3_9,6719.0,0.0
h_3_8,6719.0,0.0
h_3_7,6719.0,0.0
h_3_6,6719.0,0.0
h_3_5,6719.0,0.0
h_3_4,6719.0,0.0
h_3_3,6719.0,0.0
h_3_2,6719.0,0.0
h_3_1,6719.0,0.0
h_3_0,6719.0,0.0
h_2_9,6719.0,0.0
h_2_8,6719.0,0.0
h_2_7,6719.0,0.0
h_2_6,6719.0,0.0
h_2_5,6719.0,0.0
h_2_4,6719.0,0.0
h_2_3,6719.0,0.0
h_2_2,6719.0,0.0
h_2_1,6719.0,0.0
h_2_0,6719.0,0.0
h_1_9,6719.0,0.0
h_1_8,6719.0,0.0
h_1_7,6719.0,0.0
h_1_6,6719.0,0.0
h_1_5,6719.0,0.0
h_1_4,6719.0,0.0
h_1_3,6719.0,0.0
h_1_2,6719.0,0.0
h_1_1,6719.0,0.0
h_1_0,6719.0,0.0
h_0_9,6719.0,0.0
h_0_8,6719.0,0.0
h_0_7,6719.0,0.0
h_0_6,6719.0,0.0
h_0_5,6719.0,0.0
h_0_4,6719.0,0.0
h_0_3,6719.0,0.0
h_0_2,6719.0,0.0
h_0_1,6719.0,0.0
h_0_0,6719.0,0.0
h_9_9,6724.0,0.0
h_9_8,6724.0,0.0
h_9_7,6724.0,0.0
h_9_6,6724.0,0.0
h_9_5,6724.0,0.0
h_9_4,6724.0,0.0
h_9_3,6724.0,0.0
h_9_2,6724.0,0.0
h_9_1,6724.0,0.0
h_9_0,6724.0,0.0
h_8_9,6724.0,0.0
h_8_8,6724.0,0.0
h_8_7,6724.0,0.0
h_8_6,6724.0,0.0
h_8_5,6724.0,0.0
h_8_4,6724.0,0.0
h_8_3,6724.0,0.0
h_8_2,6724.0,0.0
h_8_1,6724.0,0.0
h_8_0,6724.0,0.16667669270833335
h_7_9,6724.0,0.16668003472222223
h_7_8,6724.0,0.0
h_7_7,6724.0,0.0
h_7_6,6724.0,0.0
h_7_5,6724.0,0.0
h_7_4,6724.0,0.0
h_7_3,6724.0,0.0
h_7_2,6724.0,0.0
h_7_1,6724.0,0.0
h_7_0,6724.0,0.0
h_6_9,6724.0,0.0
h_6_8,6724.0,0.0
h_6_7,6724.0,0.0
h_6_6,6724.0,0.0
h_6_5,6724.0,0.0
h_6_4,6724.0,0.0
h_6_3,6724.0,0.0
h_6_2,6724.0,0.0
h_6_1,6724.0,0.0
h_6_0,6724.0,0.0
h_5_9,6724.0,0.0
h_5_8,6724.0,0.0
h_5_7,6724.0,0.0
h_5_6,6724.0,0.0
h_5_5,6724.0,0.0
h_5_4,6724.0,0.0
h_5_3,6724.0,0.0
h_5_2,6724.0,0.0
h_5_1,6724.0,0.0
h_5_0,6724.0,0.0
h_4_9,6724.0,0.0
h_4_8,6724.0,0.0
h_4_7,6724.0,0.0
h_4_6,6724.0,0.0
h_4_5,6724.0,0.0
h_4_4,6724.0,0.0
h_4_3,6724.0,0.0
h_4_2,6724.0,0.0
h_4_1,6724.0,0.0
h_4_0,6724.0,0.0
h_3_9,6724.0,0.0
h_3_8,6724.0,0.0
h_3_7,6724.0,0.0
h_3_6,6724.0,0.0
h_3_5,6724.0,0.0
h_3_4,6724.0,0.0
h_3_3,6724.0,0.0
h_3_2,6724.0,0.0
h_3_1,6724.0,0.0
h_3_0,6724.0,0.0
h_2_9,6724.0,0.0
h_2_8,6724.0,0.0
h_2_7,6724.0,0.0
h_2_6,6724.0,0.0
h_2_5,6724.0,0.0
h_2_4,6724.0,0.0
h_2_3,6724.0,0.0
h_2_2,6724.0,0.0
h_2_1,6724.0,0.0
h_2_0,6724.0,0.0
h_1_9,6724.0,0.0
h_1_8,6724.0,0.0
h_1_7,6724.0,0.0
h_1_6,6724.0,0.0
h_1_5,6724.0,0.0
h_1_4,6724.0,0.0
h_1_3,6724.0,0.0
h_1_2,6724.0,0.0
h_1_1,6724.0,0.0
h_1_0,6724.0,0.0
h_0_9,6724.0,0.0
h_0_8,6724.0,0.0
h_0_7,6724.0,0.0
h_0_6,6724.0,0.0
h_0_5,6724.0,0.0
h_0_4,6724.0,0.0
h_0_3,6724.0,0.0
h_0_2,6724.0,0.0
h_0_1,6724.0,0.0
h_0_0,6724.0,0.0
h_9_9,6919.0,0.0
h_9_8,6919.0,0.0
h_9_7,6919.0,0.0
h_9_6,6919.0,0.0
h_9_5,6919.0,0.0
h_9_4,6919.0,0.0
h_9_3,6919.0,0.0
h_9_2,6919.0,0.0
h_9_1,6919.0,0.0
h_9_0,6919.0,0.0
h_8_9,6919.0,0.0
h_8_8,6919.0,0.0
h_8_7,6919.0,0.0
h_8_6,6919.0,0.0
h_8_5,6919.0,0.0
h_8_4,6919.0,0.0
h_8_3,6919.0,0.0
h_8_2,6919.0,0.0
h_8_1,6919.0,0.0
h_8_0,6919.0,0.0
h_7_9,6919.0,0.0
h_7_8,6919.0,0.0
h_7_7,6919.0,0.0
h_7_6,6919.0,0.0
h_7_5,6919.0,0.0
h_7_4,6919.0,0.0
h_7_3,6919.0,0.0
h_7_2,6919.0,0.0
h_7_1,6919.0,0.0
h_7_0,6919.0,0.0
h_6_9,6919.0,0.0
h_6_8,6919.0,0.0
h_6_7,6919.0,0.0
h_6_6,6919.0,0.0
h_6_5,6919.0,0.0
h_6_4,6919.0,0.0
h_6_3,6919.0,0.0
h_6_2,6919.0,0.0
h_6_1,6919.0,0.0
h_6_0,6919.0,0.0
h_5_9,6919.0,0.0
h_5_8,6919.0,0.0
h_5_7,6919.0,0.0
h_5_6,6919.0,0.0
h_5_5,6919.0,0.0
h_5_4,6919.0,0.0
h_5_3,6919.0,0.0
h_5_2,6919.0,0.0
h_5_1,6919.0,0.0
h_5_0,6919.0,0.0
h_4_9,6919.0,0.0
h_4_8,6919.0,0.0
h_4_7,6919.0,0.0
h_4_6,6919.0,0.0
h_4_5,6919.0,0.0
h_4_4,6919.0,0.0
h_4_3,6919.0,0.0
h_4_2,6919.0,0.0
h_4_1,6919.0,0.0
h_4_0,6919.0,0.0
h_3_9,6919.0,0.0
h_3_8,6919.0,0.0
h_3_7,6919.0,0.0
h_3_6,6919.0,0.0
h_3_5,6919.0,0.0
h_3_4,6919.0,0.0
h_3_3,6919.0,0.0
h_3_2,6919.0,0.0
h_3_1,6919.0,0.0
h_3_0,6919.0,0.0
h_2_9,6919.0,0.0
h_2_8,6919.0,0.0
h_2_7,6919.0,0.0
h_2_6,6919.0,0.0
h_2_5,6919.0,0.0
h_2_4,6919.0,0.0
h_2_3,6919.0,0.0
h_2_2,6919.0,0.0
h_2_1,6919.0,0.0
h_2_0,6919.0,0.0
h_1_9,6919.0,0.0
h_1_8,6919.0,0.0
h_1_7,6919.0,0.0
h_1_6,6919.0,0.0
h_1_5,6919.0,0.0
h_1_4,6919.0,0.0
h_1_3,6919.0,0.0
h_1_2,6919.0,0.0
h_1_1,6919.0,0.0
h_1_0,6919.0,0.0
h_0_9,6919.0,0.0
h_0_8,6919.0,0.0
h_0_7,6919.0,0.0
h_0_6,6919.0,0.0
h_0_5,6919.0,0.0
h_0_4,6919.0,0.0
h_0_3,6919.0,0.0
h_0_2,6919.0,0.0
h_0_1,6919.0,0.0
h_0_0,6919.0,0.0
h_9_9,6924.0,0.0
h_9_8,6924.0,0.0
h_9_7,6924.0,0.0
h_9_6,6924.0,0.0
h_9_5,6924.0,0.0
h_9_4,6924.0,0.0
h_9_3,6924.0,0.0
h_9_2,6924.0,0.0
h_9_1,6924.0,0.0
h_9_0,6924.0,0.0
h_8_9,6924.0,0.0
h_8_8,6924.0,0.0
h_8_7,6924.0,0.0
h_8_6,6924.0,0.0
h_8_5,6924.0,0.0
h_8_4,6924.0,0.0
h_8_3,6924.0,0.0
h_8_2,6924.0,0.0
h_8_1,6924.0,0.0
h_8_0,6924.0,0.0
h_7_9,6924.0,0.0
h_7_8,6924.0,0.16668270833333332
h_7_7,6924.0,0.16668671875000002
h_7_6,6924.0,0.16668003472222223
h_7_5,6924.0,0.0
h_7_4,6924.0,0.0
h_7_3,6924.0,0.0
h_7_2,6924.0,0.0
h_7_1,6924.0,0.0
h_7_0,6924.0,0.0
h_6_9,6924.0,0.0
h_6_8,6924.0,0.0
h_6_7,6924.0,0.0
h_6_6,6924.0,0.0
h_6_5,6924.0,0.0
h_6_4,6924.0,0.0
h_6_3,6924.0,0.0
h_6_2,6924.0,0.0
h_6_1,6924.0,0.0
h_6_0,6924.0,0.0
h_5_9,6924.0,0.0
h_5_8,6924.0,0.0
h_5_7,6924.0,0.0
h_5_6,6924.0,0.0
h_5_5,6924.0,0.0
h_5_4,6924.0,0.0
h_5_3,6924.0,0.0
h_5_2,6924.0,0.0
h_5_1,6924.0,0.0
h_5_0,6924.0,0.0
h_4_9,6924.0,0.0
h_4_8,6924.0,0.0
h_4_7,6924.0,0.0
h_4_6,6924.0,0.0
h_4_5,6924.0,0.0
h_4_4,6924.0,0.0
h_4_3,6924.0,0.0
h_4_2,6924.0,0.0
h_4_1,6924.0,0.0
h_4_0,6924.0,0.0
h_3_9,6924.0,0.0
h_3_8,6924.0,0.0
h_3_7,6924.0,0.0
h_3_6,6924.0,0.0
h_3_5,6924.0,0.0
h_3_4,6924.0,0.0
h_3_3,6924.0,0.0
h_3_2,6924.0,0.0
h_3_1,6924.0,0.0
h_3_0,6924.0,0.0
h_2_9,6924.0,0.0
h_2_8,6924.0,0.0
h_2_7,6924.0,0.0
h_2_6,6924.0,0.0
h_2_5,6924.0,0.0
h_2_4,6924.0,0.0
h_2_3,6924.0,0.0
h_2_2,6924.0,0.0
h_2_1,6924.0,0.0
h_2_0,6924.0,0.0
h_1_9,6924.0,0.0
h_1_8,6924.0,0.0
h_1_7,6924.0,0.0
h_1_6,6924.0,0.0
h_1_5,6924.0,0.0
h_1_4,6924.0,0.0
h_1_3,6924.0,0.0
h_1_2,6924.0,0.0
h_1_1,6924.0,0.0
h_1_0,6924.0,0.0
h_0_9,6924.0,0.0
h_0_8,6924.0,0.0
h_0_7,6924.0,0.0
h_0_6,6924.0,0.0
h_0_5,6924.0,0.0
h_0_4,6924.0,0.0
h_0_3,6924.0,0.0
h_0_2,6924.0,0.0
h_0_1,6924.0,0.0
h_0_0,6924.0,0.0
h_9_9,8677.0,0.0
h_9_8,8677.0,0.0
h_9_7,8677.0,0.0
h_9_6,8677.0,0.0
h_9_5,8677.0,0.0
h_9_4,8677.0,0.0
h_9_3,8677.0,0.0
h_9_2,8677.0,0.0
h_9_1,8677.0,0.0
h_9_0,8677.0,0.0
h_8_9,8677.0,0.0
h_8_8,8677.0,0.0
h_8_7,8677.0,0.0
h_8_6,8677.0,0.0
h_8_5,8677.0,0.0
h_8_4,8677.0,0.0
h_8_3,8677.0,0.0
h_8_2,8677.0,0.0
h_8_1,8677.0,0.0
h_8_0,8677.0,0.0
h_7_9,8677.0,0.0
h_7_8,8677.0,0.0
h_7_7,8677.0,0.0
h_7_6,8677.0,0.0
h_7_5,8677.0,0.0
h_7_4,8677.0,0.0
h_7_3,8677.0,0.0
h_7_2,8677.0,0.0
h_7_1,8677.0,0.0
h_7_0,8677.0,0.0
h_6_9,8677.0,0.0
h_6_8,8677.0,0.0
h_6_7,8677.0,0.0
h_6_6,8677.0,0.0
h_6_5,8677.0,0.0
h_6_4,8677.0,0.0
h_6_3,8677.0,0.0
h_6_2,8677.0,0.0
h_6_1,8677.0,0.0
h_6_0,8677.0,0.0
h_5_9,8677.0,0.0
h_5_8,8677.0,0.0
h_5_7,8677.0,0.0
h_5_6,8677.0,0.0
h_5_5,8677.0,0.0
h_5_4,8677.0,0.0
h_5_3,8677.0,0.0
h_5_2,8677.0,0.0
h_5_1,8677.0,0.0
h_5_0,8677.0,0.0
h_4_9,8677.0,0.0
h_4_8,8677.0,0.0
h_4_7,8677.0,0.0
h_4_6,8677.0,0.0
h_4_5,8677.0,0.0
h_4_4,8677.0,0.0
h_4_3,8677.0,0.0
h_4_2,8677.0,0.0
h_4_1,8677.0,0.0
h_4_0,8677.0,0.0
h_3_9,8677.0,0.0
h_3_8,8677.0,0.0
h_3_7,8677.0,0.0
h_3_6,8677.0,0.0
h_3_5,8677.0,0.0
h_3_4,8677.0,0.0
h_3_3,8677.0,0.0
h_3_2,8677.0,0.0
h_3_1,8677.0,0.0
h_3_0,8677.0,0.0
h_2_9,8677.0,0.0
h_2_8,8677.0,0.0
h_2_7,8677.0,0.0
h_2_6,8677.0,0.0
h_2_5,8677.0,0.0
h_2_4,8677.0,0.0
h_2_3,8677.0,0.0
h_2_2,8677.0,0.0
h_2_1,8677.0,0.0
h_2_0,8677.0,0.0
h_1_9,8677.0,0.0
h_1_8,8677.0,0.0
h_1_7,8677.0,0.0
h_1_6,8677.0,0.0
h_1_5,8677.0,0.0
h_1_4,8677.0,0.0
h_1_3,8677.0,0.0
h_1_2,8677.0,0.0
h_1_1,8677.0,0.0
h_1_0,8677.0,0.0
h_0_9,8677.0,0.0
h_0_8,8677.0,0.0
h_0_7,8677.0,0.0
h_0_6,8677.0,0.0
h_0_5,8677.0,0.0
h_0_4,8677.0,0.0
h_0_3,8677.0,0.0
h_0_2,8677.0,0.0
h_0_1,8677.0,0.0
h_0_0,8677.0,0.0
h_9_9,8682.0,0.0
h_9_8,8682.0,0.0
h_9_7,8682.0,0.0
h_9_6,8682.0,0.0
h_9_5,8682.0,0.0
h_9_4,8682.0,0.0
h_9_3,8682.0,0.0
h_9_2,8682.0,0.0
h_9_1,8682.0,0.0
h_9_0,8682.0,0.0
h_8_9,8682.0,0.0
h_8_8,8682.0,0.0
h_8_7,8682.0,0.0
h_8_6,8682.0,0.0
h_8_5,8682.0,0.0
h_8_4,8682.0,0.0
h_8_3,8682.0,0.0
h_8_2,8682.0,0.0
h_8_1,8682.0,0.0
h_8_0,8682.0,0.0
h_7_9,8682.0,0.0
h_7_8,8682.0,0.0
h_7_7,8682.0,0.0
h_7_6,8682.0,0.0
h_7_5,8682.0,0.0
h_7_4,8682.0,0.16668270833333332
h_7_3,8682.0,0.16668003472222223
h_7_2,8682.0,0.16668671875000002
h_7_1,8682.0,0.1666934027777778
h_7_0,8682.0,0.0
h_6_9,8682.0,0.0
h_6_8,8682.0,0.0
h_6_7,8682.0,0.0
h_6_6,8682.0,0.0
h_6_5,8682.0,0.0
h_6_4,8682.0,0.0
h_6_3,8682.0,0.0
h_6_2,8682.0,0.0
h_6_1,8682.0,0.0
h_6_0,8682.0,0.0
h_5_9,8682.0,0.0
h_5_8,8682.0,0.0
h_5_7,8682.0,0.0
h_5_6,8682.0,0.0
h_5_5,8682.0,0.0
h_5_4,8682.0,0.0
h_5_3,8682.0,0.0
h_5_2,8682.0,0.0
h_5_1,8682.0,0.0
h_5_0,8682.0,0.0
h_4_9,8682.0,0.0
h_4_8,8682.0,0.0
h_4_7,8682.0,0.0
h_4_6,8682.0,0.0
h_4_5,8682.0,0.0
h_4_4,8682.0,0.0
h_4_3,8682.0,0.0
h_4_2,8682.0,0.0
h_4_1,8682.0,0.0
h_4_0,8682.0,0.0
h_3_9,8682.0,0.0
h_3_8,8682.0,0.0
h_3_7,8682.0,0.0
h_3_6,8682.0,0.0
h_3_5,8682.0,0.0
h_3_4,8682.0,0.0
h_3_3,8682.0,0.0
h_3_2,8682.0,0.0
h_3_1,8682.0,0.0
h_3_0,8682.0,0.0
h_2_9,8682.0,0.0
h_2_8,8682.0,0.0
h_2_7,8682.0,0.0
h_2_6,8682.0,0.0
h_2_5,8682.0,0.0
h_2_4,8682.0,0.0
h_2_3,8682.0,0.0
h_2_2,8682.0,0.0
h_2_1,8682.0,0.0
h_2_0,8682.0,0.0
h_1_9,8682.0,0.0
h_1_8,8682.0,0.0
h_1_7,8682.0,0.0
h_1_6,8682.0,0.0
h_1_5,8682.0,0.0
h_1_4,8682.0,0.0
h_1_3,8682.0,0.0
h_1_2,8682.0,0.0
h_1_1,8682.0,0.0
h_1_0,8682.0,0.0
h_0_9,8682.0,0.0
h_0_8,8682.0,0.0
h_0_7,8682.0,0.0
h_0_6,8682.0,0.0
h_0_5,8682.0,0.0
h_0_4,8682.0,0.0
h_0_3,8682.0,0.0
h_0_2,8682.0,0.0
h_0_1,8682.0,0.0
h_0_0,8682.0,0.0
h_9_9,9417.0,0.0
h_9_8,9417.0,0.0
h_9_7,9417.0,0.0
h_9_6,9417.0,0.0
h_9_5,9417.0,0.0
h_9_4,9417.0,0.0
h_9_3,9417.0,0.0
h_9_2,9417.0,0.0
h_9_1,9417.0,0.0
h_9_0,9417.0,0.0
h_8_9,9417.0,0.0
h_8_8,9417.0,0.0
h_8_7,9417.0,0.0
h_8_6,9417.0,0.0
h_8_5,9417.0,0.0
h_8_4,9417.0,0.0
h_8_3,9417.0,0.0
h_8_2,9417.0,0.0
h_8_1,9417.0,0.0
h_8_0,9417.0,0.0
h_7_9,9417.0,0.0
h_7_8,9417.0,0.0
h_7_7,9417.0,0.0
h_7_6,9417.0,0.0
h_7_5,9417.0,0.0
h_7_4,9417.0,0.0
h_7_3,9417.0,0.0
h_7_2,9417.0,0.0
h_7_1,9417.0,0.0
h_7_0,9417.0,0.0
h_6_9,9417.0,0.0
h_6_8,9417.0,0.0
h_6_7,9417.0,0.0
h_6_6,9417.0,0.0
h_6_5,9417.0,0.0
h_6_4,9417.0,0.0
h_6_3,9417.0,0.0
h_6_2,9417.0,0.0
h_6_1,9417.0,0.0
h_6_0,9417.0,0.0
h_5_9,9417.0,0.0
h_5_8,9417.0,0.0
h_5_7,9417.0,0.0
h_5_6,9417.0,0.0
h_5_5,9417.0,0.0
h_5_4,9417.0,0.0
h_5_3,9417.0,0.0
h_5_2,9417.0,0.0
h_5_1,9417.0,0.0
h_5_0,9417.0,0.0
h_4_9,9417.0,0.0
h_4_8,9417.0,0.0
h_4_7,9417.0,0.0
h_4_6,9417.0,0.0
h_4_5,9417.0,0.0
h_4_4,9417.0,0.0
h_4_3,9417.0,0.0
h_4_2,9417.0,0.0
h_4_1,9417.0,0.0
h_4_0,9417.0,0.0
h_3_9,9417.0,0.0
h_3_8,9417.0,0.0
h_3_7,9417.0,0.0
h_3_6,9417.0,0.0
h_3_5,9417.0,0.0
h_3_4,9417.0,0.0
h_3_3,9417.0,0.0
h_3_2,9417.0,0.0
h_3_1,9417.0,0.0
h_3_0,9417.0,0.0
h_2_9,9417.0,0.0
h_2_8,9417.0,0.0
h_2_7,9417.0,0.0
h_2_6,9417.0,0.0
h_2_5,9417.0,0.0
h_2_4,9417.0,0.0
h_2_3,9417.0,0.0
h_2_2,9417.0,0.0
h_2_1,9417.0,0.0
h_2_0,9417.0,0.0
h_1_9,9417.0,0.0
h_1_8,9417.0,0.0
h_1_7,9417.0,0.0
h_1_6,9417.0,0.0
h_1_5,9417.0,0.0
h_1_4,9417.0,0.0
h_1_3,9417.0,0.0
h_1_2,9417.0,0.0
h_1_1,9417.0,0.0
h_1_0,9417.0,0.0
h_0_9,9417.0,0.0
h_0_8,9417.0,0.0
h_0_7,9417.0,0.0
h_0_6,9417.0,0.0
h_0_5,9417.0,0.0
h_0_4,9417.0,0.0
h_0_3,9417.0,0.0
h_0_2,9417.0,0.0
h_0_1,9417.0,0.0
h_0_0,9417.0,0.0
h_9_9,9422.0,0.0
h_9_8,9422.0,0.0
h_9_7,9422.0,0.0
h_9_6,9422.0,0.0
h_9_5,9422.0,0.0
h_9_4,9422.0,0.0
h_9_3,9422.0,0.0
h_9_2,9422.0,0.0
h_9_1,9422.0,0.0
h_9_0,9422.0,0.0
h_8_9,9422.0,0.0
h_8_8,9422.0,0.0
h_8_7,9422.0,0.0
h_8_6,9422.0,0.0
h_8_5,9422.0,0.0
h_8_4,9422.0,0.0
h_8_3,9422.0,0.0
h_8_2,9422.0,0.0
h_8_1,9422.0,0.0
h_8_0,9422.0,0.0
h_7_9,9422.0,0.0
h_7_8,9422.0,0.0
h_7_7,9422.0,0.0
h_7_6,9422.0,0.0
h_7_5,9422.0,0.0
h_7_4,9422.0,0.0
h_7_3,9422.0,0.0
h_7_2,9422.0,0.0
h_7_1,9422.0,0.0
h_7_0,9422.0,0.16668270833333332
h_6_9,9422.0,0.16668671875000002
h_6_8,9422.0,0.16668003472222223
h_6_7,9422.0,0.0
h_6_6,9422.0,0.0
h_6_5,9422.0,0.0
h_6_4,9422.0,0.0
h_6_3,9422.0,0.0
h_6_2,9422.0,0.0
h_6_1,9422.0,0.0
h_6_0,9422.0,0.0
h_5_9,9422.0,0.0
h_5_8,9422.0,0.0
h_5_7,9422.0,0.0
h_5_6,9422.0,0.0
h_5_5,9422.0,0.0
h_5_4,9422.0,0.0
h_5_3,9422.0,0.0
h_5_2,9422.0,0.0
h_5_1,9422.0,0.0
h_5_0,9422.0,0.0
h_4_9,9422.0,0.0
h_4_8,9422.0,0.0
h_4_7,9422.0,0.0
h_4_6,9422.0,0.0
h_4_5,9422.0,0.0
h_4_4,9422.0,0.0
h_4_3,9422.0,0.0
h_4_2,9422.0,0.0
h_4_1,9422.0,0.0
h_4_0,9422.0,0.0
h_3_9,9422.0,0.0
h_3_8,9422.0,0.0
h_3_7,9422.0,0.0
h_3_6,9422.0,0.0
h_3_5,9422.0,0.0
h_3_4,9422.0,0.0
h_3_3,9422.0,0.0
h_3_2,9422.0,0.0
h_3_1,9422.0,0.0
h_3_0,9422.0,0.0
h_2_9,9422.0,0.0
h_2_8,9422.0,0.0
h_2_7,9422.0,0.0
h_2_6,9422.0,0.0
h_2_5,9422.0,0.0
h_2_4,9422.0,0.0
h_2_3,9422.0,0.0
h_2_2,9422.0,0.0
h_2_1,9422.0,0.0
h_2_0,9422.0,0.0
h_1_9,9422.0,0.0
h_1_8,9422.0,0.0
h_1_7,9422.0,0.0
h_1_6,9422.0,0.0
h_1_5,9422.0,0.0
h_1_4,9422.0,0.0
h_1_3,9422.0,0.0
h_1_2,9422.0,0.0
h_1_1,9422.0,0.0
h_1_0,9422.0,0.0
h_0_9,9422.0,0.0
h_0_8,9422.0,0.0
h_0_7,9422.0,0.0
h_0_6,9422.0,0.0
h_0_5,9422.0,0.0
h_0_4,9422.0,0.0
h_0_3,9422.0,0.0
h_0_2,9422.0,0.0
h_0_1,9422.0,0.0
h_0_0,9422.0,0.0
h_9_9,16997.0,0.0
h_9_8,16997.0,0.0
h_9_7,16997.0,0.0
h_9_6,16997.0,0.0
h_9_5,16997.0,0.0
h_9_4,16997.0,0.0
h_9_3,16997.0,0.0
h_9_2,16997.0,0.0
h_9_1,16997.0,0.0
h_9_0,16997.0,0.0
h_8_9,16997.0,0.0
h_8_8,16997.0,0.0
h_8_7,16997.0,0.0
h_8_6,16997.0,0.0
h_8_5,16997.0,0.0
h_8_4,16997.0,0.0
h_8_3,16997.0,0.0
h_8_2,16997.0,0.0
h_8_1,16997.0,0.0
h_8_0,16997.0,0.0
h_7_9,16997.0,0.0
h_7_8,16997.0,0.0
h_7_7,16997.0,0.0
h_7_6,16997.0,0.0
h_7_5,16997.0,0.0
h_7_4,16997.0,0.0
h_7_3,16997.0,0.0
h_7_2,16997.0,0.0
h_7_1,16997.0,0.0
h_7_0,16997.0,0.0
h_6_9,16997.0,0.0
h_6_8,16997.0,0.0
h_6_7,16997.0,0.0
h_6_6,16997.0,0.0
h_6_5,16997.0,0.0
h_6_4,16997.0,0.0
h_6_3,16997.0,0.0
h_6_2,16997.0,0.0
h_6_1,16997.0,0.0
h_6_0,16997.0,0.0
h_5_9,16997.0,0.0
h_5_8,16997.0,0.0
h_5_7,16997.0,0.0
h_5_6,16997.0,0.0
h_5_5,16997.0,0.0
h_5_4,16997.0,0.0
h_5_3,16997.0,0.0
h_5_2,16997.0,0.0
h_5_1,16997.0,0.0
h_5_0,16997.0,0.0
h_4_9,16997.0,0.0
h_4_8,16997.0,0.0
h_4_7,16997.0,0.0
h_4_6,16997.0,0.0
h_4_5,16997.0,0.0
h_4_4,16997.0,0.0
h_4_3,16997.0,0.0
h_4_2,16997.0,0.0
h_4_1,16997.0,0.0
h_4_0,16997.0,0.0
h_3_9,16997.0,0.0
h_3_8,16997.0,0.0
h_3_7,16997.0,0.0
h_3_6,16997.0,0.0
h_3_5,16997.0,0.0
h_3_4,16997.0,0.0
h_3_3,16997.0,0.0
h_3_2,16997.0,0.0
h_3_1,16997.0,0.0
h_3_0,16997.0,0.0
h_2_9,16997.0,0.0
h_2_8,16997.0,0.0
h_2_7,16997.0,0.0
h_2_6,16997.0,0.0
h_2_5,16997.0,0.0
h_2_4,16997.0,0.0
h_2_3,16997.0,0.0
h_2_2,16997.0,0.0
h_2_1,16997.0,0.0
h_2_0,16997.0,0.0
h_1_9,16997.0,0.0
h_1_8,16997.0,0.0
h_1_7,16997.0,0.0
h_1_6,16997.0,0.0
h_1_5,16997.0,0.0
h_1_4,16997.0,0.0
h_1_3,16997.0,0.0
h_1_2,16997.0,0.0
h_1_1,16997.0,0.0
h_1_0,16997.0,0.0
h_0_9,16997.0,0.0
h_0_8,16997.0,0.0
h_0_7,16997.0,0.0
h_0_6,16997.0,0.0
h_0_5,16997.0,0.0
h_0_4,16997.0,0.0
h_0_3,16997.0,0.0
h_0_2,16997.0,0.0
h_0_1,16997.0,0.0
h_0_0,16997.0,0.0
h_9_9,17002.0,0.0
h_9_8,17002.0,0.0
h_9_7,17002.0,0.0
h_9_6,17002.0,0.0
h_9_5,17002.0,0.0
h_9_4,17002.0,0.0
h_9_3,17002.0,0.0
h_9_2,17002.0,0.0
h_9_1,17002.0,0.0
h_9_0,17002.0,0.0
h_8_9,17002.0,0.0
h_8_8,17002.0,0.0
h_8_7,17002.0,0.0
h_8_6,17002.0,0.0
h_8_5,17002.0,0.0
h_8_4,17002.0,0.0
h_8_3,17002.0,0.0
h_8_2,17002.0,0.0
h_8_1,17002.0,0.0
h_8_0,17002.0,0.0
h_7_9,17002.0,0.0
h_7_8,17002.0,0.0
h_7_7,17002.0,0.0
h_7_6,17002.0,0.0
h_7_5,17002.0,0.0
h_7_4,17002.0,0.0
h_7_3,17002.0,0.0
h_7_2,17002.0,0.0
h_7_1,17002.0,0.0
h_7_0,17002.0,0.0
h_6_9,17002.0,0.0
h_6_8,17002.0,0.0
h_6_7,17002.0,0.16668270833266494
h_6_6,17002.0,0.16668671874866317
h_6_5,17002.0,0.16668003472155382
h_6_4,17002.0,0.0
h_6_3,17002.0,0.0
h_6_2,17002.0,0.0
h_6_1,17002.0,0.0
h_6_0,17002.0,0.0
h_5_9,17002.0,0.0
h_5_8,17002.0,0.0
h_5_7,17002.0,0.0
h_5_6,17002.0,0.0
h_5_5,17002.0,0.0
h_5_4,17002.0,0.0
h_5_3,17002.0,0.0
h_5_2,17002.0,0.0
h_5_1,17002.0,0.0
h_5_0,17002.0,0.0
h_4_9,17002.0,0.0
h_4_8,17002.0,0.0
h_4_7,17002.0,0.0
h_4_6,17002.0,0.0
h_4_5,17002.0,0.0
h_4_4,17002.0,0.0
h_4_3,17002.0,0.0
h_4_2,17002.0,0.0
h_4_1,17002.0,0.0
h_4_0,17002.0,0.0
h_3_9,17002.0,0.0
h_3_8,17002.0,0.0
h_3_7,17002.0,0.0
h_3_6,17002.0,0.0
h_3_5,17002.0,0.0
h_3_4,17002.0,0.0
h_3_3,17002.0,0.0
h_3_2,17002.0,0.0
h_3_1,17002.0,0.0
h_3_0,17002.0,0.0
h_2_9,17002.0,0.0
h_2_8,17002.0,0.0
h_2_7,17002.0,0.0
h_2_6,17002.0,0.0
h_2_5,17002.0,0.0
h_2_4,17002.0,0.0
h_2_3,17002.0,0.0
h_2_2,17002.0,0.0
h_2_1,17002.0,0.0
h_2_0,17002.0,0.0
h_1_9,17002.0,0.0
h_1_8,17002.0,0.0
h_1_7,17002.0,0.0
h_1_6,17002.0,0.0
h_1_5,17002.0,0.0
h_1_4,17002.0,0.0
h_1_3,17002.0,0.0
h_1_2,17002.0,0.0
h_1_1,17002.0,0.0
h_1_0,17002.0,0.0
h_0_9,17002.0,0.0
h_0_8,17002.0,0.0
h_0_7,17002.0,0.0
h_0_6,17002.0,0.0
h_0_5,17002.0,0.0
h_0_4,17002.0,0.0
h_0_3,17002.0,0.0
h_0_2,17002.0,0.0
h_0_1,17002.0,0.0
h_0_0,17002.0,0.0
h_9_9,17355.0,0.0
h_9_8,17355.0,0.0
h_9_7,17355.0,0.0
h_9_6,17355.0,0.0
h_9_5,17355.0,0.0
h_9_4,17355.0,0.0
h_9_3,17355.0,0.0
h_9_2,17355.0,0.0
h_9_1,17355.0,0.0
h_9_0,17355.0,0.0
h_8_9,17355.0,0.0
h_8_8,17355.0,0.0
h_8_7,17355.0,0.0
h_8_6,17355.0,0.0
h_8_5,17355.0,0.0
h_8_4,17355.0,0.0
h_8_3,17355.0,0.0
h_8_2,17355.0,0.0
h_8_1,17355.0,0.0
h_8_0,17355.0,0.0
h_7_9,17355.0,0.0
h_7_8,17355.0,0.0
h_7_7,17355.0,0.0
h_7_6,17355.0,0.0
h_7_5,17355.0,0.0
h_7_4,17355.0,0.0
h_7_3,17355.0,0.0
h_7_2,17355.0,0.0
h_7_1,17355.0,0.0
h_7_0,17355.0,0.0
h_6_9,17355.0,0.0
h_6_8,17355.0,0.0
h_6_7,17355.0,0.0
h_6_6,17355.0,0.0
h_6_5,17355.0,0.0
h_6_4,17355.0,0.0
h_6_3,17355.0,0.0
h_6_2,17355.0,0.0
h_6_1,17355.0,0.0
h_6_0,17355.0,0.0
h_5_9,17355.0,0.0
h_5_8,17355.0,0.0
h_5_7,17355.0,0.0
h_5_6,17355.0,0.0
h_5_5,17355.0,0.0
h_5_4,17355.0,0.0
h_5_3,17355.0,0.0
h_5_2,17355.0,0.0
h_5_1,17355.0,0.0
h_5_0,17355.0,0.0
h_4_9,17355.0,0.0
h_4_8,17355.0,0.0
h_4_7,17355.0,0.0
h_4_6,17355.0,0.0
h_4_5,17355.0,0.0
h_4_4,17355.0,0.0
h_4_3,17355.0,0.0
h_4_2,17355.0,0.0
h_4_1,17355.0,0.0
h_4_0,17355.0,0.0
h_3_9,17355.0,0.0
h_3_8,17355.0,0.0
h_3_7,17355.0,0.0
h_3_6,17355.0,0.0
h_3_5,17355.0,0.0
h_3_4,17355.0,0.0
h_3_3,17355.0,0.0
h_3_2,17355.0,0.0
h_3_1,17355.0,0.0
h_3_0,17355.0,0.0
h_2_9,17355.0,0.0
h_2_8,17355.0,0.0
h_2_7,17355.0,0.0
h_2_6,17355.0,0.0
h_2_5,17355.0,0.0
h_2_4,17355.0,0.0
h_2_3,17355.0,0.0
h_2_2,17355.0,0.0
h_2_1,17355.0,0.0
h_2_0,17355.0,0.0
h_1_9,17355.0,0.0
h_1_8,17355.0,0.0
h_1_7,17355.0,0.0
h_1_6,17355.0,0.0
h_1_5,17355.0,0.0
h_1_4,17355.0,0.0
h_1_3,17355.0,0.0
h_1_2,17355.0,0.0
h_1_1,17355.0,0.0
h_1_0,17355.0,0.0
h_0_9,17355.0,0.0
h_0_8,17355.0,0.0
h_0_7,17355.0,0.0
h_0_6,17355.0,0.0
h_0_5,17355.0,0.0
h_0_4,17355.0,0.0
h_0_3,17355.0,0.0
h_0_2,17355.0,0.0
h_0_1,17355.0,0.0
h_0_0,17355.0,0.0
h_9_9,17360.0,0.0
h_9_8,17360.0,0.0
h_9_7,17360.0,0.0
h_9_6,17360.0,0.0
h_9_5,17360.0,0.0
h_9_4,17360.0,0.0
h_9_3,17360.0,0.0
h_9_2,17360.0,0.0
h_9_1,17360.0,0.0
h_9_0,17360.0,0.0
h_8_9,17360.0,0.0
h_8_8,17360.0,0.0
h_8_7,17360.0,0.0
h_8_6,17360.0,0.0
h_8_5,17360.0,0.0
h_8_4,17360.0,0.0
h_8_3,17360.0,0.0
h_8_2,17360.0,0.0
h_8_1,17360.0,0.0
h_8_0,17360.0,0.0
h_7_9,17360.0,0.0
h_7_8,17360.0,0.0
h_7_7,17360.0,0.0
h_7_6,17360.0,0.0
h_7_5,17360.0,0.0
h_7_4,17360.0,0.0
h_7_3,17360.0,0.0
h_7_2,17360.0,0.0
h_7_1,17360.0,0.0
h_7_0,17360.0,0.0
h_6_9,17360.0,0.0
h_6_8,17360.0,0.0
h_6_7,17360.0,0.0
h_6_6,17360.0,0.0
h_6_5,17360.0,0.0
h_6_4,17360.0,0.0
h_6_3,17360.0,0.0
h_6_2,17360.0,0.0
h_6_1,17360.0,0.0
h_6_0,17360.0,0.0
h_5_9,17360.0,0.0
h_5_8,17360.0,0.0
h_5_7,17360.0,0.0
h_5_6,17360.0,0.0
h_5_5,17360.0,0.0
h_5_4,17360.0,0.0
h_5_3,17360.0,0.0
h_5_2,17360.0,0.0
h_5_1,17360.0,0.0
h_5_0,17360.0,0.0
h_4_9,17360.0,0.0
h_4_8,17360.0,0.0
h_4_7,17360.0,0.0
h_4_6,17360.0,0.0
h_4_5,17360.0,0.0
h_4_4,17360.0,0.0
h_4_3,17360.0,0.0
h_4_2,17360.0,0.0
h_4_1,17360.0,0.0
h_4_0,17360.0,0.0
h_3_9,17360.0,0.0
h_3_8,17360.0,0.0
h_3_7,17360.0,0.0
h_3_6,17360.0,0.0
h_3_5,17360.0,0.0
h_3_4,17360.0,0.0
h_3_3,17360.0,0.0
h_3_2,17360.0,0.0
h_3_1,17360.0,0.0
h_3_0,17360.0,0.0
h_2_9,17360.0,0.0
h_2_8,17360.0,0.0
h_2_7,17360.0,0.0
h_2_6,17360.0,0.0
h_2_5,17360.0,0.0
h_2_4,17360.0,0.0
h_2_3,17360.0,0.0
h_2_2,17360.0,0.0
h_2_1,17360.0,0.0
h_2_0,17360.0,0.0
h_1_9,17360.0,0.0
h_1_8,17360.0,0.0
h_1_7,17360.0,0.0
h_1_6,17360.0,0.0
h_1_5,17360.0,0.0
h_1_4,17360.0,0.0
h_1_3,17360.0,0.0
h_1_2,17360.0,0.0
h_1_1,17360.0,0.0
h_1_0,17360.0,0.0
h_0_9,17360.0,0.0
h_0_8,17360.0,0.0
h_0_7,17360.0,0.0
h_0_6,17360.0,0.0
h_0_5,17360.0,0.0
h_0_4,17360.0,0.0
h_0_3,17360.0,0.0
h_0_2,17360.0,0.0
h_0_1,17360.0,0.0
h_0_0,17360.0,0.0
h_9_9,18856.0,0.0
h_9_8,18856.0,0.0
h_9_7,18856.0,0.0
h_9_6,18856.0,0.0
h_9_5,18856.0,0.0
h_9_4,18856.0,0.0
h_9_3,18856.0,0.0
h_9_2,18856.0,0.0
h_9_1,18856.0,0.0
h_9_0,18856.0,0.0
h_8_9,18856.0,0.0
h_8_8,18856.0,0.0
h_8_7,18856.0,0.0
h_8_6,18856.0,0.0
h_8_5,18856.0,0.0
h_8_4,18856.0,0.0
h_8_3,18856.0,0.0
h_8_2,18856.0,0.0
h_8_1,18856.0,0.0
h_8_0,18856.0,0.0
h_7_9,18856.0,0.0
h_7_8,18856.0,0.0
h_7_7,18856.0,0.0
h_7_6,18856.0,0.0
h_7_5,18856.0,0.0
h_7_4,18856.0,0.0
h_7_3,18856.0,0.0
h_7_2,18856.0,0.0
h_7_1,18856.0,0.0
h_7_0,18856.0,0.0
h_6_9,18856.0,0.0
h_6_8,18856.0,0.0
h_6_7,18856.0,0.0
h_6_6,18856.0,0.0
h_6_5,18856.0,0.0
h_6_4,18856.0,0.0
h_6_3,18856.0,0.0
h_6_2,18856.0,0.0
h_6_1,18856.0,0.0
h_6_0,18856.0,0.0
h_5_9,18856.0,0.0
h_5_8,18856.0,0.0
h_5_7,18856.0,0.0
h_5_6,18856.0,0.0
h_5_5,18856.0,0.0
h_5_4,18856.0,0.0
h_5_3,18856.0,0.0
h_5_2,18856.0,0.0
h_5_1,18856.0,0.0
h_5_0,18856.0,0.0
h_4_9,18856.0,0.0
h_4_8,18856.0,0.0
h_4_7,18856.0,0.0
h_4_6,18856.0,0.0
h_4_5,18856.0,0.0
h_4_4,18856.0,0.0
h_4_3,18856.0,0.0
h_4_2,18856.0,0.0
h_4_1,18856.0,0.0
h_4_0,18856.0,0.0
h_3_9,18856.0,0.0
h_3_8,18856.0,0.0
h_3_7,18856.0,0.0
h_3_6,18856.0,0.0
h_3_5,18856.0,0.0
h_3_4,18856.0,0.0
h_3_3,18856.0,0.0
h_3_2,18856.0,0.0
h_3_1,18856.0,0.0
h_3_0,18856.0,0.0
h_2_9,18856.0,0.0
h_2_8,18856.0,0.0
h_2_7,18856.0,0.0
h_2_6,18856.0,0.0
h_2_5,18856.0,0.0
h_2_4,18856.0,0.0
h_2_3,18856.0,0.0
h_2_2,18856.0,0.0
h_2_1,18856.0,0.0
h_2_0,18856.0,0.0
h_1_9,18856.0,0.0
h_1_8,18856.0,0.0
h_1_7,18856.0,0.0
h_1_6,18856.0,0.0
h_1_5,18856.0,0.0
h_1_4,18856.0,0.0
h_1_3,18856.0,0.0
h_1_2,18856.0,0.0
h_1_1,18856.0,0.0
h_1_0,18856.0,0.0
h_0_9,18856.0,0.0
h_0_8,18856.0,0.0
h_0_7,18856.0,0.0
h_0_6,18856.0,0.0
h_0_5,18856.0,0.0
h_0_4,18856.0,0.0
h_0_3,18856.0,0.0
h_0_2,18856.0,0.0
h_0_1,18856.0,0.0
h_0_0,18856.0,0.0
h_9_9,21246.0,0.0
h_9_8,21246.0,0.0
h_9_7,21246.0,0.0
h_9_6,21246.0,0.0
h_9_5,21246.0,79.67433458301385
h_9_4,21246.0,79.67305659690273
h_9_3,21246.0,79.67625156186101
h_9_2,21246.0,0.0
h_9_1,21246.0,0.0
h_9_0,21246.0,0.0
h_8_9,21246.0,0.0
h_8_8,21246.0,0.0
h_8_7,21246.0,0.0
h_8_6,21246.0,0.0
h_8_5,21246.0,0.0
h_8_4,21246.0,0.0
h_8_3,21246.0,0.0
h_8_2,21246.0,0.0
h_8_1,21246.0,0.0
h_8_0,21246.0,0.0
h_7_9,21246.0,0.0
h_7_8,21246.0,0.0
h_7_7,21246.0,0.0
h_7_6,21246.0,0.0
h_7_5,21246.0,0.0
h_7_4,21246.0,0.0
h_7_3,21246.0,0.0
h_7_2,21246.0,0.0
h_7_1,21246.0,0.0
h_7_0,21246.0,0.0
h_6_9,21246.0,0.0
h_6_8,21246.0,0.0
h_6_7,21246.0,0.0
h_6_6,21246.0,0.0
h_6_5,21246.0,0.0
h_6_4,21246.0,79.6794465271388
h_6_3,21246.0,0.0
h_6_2,21246.0,0.0
h_6_1,21246.0,0.0
h_6_0,21246.0,0.0
h_5_9,21246.0,0.0
h_5_8,21246.0,0.0
h_5_7,21246.0,0.0
h_5_6,21246.0,0.0
h_5_5,21246.0,0.0
h_5_4,21246.0,0.0
h_5_3,21246.0,0.0
h_5_2,21246.0,0.0
h_5_1,21246.0,0.0
h_5_0,21246.0,0.0
h_4_9,21246.0,0.0
h_4_8,21246.0,0.0
h_4_7,21246.0,0.0
h_4_6,21246.0,0.0
h_4_5,21246.0,0.0
h_4_4,21246.0,0.0
h_4_3,21246.0,0.0
h_4_2,21246.0,0.0
h_4_1,21246.0,0.0
h_4_0,21246.0,0.0
h_3_9,21246.0,0.0
h_3_8,21246.0,0.0
h_3_7,21246.0,0.0
h_3_6,21246.0,0.0
h_3_5,21246.0,0.0
h_3_4,21246.0,0.0
h_3_3,21246.0,0.0
h_3_2,21246.0,0.0
h_3_1,21246.0,0.0
h_3_0,21246.0,0.0
h_2_9,21246.0,0.0
h_2_8,21246.0,0.0
h_2_7,21246.0,0.0
h_2_6,21246.0,0.0
h_2_5,21246.0,0.0
h_2_4,21246.0,0.0
h_2_3,21246.0,0.0
h_2_2,21246.0,0.0
h_2_1,21246.0,0.0
h_2_0,21246.0,0.0
h_1_9,21246.0,0.0
h_1_8,21246.0,0.0
h_1_7,21246.0,0.0
h_1_6,21246.0,0.0
h_1_5,21246.0,0.0
h_1_4,21246.0,0.0
h_1_3,21246.0,0.0
h_1_2,21246.0,0.0
h_1_1,21246.0,0.0
h_1_0,21246.0,0.0
h_0_9,21246.0,0.0
h_0_8,21246.0,0.0
h_0_7,21246.0,0.0
h_0_6,21246.0,0.0
h_0_5,21246.0,0.0
h_0_4,21246.0,0.0
h_0_3,21246.0,0.0
h_0_2,21246.0,0.0
h_0_1,21246.0,0.0
h_0_0,21246.0,0.0
h_9_9,21251.0,0.0
h_9_8,21251.0,0.0
h_9_7,21251.0,0.0
h_9_6,21251.0,0.0
h_9_5,21251.0,0.0
h_9_4,21251.0,0.0
h_9_3,21251.0,0.0
h_9_2,21251.0,0.0
h_9_1,21251.0,0.0
h_9_0,21251.0,0.0
h_8_9,21251.0,0.0
h_8_8,21251.0,0.0
h_8_7,21251.0,0.0
h_8_6,21251.0,0.0
h_8_5,21251.0,0.0
h_8_4,21251.0,0.0
h_8_3,21251.0,0.0
h_8_2,21251.0,0.0
h_8_1,21251.0,0.0
h_8_0,21251.0,0.0
h_7_9,21251.0,0.0
h_7_8,21251.0,0.0
h_7_7,21251.0,0.0
h_7_6,21251.0,0.0
h_7_5,21251.0,0.0
h_7_4,21251.0,0.0
h_7_3,21251.0,0.0
h_7_2,21251.0,0.0
h_7_1,21251.0,0.0
h_7_0,21251.0,0.0
h_6_9,21251.0,0.0
h_6_8,21251.0,0.0
h_6_7,21251.0,0.0
h_6_6,21251.0,0.0
h_6_5,21251.0,0.0
h_6_4,21251.0,0.0
h_6_3,21251.0,0.0
h_6_2,21251.0,0.16668270833266494
h_6_1,21251.0,0.16668003472155382
h_6_0,21251.0,0.16668671874866317
h_5_9,21251.0,0.16669340277644096
h_5_8,21251.0,0.0
h_5_7,21251.0,0.0
h_5_6,21251.0,0.0
h_5_5,21251.0,0.0
h_5_4,21251.0,0.0
h_5_3,21251.0,0.0
h_5_2,21251.0,0.0
h_5_1,21251.0,0.0
h_5_0,21251.0,0.0
h_4_9,21251.0,0.0
h_4_8,21251.0,0.0
h_4_7,21251.0,0.0
h_4_6,21251.0,0.0
h_4_5,21251.0,0.0
h_4_4,21251.0,0.0
h_4_3,21251.0,0.0
h_4_2,21251.0,0.0
h_4_1,21251.0,0.0
h_4_0,21251.0,0.0
h_3_9,21251.0,0.0
h_3_8,21251.0,0.0
h_3_7,21251.0,0.0
h_3_6,21251.0,0.0
h_3_5,21251.0,0.0
h_3_4,21251.0,0.0
h_3_3,21251.0,0.0
h_3_2,21251.0,0.0
h_3_1,21251.0,0.0
h_3_0,21251.0,0.0
h_2_9,21251.0,0.0
h_2_8,21251.0,0.0
h_2_7,21251.0,0.0
h_2_6,21251.0,0.0
h_2_5,21251.0,0.0
h_2_4,21251.0,0.0
h_2_3,21251.0,0.0
h_2_2,21251.0,0.0
h_2_1,21251.0,0.0
h_2_0,21251.0,0.0
h_1_9,21251.0,0.0
h_1_8,21251.0,0.0
h_1_7,21251.0,0.0
h_1_6,21251.0,0.0
h_1_5,21251.0,0.0
h_1_4,21251.0,0.0
h_1_3,21251.0,0.0
h_1_2,21251.0,0.0
h_1_1,21251.0,0.0
h_1_0,21251.0,0.0
h_0_9,21251.0,0.0
h_0_8,21251.0,0.0
h_0_7,21251.0,0.0
h_0_6,21251.0,0.0
h_0_5,21251.0,0.0
h_0_4,21251.0,0.0
h_0_3,21251.0,0.0
h_0_2,21251.0,0.0
h_0_1,21251.0,0.0
h_0_0,21251.0,0.0
h_9_9,22198.0,0.0
h_9_8,22198.0,0.0
h_9_7,22198.0,0.0
h_9_6,22198.0,0.0
h_9_5,22198.0,0.0
h_9_4,22198.0,0.0
h_9_3,22198.0,0.0
h_9_2,22198.0,0.0
h_9_1,22198.0,0.0
h_9_0,22198.0,0.0
h_8_9,22198.0,0.0
h_8_8,22198.0,0.0
h_8_7,22198.0,0.0
h_8_6,22198.0,0.0
h_8_5,22198.0,0.0
h_8_4,22198.0,0.0
h_8_3,22198.0,0.0
h_8_2,22198.0,0.0
h_8_1,22198.0,0.0
h_8_0,22198.0,0.0
h_7_9,22198.0,0.0
h_7_8,22198.0,0.0
h_7_7,22198.0,0.0
h_7_6,22198.0,0.0
h_7_5,22198.0,0.0
h_7_4,22198.0,0.0
h_7_3,22198.0,0.0
h_7_2,22198.0,0.0
h_7_1,22198.0,0.0
h_7_0,22198.0,0.0
h_6_9,22198.0,0.0
h_6_8,22198.0,0.0
h_6_7,22198.0,0.0
h_6_6,22198.0,0.0
h_6_5,22198.0,0.0
h_6_4,22198.0,0.0
h_6_3,22198.0,0.0
h_6_2,22198.0,0.0
h_6_1,22198.0,0.0
h_6_0,22198.0,0.0
h_5_9,22198.0,0.0
h_5_8,22198.0,0.0
h_5_7,22198.0,0.0
h_5_6,22198.0,0.0
h_5_5,22198.0,0.0
h_5_4,22198.0,0.0
h_5_3,22198.0,0.0
h_5_2,22198.0,0.0
h_5_1,22198.0,0.0
h_5_0,22198.0,0.0
h_4_9,22198.0,0.0
h_4_8,22198.0,0.0
h_4_7,22198.0,0.0
h_4_6,22198.0,0.0
h_4_5,22198.0,0.0
h_4_4,22198.0,0.0
h_4_3,22198.0,0.0
h_4_2,22198.0,0.0
h_4_1,22198.0,0.0
h_4_0,22198.0,0.0
h_3_9,22198.0,0.0
h_3_8,22198.0,0.0
h_3_7,22198.0,0.0
h_3_6,22198.0,0.0
h_3_5,22198.0,0.0
h_3_4,22198.0,0.0
h_3_3,22198.0,0.0
h_3_2,22198.0,0.0
h_3_1,22198.0,0.0
h_3_0,22198.0,0.0
h_2_9,22198.0,0.0
h_2_8,22198.0,0.0
h_2_7,22198.0,0.0
h_2_6,22198.0,0.0
h_2_5,22198.0,0.0
h_2_4,22198.0,0.0
h_2_3,22198.0,0.0
h_2_2,22198.0,0.0
h_2_1,22198.0,0.0
h_2_0,22198.0,0.0
h_1_9,22198.0,0.0
h_1_8,22198.0,0.0
h_1_7,22198.0,0.0
h_1_6,22198.0,0.0
h_1_5,22198.0,0.0
h_1_4,22198.0,0.0
h_1_3,22198.0,0.0
h_1_2,22198.0,0.0
h_1_1,22198.0,0.0
h_1_0,22198.0,0.0
h_0_9,22198.0,0.0
h_0_8,22198.0,0.0
h_0_7,22198.0,0.0
h_0_6,22198.0,0.0
h_0_5,22198.0,0.0
h_0_4,22198.0,0.0
h_0_3,22198.0,0.0
h_0_2,22198.0,0.0
h_0_1,22198.0,0.0
h_0_0,22198.0,0.0
h_9_9,22203.0,0.0
h_9_8,22203.0,0.0
h_9_7,22203.0,0.0
h_9_6,22203.0,0.0
h_9_5,22203.0,0.0
h_9_4,22203.0,0.0
h_9_3,22203.0,0.0
h_9_2,22203.0,0.0
h_9_1,22203.0,0.0
h_9_0,22203.0,0.0
h_8_9,22203.0,0.0
h_8_8,22203.0,0.0
h_8_7,22203.0,0.0
h_8_6,22203.0,0.0
h_8_5,22203.0,0.0
h_8_4,22203.0,0.0
h_8_3,22203.0,0.0
h_8_2,22203.0,0.0
h_8_1,22203.0,0.0
h_8_0,22203.0,0.0
h_7_9,22203.0,0.0
h_7_8,22203.0,0.0
h_7_7,22203.0,0.0
h_7_6,22203.0,0.0
h_7_5,22203.0,0.0
h_7_4,22203.0,0.0
h_7_3,22203.0,0.0
h_7_2,22203.0,0.0
h_7_1,22203.0,0.0
h_7_0,22203.0,0.0
h_6_9,22203.0,0.0
h_6_8,22203.0,0.0
h_6_7,22203.0,0.0
h_6_6,22203.0,0.0
h_6_5,22203.0,0.0
h_6_4,22203.0,0.0
h_6_3,22203.0,0.0
h_6_2,22203.0,0.0
h_6_1,22203.0,0.0
h_6_0,22203.0,0.0
h_5_9,22203.0,0.0
h_5_8,22203.0,0.0
h_5_7,22203.0,0.0
h_5_6,22203.0,0.0
h_5_5,22203.0,0.0
h_5_4,22203.0,0.0
h_5_3,22203.0,0.0
h_5_2,22203.0,0.0
h_5_1,22203.0,0.0
h_5_0,22203.0,0.0
h_4_9,22203.0,0.0
h_4_8,22203.0,0.0
h_4_7,22203.0,0.0
h_4_6,22203.0,0.0
h_4_5,22203.0,0.0
h_4_4,22203.0,0.0
h_4_3,22203.0,0.0
h_4_2,22203.0,0.0
h_4_1,22203.0,0.0
h_4_0,22203.0,0.0
h_3_9,22203.0,0.0
h_3_8,22203.0,0.0
h_3_7,22203.0,0.0
h_3_6,22203.0,0.0
h_3_5,22203.0,0.0
h_3_4,22203.0,0.0
h_3_3,22203.0,0.0
h_3_2,22203.0,0.0
h_3_1,22203.0,0.0
h_3_0,22203.0,0.0
h_2_9,22203.0,0.0
h_2_8,22203.0,0.0
h_2_7,22203.0,0.0
h_2_6,22203.0,0.0
h_2_5,22203.0,0.0
h_2_4,22203.0,0.0
h_2_3,22203.0,0.0
h_2_2,22203.0,0.0
h_2_1,22203.0,0.0
h_2_0,22203.0,0.0
h_1_9,22203.0,0.0
h_1_8,22203.0,0.0
h_1_7,22203.0,0.0
h_1_6,22203.0,0.0
h_1_5,22203.0,0.0
h_1_4,22203.0,0.0
h_1_3,22203.0,0.0
h_1_2,22203.0,0.0
h_1_1,22203.0,0.0
h_1_0,22203.0,0.0
h_0_9,22203.0,0.0
h_0_8,22203.0,0.0
h_0_7,22203.0,0.0
h_0_6,22203.0,0.0
h_0_5,22203.0,0.0
h_0_4,22203.0,0.0
h_0_3,22203.0,0.0
h_0_2,22203.0,0.0
h_0_1,22203.0,0.0
h_0_0,22203.0,0.0
h_9_9,22352.0,0.0
h_9_8,22352.0,0.0
h_9_7,22352.0,0.0
h_9_6,22352.0,0.0
h_9_5,22352.0,0.0
h_9_4,22352.0,0.0
h_9_3,22352.0,0.0
h_9_2,22352.0,0.0
h_9_1,22352.0,0.0
h_9_0,22352.0,0.0
h_8_9,22352.0,0.0
h_8_8,22352.0,0.0
h_8_7,22352.0,0.0
h_8_6,22352.0,0.0
h_8_5,22352.0,0.0
h_8_4,22352.0,0.0
h_8_3,22352.0,0.0
h_8_2,22352.0,0.0
h_8_1,22352.0,0.0
h_8_0,22352.0,0.0
h_7_9,22352.0,0.0
h_7_8,22352.0,0.0
h_7_7,22352.0,0.0
h_7_6,22352.0,0.0
h_7_5,22352.0,0.0
h_7_4,22352.0,0.0
h_7_3,22352.0,0.0
h_7_2,22352.0,0.0
h_7_1,22352.0,0.0
h_7_0,22352.0,0.0
h_6_9,22352.0,0.0
h_6_8,22352.0,0.0
h_6_7,22352.0,0.0
h_6_6,22352.0,0.0
h_6_5,22352.0,0.0
h_6_4,22352.0,0.0
h_6_3,22352.0,0.0
h_6_2,22352.0,0.0
h_6_1,22352.0,0.0
h_6_0,22352.0,0.0
h_5_9,22352.0,0.0
h_5_8,22352.0,0.0
h_5_7,22352.0,0.0
h_5_6,22352.0,0.0
h_5_5,22352.0,0.0
h_5_4,22352.0,0.0
h_5_3,22352.0,0.0
h_5_2,22352.0,0.0
h_5_1,22352.0,0.0
h_5_0,22352.0,0.0
h_4_9,22352.0,0.0
h_4_8,22352.0,0.0
h_4_7,22352.0,0.0
h_4_6,22352.0,0.0
h_4_5,22352.0,0.0
h_4_4,22352.0,0.0
h_4_3,22352.0,0.0
h_4_2,22352.0,0.0
h_4_1,22352.0,0.0
h_4_0,22352.0,0.0
h_3_9,22352.0,0.0
h_3_8,22352.0,0.0
h_3_7,22352.0,0.0
h_3_6,22352.0,0.0
h_3_5,22352.0,0.0
h_3_4,22352.0,0.0
h_3_3,22352.0,0.0
h_3_2,22352.0,0.0
h_3_1,22352.0,0.0
h_3_0,22352.0,0.0
h_2_9,22352.0,0.0
h_2_8,22352.0,0.0
h_2_7,22352.0,0.0
h_2_6,22352.0,0.0
h_2_5,22352.0,0.0
h_2_4,22352.0,0.0
h_2_3,22352.0,0.0
h_2_2,22352.0,0.0
h_2_1,22352.0,0.0
h_2_0,22352.0,0.0
h_1_9,22352.0,0.0
h_1_8,22352.0,0.0
h_1_7,22352.0,0.0
h_1_6,22352.0,0.0
h_1_5,22352.0,0.0
h_1_4,22352.0,0.0
h_1_3,22352.0,0.0
h_1_2,22352.0,0.0
h_1_1,22352.0,0.0
h_1_0,22352.0,0.0
h_0_9,22352.0,0.0
h_0_8,22352.0,0.0
h_0_7,22352.0,0.0
h_0_6,22352.0,0.0
h_0_5,22352.0,0.0
h_0_4,22352.0,0.0
h_0_3,22352.0,0.0
h_0_2,22352.0,0.0
h_0_1,22352.0,0.0
h_0_0,22352.0,0.0
h_9_9,22660.0,0.0
h_9_8,22660.0,0.0
h_9_7,22660.0,0.0
h_9_6,22660.0,0.0
h_9_5,22660.0,0.0
h_9_4,22660.0,0.0
h_9_3,22660.0,0.0
h_9_2,22660.0,0.0
h_9_1,22660.0,0.0
h_9_0,22660.0,0.0
h_8_9,22660.0,0.0
h_8_8,22660.0,0.0
h_8_7,22660.0,0.0
h_8_6,22660.0,0.0
h_8_5,22660.0,10.267654833292159
h_8_4,22660.0,0.0
h_8_3,22660.0,0.0
h_8_2,22660.0,0.0
h_8_1,22660.0,0.0
h_8_0,22660.0,0.0
h_7_9,22660.0,0.0
h_7_8,22660.0,0.0
h_7_7,22660.0,0.0
h_7_6,22660.0,0.0
h_7_5,22660.0,0.0
h_7_4,22660.0,0.0
h_7_3,22660.0,0.0
h_7_2,22660.0,0.0
h_7_1,22660.0,0.0
h_7_0,22660.0,0.0
h_6_9,22660.0,0.0
h_6_8,22660.0,0.0
h_6_7,22660.0,0.0
h_6_6,22660.0,0.0
h_6_5,22660.0,0.0
h_6_4,22660.0,0.0
h_6_3,22660.0,0.0
h_6_2,22660.0,0.0
h_6_1,22660.0,0.0
h_6_0,22660.0,0.0
h_5_9,22660.0,0.0
h_5_8,22660.0,10.267490138847716
h_5_7,22660.0,10.267901874917653
h_5_6,22660.0,10.268313611028764
h_5_5,22660.0,0.0
h_5_4,22660.0,0.0
h_5_3,22660.0,0.0
h_5_2,22660.0,0.0
h_5_1,22660.0,0.0
h_5_0,22660.0,0.0
h_4_9,22660.0,0.0
h_4_8,22660.0,0.0
h_4_7,22660.0,0.0
h_4_6,22660.0,0.0
h_4_5,22660.0,0.0
h_4_4,22660.0,0.0
h_4_3,22660.0,0.0
h_4_2,22660.0,0.0
h_4_1,22660.0,0.0
h_4_0,22660.0,0.0
h_3_9,22660.0,0.0
h_3_8,22660.0,0.0
h_3_7,22660.0,0.0
h_3_6,22660.0,0.0
h_3_5,22660.0,0.0
h_3_4,22660.0,0.0
h_3_3,22660.0,0.0
h_3_2,22660.0,0.0
h_3_1,22660.0,0.0
h_3_0,22660.0,0.0
h_2_9,22660.0,0.0
h_2_8,22660.0,0.0
h_2_7,22660.0,0.0
h_2_6,22660.0,0.0
h_2_5,22660.0,0.0
h_2_4,22660.0,0.0
h_2_3,22660.0,0.0
h_2_2,22660.0,0.0
h_2_1,22660.0,0.0
h_2_0,22660.0,0.0
h_1_9,22660.0,0.0
h_1_8,22660.0,0.0
h_1_7,22660.0,0.0
h_1_6,22660.0,0.0
h_1_5,22660.0,0.0
h_1_4,22660.0,0.0
h_1_3,22660.0,0.0
h_1_2,22660.0,0.0
h_1_1,22660.0,0.0
h_1_0,22660.0,0.0
h_0_9,22660.0,0.0
h_0_8,22660.0,0.0
h_0_7,22660.0,0.0
h_0_6,22660.0,0.0
h_0_5,22660.0,0.0
h_0_4,22660.0,0.0
h_0_3,22660.0,0.0
h_0_2,22660.0,0.0
h_0_1,22660.0,0.0
h_0_0,22660.0,0.0
h_9_9,22665.0,0.0
h_9_8,22665.0,0.0
h_9_7,22665.0,0.0
h_9_6,22665.0,0.0
h_9_5,22665.0,0.0
h_9_4,22665.0,0.0
h_9_3,22665.0,0.0
h_9_2,22665.0,0.0
h_9_1,22665.0,0.0
h_9_0,22665.0,0.0
h_8_9,22665.0,0.0
h_8_8,22665.0,0.0
h_8_7,22665.0,0.0
h_8_6,22665.0,0.0
h_8_5,22665.0,0.0
h_8_4,22665.0,0.0
h_8_3,22665.0,0.0
h_8_2,22665.0,0.0
h_8_1,22665.0,0.0
h_8_0,22665.0,0.0
h_7_9,22665.0,0.0
h_7_8,22665.0,0.0
h_7_7,22665.0,0.0
h_7_6,22665.0,0.0
h_7_5,22665.0,0.0
h_7_4,22665.0,0.0
h_7_3,22665.0,0.0
h_7_2,22665.0,0.0
h_7_1,22665.0,0.0
h_7_0,22665.0,0.0
h_6_9,22665.0,0.0
h_6_8,22665.0,0.0
h_6_7,22665.0,0.0
h_6_6,22665.0,0.0
h_6_5,22665.0,0.0
h_6_4,22665.0,0.0
h_6_3,22665.0,0.0
h_6_2,22665.0,0.0
h_6_1,22665.0,0.0
h_6_0,22665.0,0.0
h_5_9,22665.0,0.0
h_5_8,22665.0,0.0
h_5_7,22665.0,0.0
h_5_6,22665.0,0.0
h_5_5,22665.0,0.16668270833266494
h_5_4,22665.0,0.16668003472155382
h_5_3,22665.0,0.16668671874866317
h_5_2,22665.0,0.16669340277644096
h_5_1,22665.0,0.0
h_5_0,22665.0,0.0
h_4_9,22665.0,0.0
h_4_8,22665.0,0.0
h_4_7,22665.0,0.0
h_4_6,22665.0,0.0
h_4_5,22665.0,0.0
h_4_4,22665.0,0.0
h_4_3,22665.0,0.0
h_4_2,22665.0,0.0
h_4_1,22665.0,0.0
h_4_0,22665.0,0.0
h_3_9,22665.0,0.0
h_3_8,22665.0,0.0
h_3_7,22665.0,0.0
h_3_6,22665.0,0.0
h_3_5,22665.0,0.0
h_3_4,22665.0,0.0
h_3_3,22665.0,0.0
h_3_2,22665.0,0.0
h_3_1,22665.0,0.0
h_3_0,22665.0,0.0
h_2_9,22665.0,0.0
h_2_8,22665.0,0.0
h_2_7,22665.0,0.0
h_2_6,22665.0,0.0
h_2_5,22665.0,0.0
h_2_4,22665.0,0.0
h_2_3,22665.0,0.0
h_2_2,22665.0,0.0
h_2_1,22665.0,0.0
h_2_0,22665.0,0.0
h_1_9,22665.0,0.0
h_1_8,22665.0,0.0
h_1_7,22665.0,0.0
h_1_6,22665.0,0.0
h_1_5,22665.0,0.0
h_1_4,22665.0,0.0
h_1_3,22665.0,0.0
h_1_2,22665.0,0.0
h_1_1,22665.0,0.0
h_1_0,22665.0,0.0
h_0_9,22665.0,0.0
h_0_8,22665.0,0.0
h_0_7,22665.0,0.0
h_0_6,22665.0,0.0
h_0_5,22665.0,0.0
h_0_4,22665.0,0.0
h_0_3,22665.0,0.0
h_0_2,22665.0,0.0
h_0_1,22665.0,0.0
h_0_0,22665.0,0.0
h_9_9,22970.0,0.0
h_9_8,22970.0,0.0
h_9_7,22970.0,0.0
h_9_6,22970.0,0.0
h_9_5,22970.0,0.0
h_9_4,22970.0,0.0
h_9_3,22970.0,0.0
h_9_2,22970.0,0.0
h_9_1,22970.0,0.0
h_9_0,22970.0,0.0
h_8_9,22970.0,0.0
h_8_8,22970.0,0.0
h_8_7,22970.0,0.0
h_8_6,22970.0,0.0
h_8_5,22970.0,0.0
h_8_4,22970.0,0.0
h_8_3,22970.0,0.0
h_8_2,22970.0,0.0
h_8_1,22970.0,0.0
h_8_0,22970.0,0.0
h_7_9,22970.0,0.0
h_7_8,22970.0,0.0
h_7_7,22970.0,0.0
h_7_6,22970.0,0.0
h_7_5,22970.0,0.0
h_7_4,22970.0,0.0
h_7_3,22970.0,0.0
h_7_2,22970.0,0.0
h_7_1,22970.0,0.0
h_7_0,22970.0,0.0
h_6_9,22970.0,0.0
h_6_8,22970.0,0.0
h_6_7,22970.0,0.0
h_6_6,22970.0,0.0
h_6_5,22970.0,0.0
h_6_4,22970.0,0.0
h_6_3,22970.0,0.0
h_6_2,22970.0,0.0
h_6_1,22970.0,0.0
h_6_0,22970.0,0.0
h_5_9,22970.0,0.0
h_5_8,22970.0,0.0
h_5_7,22970.0,0.0
h_5_6,22970.0,0.0
h_5_5,22970.0,0.0
h_5_4,22970.0,0.0
h_5_3,22970.0,0.0
h_5_2,22970.0,0.0
h_5_1,22970.0,0.0
h_5_0,22970.0,0.0
h_4_9,22970.0,0.0
h_4_8,22970.0,0.0
h_4_7,22970.0,0.0
h_4_6,22970.0,0.0
h_4_5,22970.0,0.0
h_4_4,22970.0,0.0
h_4_3,22970.0,0.0
h_4_2,22970.0,0.0
h_4_1,22970.0,0.0
h_4_0,22970.0,0.0
h_3_9,22970.0,0.0
h_3_8,22970.0,0.0
h_3_7,22970.0,0.0
h_3_6,22970.0,0.0
h_3_5,22970.0,0.0
h_3_4,22970.0,0.0
h_3_3,22970.0,0.0
h_3_2,22970.0,0.0
h_3_1,22970.0,0.0
h_3_0,22970.0,0.0
h_2_9,22970.0,0.0
h_2_8,22970.0,0.0
h_2_7,22970.0,0.0
h_2_6,22970.0,0.0
h_2_5,22970.0,0.0
h_2_4,22970.0,0.0
h_2_3,22970.0,0.0
h_2_2,22970.0,0.0
h_2_1,22970.0,0.0
h_2_0,22970.0,0.0
h_1_9,22970.0,0.0
h_1_8,22970.0,0.0
h_1_7,22970.0,0.0
h_1_6,22970.0,0.0
h_1_5,22970.0,0.0
h_1_4,22970.0,0.0
h_1_3,22970.0,0.0
h_1_2,22970.0,0.0
h_1_1,22970.0,0.0
h_1_0,22970.0,0.0
h_0_9,22970.0,0.0
h_0_8,22970.0,0.0
h_0_7,22970.0,0.0
h_0_6,22970.0,0.0
h_0_5,22970.0,0.0
h_0_4,22970.0,0.0
h_0_3,22970.0,0.0
h_0_2,22970.0,0.0
h_0_1,22970.0,0.0
h_0_0,22970.0,0.0
h_9_9,22975.0,0.0
h_9_8,22975.0,0.0
h_9_7,22975.0,0.0
h_9_6,22975.0,0.0
h_9_5,22975.0,0.0
h_9_4,22975.0,0.0
h_9_3,22975.0,0.0
h_9_2,22975.0,0.0
h_9_1,22975.0,0.0
h_9_0,22975.0,0.0
h_8_9,22975.0,0.0
h_8_8,22975.0,0.0
h_8_7,22975.0,0.0
h_8_6,22975.0,0.0
h_8_5,22975.0,0.0
h_8_4,22975.0,0.0
h_8_3,22975.0,0.0
h_8_2,22975.0,0.0
h_8_1,22975.0,0.0
h_8_0,22975.0,0.0
h_7_9,22975.0,0.0
h_7_8,22975.0,0.0
h_7_7,22975.0,0.0
h_7_6,22975.0,0.0
h_7_5,22975.0,0.0
h_7_4,22975.0,0.0
h_7_3,22975.0,0.0
h_7_2,22975.0,0.0
h_7_1,22975.0,0.0
h_7_0,22975.0,0.0
h_6_9,22975.0,0.0
h_6_8,22975.0,0.0
h_6_7,22975.0,0.0
h_6_6,22975.0,0.0
h_6_5,22975.0,0.0
h_6_4,22975.0,0.0
h_6_3,22975.0,0.0
h_6_2,22975.0,0.0
h_6_1,22975.0,0.0
h_6_0,22975.0,0.0
h_5_9,22975.0,0.0
h_5_8,22975.0,0.0
h_5_7,22975.0,0.0
h_5_6,22975.0,0.0
h_5_5,22975.0,0.0
h_5_4,22975.0,0.0
h_5_3,22975.0,0.0
h_5_2,22975.0,0.0
h_5_1,22975.0,0.16668270833266494
h_5_0,22975.0,0.16668671874866317
h_4_9,22975.0,0.16668003472155382
h_4_8,22975.0,0.0
h_4_7,22975.0,0.0
h_4_6,22975.0,0.0
h_4_5,22975.0,0.0
h_4_4,22975.0,0.0
h_4_3,22975.0,0.0
h_4_2,22975.0,0.0
h_4_1,22975.0,0.0
h_4_0,22975.0,0.0
h_3_9,22975.0,0.0
h_3_8,22975.0,0.0
h_3_7,22975.0,0.0
h_3_6,22975.0,0.0
h_3_5,22975.0,0.0
h_3_4,22975.0,0.0
h_3_3,22975.0,0.0
h_3_2,22975.0,0.0
h_3_1,22975.0,0.0
h_3_0,22975.0,0.0
h_2_9,22975.0,0.0
h_2_8,22975.0,0.0
h_2_7,22975.0,0.0
h_2_6,22975.0,0.0
h_2_5,22975.0,0.0
h_2_4,22975.0,0.0
h_2_3,22975.0,0.0
h_2_2,22975.0,0.0
h_2_1,22975.0,0.0
h_2_0,22975.0,0.0
h_1_9,22975.0,0.0
h_1_8,22975.0,0.0
h_1_7,22975.0,0.0
h_1_6,22975.0,0.0
h_1_5,22975.0,0.0
h_1_4,22975.0,0.0
h_1_3,22975.0,0.0
h_1_2,22975.0,0.0
h_1_1,22975.0,0.0
h_1_0,22975.0,0.0
h_0_9,22975.0,0.0
h_0_8,22975.0,0.0
h_0_7,22975.0,0.0
h_0_6,22975.0,0.0
h_0_5,22975.0,0.0
h_0_4,22975.0,0.0
h_0_3,22975.0,0.0
h_0_2,22975.0,0.0
h_0_1,22975.0,0.0
h_0_0,22975.0,0.0
h_9_9,23534.0,0.0
h_9_8,23534.0,0.0
h_9_7,23534.0,0.0
h_9_6,23534.0,0.0
h_9_5,23534.0,0.0
h_9_4,23534.0,0.0
h_9_3,23534.0,0.0
h_9_2,23534.0,0.0
h_9_1,23534.0,0.0
h_9_0,23534.0,0.0
h_8_9,23534.0,0.0
h_8_8,23534.0,0.0
h_8_7,23534.0,0.0
h_8_6,23534.0,0.0
h_8_5,23534.0,0.0
h_8_4,23534.0,0.0
h_8_3,23534.0,0.0
h_8_2,23534.0,0.0
h_8_1,23534.0,0.0
h_8_0,23534.0,0.0
h_7_9,23534.0,0.0
h_7_8,23534.0,0.0
h_7_7,23534.0,0.0
h_7_6,23534.0,0.0
h_7_5,23534.0,0.0
h_7_4,23534.0,0.0
h_7_3,23534.0,0.0
h_7_2,23534.0,0.0
h_7_1,23534.0,0.0
h_7_0,23534.0,0.0
h_6_9,23534.0,0.0
h_6_8,23534.0,0.0
h_6_7,23534.0,0.0
h_6_6,23534.0,0.0
h_6_5,23534.0,0.0
h_6_4,23534.0,0.0
h_6_3,23534.0,0.0
h_6_2,23534.0,0.0
h_6_1,23534.0,0.0
h_6_0,23534.0,0.0
h_5_9,23534.0,0.0
h_5_8,23534.0,0.0
h_5_7,23534.0,0.0
h_5_6,23534.0,0.0
h_5_5,23534.0,0.0
h_5_4,23534.0,0.0
h_5_3,23534.0,0.0
h_5_2,23534.0,0.0
h_5_1,23534.0,0.0
h_5_0,23534.0,0.0
h_4_9,23534.0,0.0
h_4_8,23534.0,0.0
h_4_7,23534.0,0.0
h_4_6,23534.0,0.0
h_4_5,23534.0,0.0
h_4_4,23534.0,0.0
h_4_3,23534.0,0.0
h_4_2,23534.0,0.0
h_4_1,23534.0,0.0
h_4_0,23534.0,0.0
h_3_9,23534.0,0.0
h_3_8,23534.0,0.0
h_3_7,23534.0,0.0
h_3_6,23534.0,0.0
h_3_5,23534.0,0.0
h_3_4,23534.0,0.0
h_3_3,23534.0,0.0
h_3_2,23534.0,0.0
h_3_1,23534.0,0.0
h_3_0,23534.0,0.0
h_2_9,23534.0,0.0
h_2_8,23534.0,0.0
h_2_7,23534.0,0.0
h_2_6,23534.0,0.0
h_2_5,23534.0,0.0
h_2_4,23534.0,0.0
h_2_3,23534.0,0.0
h_2_2,23534.0,0.0
h_2_1,23534.0,0.0
h_2_0,23534.0,0.0
h_1_9,23534.0,0.0
h_1_8,23534.0,0.0
h_1_7,23534.0,0.0
h_1_6,23534.0,0.0
h_1_5,23534.0,0.0
h_1_4,23534.0,0.0
h_1_3,23534.0,0.0
h_1_2,23534.0,0.0
h_1_1,23534.0,0.0
h_1_0,23534.0,0.0
h_0_9,23534.0,0.0
h_0_8,23534.0,0.0
h_0_7,23534.0,0.0
h_0_6,23534.0,0.0
h_0_5,23534.0,0.0
h_0_4,23534.0,0.0
h_0_3,23534.0,0.0
h_0_2,23534.0,0.0
h_0_1,23534.0,0.0
h_0_0,23534.0,0.0
h_9_9,23539.0,0.0
h_9_8,23539.0,0.0
h_9_7,23539.0,0.0
h_9_6,23539.0,0.0
h_9_5,23539.0,0.0
h_9_4,23539.0,0.0
h_9_3,23539.0,0.0
h_9_2,23539.0,0.0
h_9_1,23539.0,0.0
h_9_0,23539.0,0.0
h_8_9,23539.0,0.0
h_8_8,23539.0,0.0
h_8_7,23539.0,0.0
h_8_6,23539.0,0.0
h_8_5,23539.0,0.0
h_8_4,23539.0,0.0
h_8_3,23539.0,0.0
h_8_2,23539.0,0.0
h_8_1,23539.0,0.0
h_8_0,23539.0,0.0
h_7_9,23539.0,0.0
h_7_8,23539.0,0.0
h_7_7,23539.0,0.0
h_7_6,23539.0,0.0
h_7_5,23539.0,0.0
h_7_4,23539.0,0.0
h_7_3,23539.0,0.0
h_7_2,23539.0,0.0
h_7_1,23539.0,0.0
h_7_0,23539.0,0.0
h_6_9,23539.0,0.0
h_6_8,23539.0,0.0
h_6_7,23539.0,0.0
h_6_6,23539.0,0.0
h_6_5,23539.0,0.0
h_6_4,23539.0,0.0
h_6_3,23539.0,0.0
h_6_2,23539.0,0.0
h_6_1,23539.0,0.0
h_6_0,23539.0,0.0
h_5_9,23539.0,0.0
h_5_8,23539.0,0.0
h_5_7,23539.0,0.0
h_5_6,23539.0,0.0
h_5_5,23539.0,0.0
h_5_4,23539.0,0.0
h_5_3,23539.0,0.0
h_5_2,23539.0,0.0
h_5_1,23539.0,0.0
h_5_0,23539.0,0.0
h_4_9,23539.0,0.0
h_4_8,23539.0,0.16668270833266494
h_4_7,23539.0,0.16668671874866317
h_4_6,23539.0,0.16668003472155382
h_4_5,23539.0,0.0
h_4_4,23539.0,0.0
h_4_3,23539.0,0.0
h_4_2,23539.0,0.0
h_4_1,23539.0,0.0
h_4_0,23539.0,0.0
h_3_9,23539.0,0.0
h_3_8,23539.0,0.0
h_3_7,23539.0,0.0
h_3_6,23539.0,0.0
h_3_5,23539.0,0.0
h_3_4,23539.0,0.0
h_3_3,23539.0,0.0
h_3_2,23539.0,0.0
h_3_1,23539.0,0.0
h_3_0,23539.0,0.0
h_2_9,23539.0,0.0
h_2_8,23539.0,0.0
h_2_7,23539.0,0.0
h_2_6,23539.0,0.0
h_2_5,23539.0,0.0
h_2_4,23539.0,0.0
h_2_3,23539.0,0.0
h_2_2,23539.0,0.0
h_2_1,23539.0,0.0
h_2_0,23539.0,0.0
h_1_9,23539.0,0.0
h_1_8,23539.0,0.0
h_1_7,23539.0,0.0
h_1_6,23539.0,0.0
h_1_5,23539.0,0.0
h_1_4,23539.0,0.0
h_1_3,23539.0,0.0
h_1_2,23539.0,0.0
h_1_1,23539.0,0.0
h_1_0,23539.0,0.0
h_0_9,23539.0,0.0
h_0_8,23539.0,0.0
h_0_7,23539.0,0.0
h_0_6,23539.0,0.0
h_0_5,23539.0,0.0
h_0_4,23539.0,0.0
h_0_3,23539.0,0.0
h_0_2,23539.0,0.0
h_0_1,23539.0,0.0
h_0_0,23539.0,0.0
h_9_9,25458.0,0.0
h_9_8,25458.0,0.0
h_9_7,25458.0,0.0
h_9_6,25458.0,0.0
h_9_5,25458.0,0.0
h_9_4,25458.0,0.0
h_9_3,25458.0,0.0
h_9_2,25458.0,0.0
h_9_1,25458.0,0.0
h_9_0,25458.0,0.0
h_8_9,25458.0,0.0
h_8_8,25458.0,0.0
h_8_7,25458.0,0.0
h_8_6,25458.0,0.0
h_8_5,25458.0,0.0
h_8_4,25458.0,0.0
h_8_3,25458.0,0.0
h_8_2,25458.0,0.0
h_8_1,25458.0,0.0
h_8_0,25458.0,0.0
h_7_9,25458.0,0.0
h_7_8,25458.0,0.0
h_7_7,25458.0,0.0
h_7_6,25458.0,0.0
h_7_5,25458.0,0.0
h_7_4,25458.0,0.0
h_7_3,25458.0,0.0
h_7_2,25458.0,0.0
h_7_1,25458.0,0.0
h_7_0,25458.0,0.0
h_6_9,25458.0,0.0
h_6_8,25458.0,0.0
h_6_7,25458.0,0.0
h_6_6,25458.0,0.0
h_6_5,25458.0,0.0
h_6_4,25458.0,0.0
h_6_3,25458.0,0.0
h_6_2,25458.0,0.0
h_6_1,25458.0,0.0
h_6_0,25458.0,0.0
h_5_9,25458.0,0.0
h_5_8,25458.0,0.0
h_5_7,25458.0,0.0
h_5_6,25458.0,0.0
h_5_5,25458.0,0.0
h_5_4,25458.0,0.0
h_5_3,25458.0,0.0
h_5_2,25458.0,0.0
h_5_1,25458.0,0.0
h_5_0,25458.0,0.0
h_4_9,25458.0,0.0
h_4_8,25458.0,0.0
h_4_7,25458.0,0.0
h_4_6,25458.0,0.0
h_4_5,25458.0,0.0
h_4_4,25458.0,0.0
h_4_3,25458.0,0.0
h_4_2,25458.0,0.0
h_4_1,25458.0,0.0
h_4_0,25458.0,0.0
h_3_9,25458.0,0.0
h_3_8,25458.0,0.0
h_3_7,25458.0,0.0
h_3_6,25458.0,0.0
h_3_5,25458.0,0.0
h_3_4,25458.0,0.0
h_3_3,25458.0,0.0
h_3_2,25458.0,0.0
h_3_1,25458.0,0.0
h_3_0,25458.0,0.0
h_2_9,25458.0,0.0
h_2_8,25458.0,0.0
h_2_7,25458.0,0.0
h_2_6,25458.0,0.0
h_2_5,25458.0,0.0
h_2_4,25458.0,0.0
h_2_3,25458.0,0.0
h_2_2,25458.0,0.0
h_2_1,25458.0,0.0
h_2_0,25458.0,0.0
h_1_9,25458.0,0.0
h_1_8,25458.0,0.0
h_1_7,25458.0,0.0
h_1_6,25458.0,0.0
h_1_5,25458.0,0.0
h_1_4,25458.0,0.0
h_1_3,25458.0,0.0
h_1_2,25458.0,0.0
h_1_1,25458.0,0.0
h_1_0,25458.0,0.0
h_0_9,25458.0,0.0
h_0_8,25458.0,0.0
h_0_7,25458.0,0.0
h_0_6,25458.0,0.0
h_0_5,25458.0,0.0
h_0_4,25458.0,0.0
h_0_3,25458.0,0.0
h_0_2,25458.0,0.0
h_0_1,25458.0,0.0
h_0_0,25458.0,0.0
h_9_9,25463.0,0.0
h_9_8,25463.0,0.0
h_9_7,25463.0,0.0
h_9_6,25463.0,0.0
h_9_5,25463.0,0.0
h_9_4,25463.0,0.0
h_9_3,25463.0,0.0
h_9_2,25463.0,0.0
h_9_1,25463.0,0.0
h_9_0,25463.0,0.0
h_8_9,25463.0,0.0
h_8_8,25463.0,0.0
h_8_7,25463.0,0.0
h_8_6,25463.0,0.0
h_8_5,25463.0,0.0
h_8_4,25463.0,0.0
h_8_3,25463.0,0.0
h_8_2,25463.0,0.0
h_8_1,25463.0,0.0
h_8_0,25463.0,0.0
h_7_9,25463.0,0.0
h_7_8,25463.0,0.0
h_7_7,25463.0,0.0
h_7_6,25463.0,0.0
h_7_5,25463.0,0.0
h_7_4,25463.0,0.0
h_7_3,25463.0,0.0
h_7_2,25463.0,0.0
h_7_1,25463.0,0.0
h_7_0,25463.0,0.0
h_6_9,25463.0,0.0
h_6_8,25463.0,0.0
h_6_7,25463.0,0.0
h_6_6,25463.0,0.0
h_6_5,25463.0,0.0
h_6_4,25463.0,0.0
h_6_3,25463.0,0.0
h_6_2,25463.0,0.0
h_6_1,25463.0,0.0
h_6_0,25463.0,0.0
h_5_9,25463.0,0.0
h_5_8,25463.0,0.0
h_5_7,25463.0,0.0
h_5_6,25463.0,0.0
h_5_5,25463.0,0.0
h_5_4,25463.0,0.0
h_5_3,25463.0,0.0
h_5_2,25463.0,0.0
h_5_1,25463.0,0.0
h_5_0,25463.0,0.0
h_4_9,25463.0,0.0
h_4_8,25463.0,0.0
h_4_7,25463.0,0.0
h_4_6,25463.0,0.0
h_4_5,25463.0,0.16668270833266494
h_4_4,25463.0,0.16668671874866317
h_4_3,25463.0,0.16668003472155382
h_4_2,25463.0,0.0
h_4_1,25463.0,0.0
h_4_0,25463.0,0.0
h_3_9,25463.0,0.0
h_3_8,25463.0,0.0
h_3_7,25463.0,0.0
h_3_6,25463.0,0.0
h_3_5,25463.0,0.0
h_3_4,25463.0,0.0
h_3_3,25463.0,0.0
h_3_2,25463.0,0.0
h_3_1,25463.0,0.0
h_3_0,25463.0,0.0
h_2_9,25463.0,0.0
h_2_8,25463.0,0.0
h_2_7,25463.0,0.0
h_2_6,25463.0,0.0
h_2_5,25463.0,0.0
h_2_4,25463.0,0.0
h_2_3,25463.0,0.0
h_2_2,25463.0,0.0
h_2_1,25463.0,0.0
h_2_0,25463.0,0.0
h_1_9,25463.0,0.0
h_1_8,25463.0,0.0
h_1_7,25463.0,0.0
h_1_6,25463.0,0.0
h_1_5,25463.0,0.0
h_1_4,25463.0,0.0
h_1_3,25463.0,0.0
h_1_2,25463.0,0.0
h_1_1,25463.0,0.0
h_1_0,25463.0,0.0
h_0_9,25463.0,0.0
h_0_8,25463.0,0.0
h_0_7,25463.0,0.0
h_0_6,25463.0,0.0
h_0_5,25463.0,0.0
h_0_4,25463.0,0.0
h_0_3,25463.0,0.0
h_0_2,25463.0,0.0
h_0_1,25463.0,0.0
h_0_0,25463.0,0.0
