Switch: e9,5.0,0.499
Switch: e7,5.0,0.0
Switch: e2,5.0,0.0
Switch: e7,5.0,0.0
Switch: e2,5.0,0.0
Switch: e2,5.0,0.0
Switch: c,5.0,0.0
Switch: e5,5.0,0.0
Switch: e7,5.0,0.0
Switch: e4,5.0,0.0
Switch: c,5.0,0.0
Switch: e1,5.0,0.0
Switch: e8,5.0,0.0
Switch: e2,5.0,0.0
Switch: e9,5.0,0.998
Switch: e5,5.0,0.0
Switch: e3,5.0,0.0
Switch: e0,5.0,0.0
Switch: e7,5.0,0.0
Switch: e8,5.0,0.0
Switch: e1,5.0,0.0
Switch: e5,5.0,0.0
Switch: e5,5.0,0.0
Switch: e9,5.0,0.998
Switch: e6,5.0,0.0
Switch: e3,5.0,0.0
Switch: e2,5.0,0.0
Switch: e2,5.0,0.0
Switch: e4,5.0,0.0
Switch: e2,5.0,0.0
Switch: e3,5.0,0.0
Switch: e6,5.0,0.0
Switch: e1,5.0,0.0
Switch: e1,5.0,0.0
Switch: e1,5.0,0.0
Switch: e7,5.0,0.0
Switch: e7,5.0,0.0
Switch: e5,5.0,0.0
Switch: e6,5.0,0.0
Switch: e4,5.0,0.0
Switch: e9,5.0,0.0
Switch: e1,5.0,0.0
Switch: e8,5.0,0.0
Switch: e3,5.0,0.0
Switch: e3,5.0,0.0
Switch: e7,5.0,0.0
Switch: e6,5.0,0.0
Switch: e6,5.0,0.0
Switch: e4,5.0,0.0
Switch: c,5.0,0.0
Switch: e7,5.0,0.0
Switch: e8,5.0,0.0
Switch: c,5.0,0.0
Switch: e8,5.0,0.0
Switch: e9,5.0,0.0
Switch: e8,5.0,0.0
Switch: e2,5.0,0.0
Switch: e0,5.0,0.0
Switch: e5,5.0,0.0
Switch: e1,5.0,0.0
Switch: e6,5.0,0.0
Switch: e9,5.0,0.0
Switch: e9,5.0,0.499
Switch: e0,5.0,0.0
Switch: e0,5.0,0.0
Switch: e3,5.0,0.0
Switch: e6,5.0,0.0
Switch: c,5.0,0.0
Switch: e6,5.0,0.0
Switch: e4,5.0,0.0
Switch: e4,5.0,0.0
Switch: e9,5.0,0.0
Switch: e7,5.0,0.0
Switch: e8,5.0,0.0
Switch: c,5.0,0.0
Switch: e9,5.0,0.0
Switch: e5,5.0,0.0
Switch: e3,5.0,0.0
Switch: e6,5.0,0.0
Switch: e8,5.0,0.0
Switch: e0,5.0,0.0
Switch: e5,5.0,0.0
Switch: e2,5.0,0.0
Switch: e3,5.0,0.0
Switch: e9,5.0,0.0
Switch: e1,5.0,0.0
Switch: c,5.0,0.0
Switch: e2,5.0,0.0
Switch: e0,5.0,0.0
Switch: e8,5.0,0.0
Switch: e4,5.0,0.0
Switch: e4,5.0,0.0
Switch: e6,5.0,0.0
Switch: c,5.0,0.0
Switch: e3,5.0,0.0
Switch: e0,5.0,0.0
Switch: e4,5.0,0.0
Switch: e3,5.0,0.0
Switch: c,5.0,0.0
Switch: e4,5.0,0.0
Switch: e0,5.0,0.0
Switch: e0,5.0,0.0
Switch: e7,5.0,0.0
Switch: e1,5.0,0.0
Switch: e8,5.0,0.0
Switch: e1,5.0,0.0
Switch: c,5.0,0.0
Switch: e0,5.0,0.0
Switch: e5,5.0,0.0
Switch: e5,5.0,0.0
Switch: e9,2390.0,238.5
Switch: e7,2390.0,0.0
Switch: e2,2390.0,0.0
Switch: e7,2390.0,0.0
Switch: e2,2390.0,0.0
Switch: e2,2390.0,0.0
Switch: c,2390.0,0.0
Switch: e5,2390.0,0.0
Switch: e7,2390.0,0.0
Switch: e4,2390.0,0.0
Switch: c,2390.0,0.0
Switch: e1,2390.0,0.0
Switch: e8,2390.0,0.0
Switch: e2,2390.0,0.0
Switch: e9,2390.0,477.0
Switch: e5,2390.0,0.0
Switch: e3,2390.0,0.0
Switch: e0,2390.0,0.0
Switch: e7,2390.0,0.0
Switch: e8,2390.0,0.0
Switch: e1,2390.0,0.0
Switch: e5,2390.0,0.0
Switch: e5,2390.0,0.0
Switch: e9,2390.0,477.0
Switch: e6,2390.0,0.0
Switch: e3,2390.0,0.0
Switch: e2,2390.0,0.0
Switch: e2,2390.0,0.0
Switch: e4,2390.0,0.0
Switch: e2,2390.0,0.0
Switch: e3,2390.0,0.0
Switch: e6,2390.0,0.0
Switch: e1,2390.0,0.0
Switch: e1,2390.0,0.0
Switch: e1,2390.0,0.0
Switch: e7,2390.0,0.0
Switch: e7,2390.0,0.0
Switch: e5,2390.0,0.0
Switch: e6,2390.0,0.0
Switch: e4,2390.0,0.0
Switch: e9,2390.0,0.0
Switch: e1,2390.0,0.0
Switch: e8,2390.0,0.0
Switch: e3,2390.0,0.0
Switch: e3,2390.0,0.0
Switch: e7,2390.0,0.0
Switch: e6,2390.0,0.0
Switch: e6,2390.0,0.0
Switch: e4,2390.0,0.0
Switch: c,2390.0,0.0
Switch: e7,2390.0,0.0
Switch: e8,2390.0,0.0
Switch: c,2390.0,0.0
Switch: e8,2390.0,0.0
Switch: e9,2390.0,0.0
Switch: e8,2390.0,0.0
Switch: e2,2390.0,0.0
Switch: e0,2390.0,0.0
Switch: e5,2390.0,0.0
Switch: e1,2390.0,0.0
Switch: e6,2390.0,0.0
Switch: e9,2390.0,0.0
Switch: e9,2390.0,238.5
Switch: e0,2390.0,0.0
Switch: e0,2390.0,0.0
Switch: e3,2390.0,0.0
Switch: e6,2390.0,0.0
Switch: c,2390.0,0.0
Switch: e6,2390.0,0.0
Switch: e4,2390.0,0.0
Switch: e4,2390.0,0.0
Switch: e9,2390.0,0.0
Switch: e7,2390.0,0.0
Switch: e8,2390.0,0.0
Switch: c,2390.0,0.0
Switch: e9,2390.0,0.0
Switch: e5,2390.0,0.0
Switch: e3,2390.0,0.0
Switch: e6,2390.0,0.0
Switch: e8,2390.0,0.0
Switch: e0,2390.0,0.0
Switch: e5,2390.0,0.0
Switch: e2,2390.0,0.0
Switch: e3,2390.0,0.0
Switch: e9,2390.0,0.0
Switch: e1,2390.0,0.0
Switch: c,2390.0,0.0
Switch: e2,2390.0,0.0
Switch: e0,2390.0,0.0
Switch: e8,2390.0,0.0
Switch: e4,2390.0,0.0
Switch: e4,2390.0,0.0
Switch: e6,2390.0,0.0
Switch: c,2390.0,0.0
Switch: e3,2390.0,0.0
Switch: e0,2390.0,0.0
Switch: e4,2390.0,0.0
Switch: e3,2390.0,0.0
Switch: c,2390.0,0.0
Switch: e4,2390.0,0.0
Switch: e0,2390.0,0.0
Switch: e0,2390.0,0.0
Switch: e7,2390.0,0.0
Switch: e1,2390.0,0.0
Switch: e8,2390.0,0.0
Switch: e1,2390.0,0.0
Switch: c,2390.0,0.0
Switch: e0,2390.0,0.0
Switch: e5,2390.0,0.0
Switch: e5,2390.0,0.0
Switch: e9,2395.0,0.0
Switch: e7,2395.0,0.0
Switch: e2,2395.0,0.0
Switch: e7,2395.0,0.0
Switch: e2,2395.0,0.0
Switch: e2,2395.0,0.0
Switch: c,2395.0,0.0
Switch: e5,2395.0,0.0
Switch: e7,2395.0,0.0
Switch: e4,2395.0,0.0
Switch: c,2395.0,0.0
Switch: e1,2395.0,0.0
Switch: e8,2395.0,0.0
Switch: e2,2395.0,0.0
Switch: e9,2395.0,0.0
Switch: e5,2395.0,0.0
Switch: e3,2395.0,0.0
Switch: e0,2395.0,0.0
Switch: e7,2395.0,0.0
Switch: e8,2395.0,0.0
Switch: e1,2395.0,0.0
Switch: e5,2395.0,0.0
Switch: e5,2395.0,0.0
Switch: e9,2395.0,0.0
Switch: e6,2395.0,0.0
Switch: e3,2395.0,0.0
Switch: e2,2395.0,0.0
Switch: e2,2395.0,0.0
Switch: e4,2395.0,0.0
Switch: e2,2395.0,0.0
Switch: e3,2395.0,0.0
Switch: e6,2395.0,0.0
Switch: e1,2395.0,0.0
Switch: e1,2395.0,0.0
Switch: e1,2395.0,0.0
Switch: e7,2395.0,0.0
Switch: e7,2395.0,0.0
Switch: e5,2395.0,0.0
Switch: e6,2395.0,0.0
Switch: e4,2395.0,0.0
Switch: e9,2395.0,0.998
Switch: e1,2395.0,0.0
Switch: e8,2395.0,0.0
Switch: e3,2395.0,0.0
Switch: e3,2395.0,0.0
Switch: e7,2395.0,0.0
Switch: e6,2395.0,0.0
Switch: e6,2395.0,0.0
Switch: e4,2395.0,0.0
Switch: c,2395.0,0.0
Switch: e7,2395.0,0.0
Switch: e8,2395.0,0.0
Switch: c,2395.0,0.0
Switch: e8,2395.0,0.0
Switch: e9,2395.0,0.0
Switch: e8,2395.0,0.0
Switch: e2,2395.0,0.0
Switch: e0,2395.0,0.0
Switch: e5,2395.0,0.0
Switch: e1,2395.0,0.0
Switch: e6,2395.0,0.0
Switch: e9,2395.0,0.499
Switch: e9,2395.0,0.0
Switch: e0,2395.0,0.0
Switch: e0,2395.0,0.0
Switch: e3,2395.0,0.0
Switch: e6,2395.0,0.0
Switch: c,2395.0,0.0
Switch: e6,2395.0,0.0
Switch: e4,2395.0,0.0
Switch: e4,2395.0,0.0
Switch: e9,2395.0,0.0
Switch: e7,2395.0,0.0
Switch: e8,2395.0,0.0
Switch: c,2395.0,0.0
Switch: e9,2395.0,0.499
Switch: e5,2395.0,0.0
Switch: e3,2395.0,0.0
Switch: e6,2395.0,0.0
Switch: e8,2395.0,0.0
Switch: e0,2395.0,0.0
Switch: e5,2395.0,0.0
Switch: e2,2395.0,0.0
Switch: e3,2395.0,0.0
Switch: e9,2395.0,0.0
Switch: e1,2395.0,0.0
Switch: c,2395.0,0.0
Switch: e2,2395.0,0.0
Switch: e0,2395.0,0.0
Switch: e8,2395.0,0.0
Switch: e4,2395.0,0.0
Switch: e4,2395.0,0.0
Switch: e6,2395.0,0.0
Switch: c,2395.0,0.0
Switch: e3,2395.0,0.0
Switch: e0,2395.0,0.0
Switch: e4,2395.0,0.0
Switch: e3,2395.0,0.0
Switch: c,2395.0,0.0
Switch: e4,2395.0,0.0
Switch: e0,2395.0,0.0
Switch: e0,2395.0,0.0
Switch: e7,2395.0,0.0
Switch: e1,2395.0,0.0
Switch: e8,2395.0,0.0
Switch: e1,2395.0,0.0
Switch: c,2395.0,0.0
Switch: e0,2395.0,0.0
Switch: e5,2395.0,0.0
Switch: e5,2395.0,0.0
Switch: e9,2423.0,0.0
Switch: e7,2423.0,0.0
Switch: e2,2423.0,0.0
Switch: e7,2423.0,0.0
Switch: e2,2423.0,0.0
Switch: e2,2423.0,0.0
Switch: c,2423.0,0.0
Switch: e5,2423.0,0.0
Switch: e7,2423.0,0.0
Switch: e4,2423.0,0.0
Switch: c,2423.0,0.0
Switch: e1,2423.0,0.0
Switch: e8,2423.0,0.0
Switch: e2,2423.0,0.0
Switch: e9,2423.0,0.0
Switch: e5,2423.0,0.0
Switch: e3,2423.0,0.0
Switch: e0,2423.0,0.0
Switch: e7,2423.0,0.0
Switch: e8,2423.0,0.0
Switch: e1,2423.0,0.0
Switch: e5,2423.0,0.0
Switch: e5,2423.0,0.0
Switch: e9,2423.0,0.0
Switch: e6,2423.0,0.0
Switch: e3,2423.0,0.0
Switch: e2,2423.0,0.0
Switch: e2,2423.0,0.0
Switch: e4,2423.0,0.0
Switch: e2,2423.0,0.0
Switch: e3,2423.0,0.0
Switch: e6,2423.0,0.0
Switch: e1,2423.0,0.0
Switch: e1,2423.0,0.0
Switch: e1,2423.0,0.0
Switch: e7,2423.0,0.0
Switch: e7,2423.0,0.0
Switch: e5,2423.0,0.0
Switch: e6,2423.0,0.0
Switch: e4,2423.0,0.0
Switch: e9,2423.0,5.6
Switch: e1,2423.0,0.0
Switch: e8,2423.0,0.0
Switch: e3,2423.0,0.0
Switch: e3,2423.0,0.0
Switch: e7,2423.0,0.0
Switch: e6,2423.0,0.0
Switch: e6,2423.0,0.0
Switch: e4,2423.0,0.0
Switch: c,2423.0,0.0
Switch: e7,2423.0,0.0
Switch: e8,2423.0,0.0
Switch: c,2423.0,0.0
Switch: e8,2423.0,0.0
Switch: e9,2423.0,0.0
Switch: e8,2423.0,0.0
Switch: e2,2423.0,0.0
Switch: e0,2423.0,0.0
Switch: e5,2423.0,0.0
Switch: e1,2423.0,0.0
Switch: e6,2423.0,0.0
Switch: e9,2423.0,2.8
Switch: e9,2423.0,0.0
Switch: e0,2423.0,0.0
Switch: e0,2423.0,0.0
Switch: e3,2423.0,0.0
Switch: e6,2423.0,0.0
Switch: c,2423.0,0.0
Switch: e6,2423.0,0.0
Switch: e4,2423.0,0.0
Switch: e4,2423.0,0.0
Switch: e9,2423.0,0.0
Switch: e7,2423.0,0.0
Switch: e8,2423.0,0.0
Switch: c,2423.0,0.0
Switch: e9,2423.0,2.8
Switch: e5,2423.0,0.0
Switch: e3,2423.0,0.0
Switch: e6,2423.0,0.0
Switch: e8,2423.0,0.0
Switch: e0,2423.0,0.0
Switch: e5,2423.0,0.0
Switch: e2,2423.0,0.0
Switch: e3,2423.0,0.0
Switch: e9,2423.0,0.0
Switch: e1,2423.0,0.0
Switch: c,2423.0,0.0
Switch: e2,2423.0,0.0
Switch: e0,2423.0,0.0
Switch: e8,2423.0,0.0
Switch: e4,2423.0,0.0
Switch: e4,2423.0,0.0
Switch: e6,2423.0,0.0
Switch: c,2423.0,0.0
Switch: e3,2423.0,0.0
Switch: e0,2423.0,0.0
Switch: e4,2423.0,0.0
Switch: e3,2423.0,0.0
Switch: c,2423.0,0.0
Switch: e4,2423.0,0.0
Switch: e0,2423.0,0.0
Switch: e0,2423.0,0.0
Switch: e7,2423.0,0.0
Switch: e1,2423.0,0.0
Switch: e8,2423.0,0.0
Switch: e1,2423.0,0.0
Switch: c,2423.0,0.0
Switch: e0,2423.0,0.0
Switch: e5,2423.0,0.0
Switch: e5,2423.0,0.0
Switch: e9,2428.0,0.0
Switch: e7,2428.0,0.0
Switch: e2,2428.0,0.0
Switch: e7,2428.0,0.0
Switch: e2,2428.0,0.0
Switch: e2,2428.0,0.0
Switch: c,2428.0,0.0
Switch: e5,2428.0,0.0
Switch: e7,2428.0,0.0
Switch: e4,2428.0,0.0
Switch: c,2428.0,0.0
Switch: e1,2428.0,0.0
Switch: e8,2428.0,0.0
Switch: e2,2428.0,0.0
Switch: e9,2428.0,0.0
Switch: e5,2428.0,0.0
Switch: e3,2428.0,0.0
Switch: e0,2428.0,0.0
Switch: e7,2428.0,0.0
Switch: e8,2428.0,0.0
Switch: e1,2428.0,0.0
Switch: e5,2428.0,0.0
Switch: e5,2428.0,0.0
Switch: e9,2428.0,0.0
Switch: e6,2428.0,0.0
Switch: e3,2428.0,0.0
Switch: e2,2428.0,0.0
Switch: e2,2428.0,0.0
Switch: e4,2428.0,0.0
Switch: e2,2428.0,0.0
Switch: e3,2428.0,0.0
Switch: e6,2428.0,0.0
Switch: e1,2428.0,0.0
Switch: e1,2428.0,0.0
Switch: e1,2428.0,0.0
Switch: e7,2428.0,0.0
Switch: e7,2428.0,0.0
Switch: e5,2428.0,0.0
Switch: e6,2428.0,0.0
Switch: e4,2428.0,0.0
Switch: e9,2428.0,0.0
Switch: e1,2428.0,0.0
Switch: e8,2428.0,0.0
Switch: e3,2428.0,0.0
Switch: e3,2428.0,0.0
Switch: e7,2428.0,0.0
Switch: e6,2428.0,0.0
Switch: e6,2428.0,0.0
Switch: e4,2428.0,0.0
Switch: c,2428.0,0.0
Switch: e7,2428.0,0.0
Switch: e8,2428.0,0.0
Switch: c,2428.0,0.0
Switch: e8,2428.0,0.0
Switch: e9,2428.0,0.499
Switch: e8,2428.0,0.0
Switch: e2,2428.0,0.0
Switch: e0,2428.0,0.0
Switch: e5,2428.0,0.0
Switch: e1,2428.0,0.0
Switch: e6,2428.0,0.0
Switch: e9,2428.0,0.0
Switch: e9,2428.0,0.0
Switch: e0,2428.0,0.0
Switch: e0,2428.0,0.0
Switch: e3,2428.0,0.0
Switch: e6,2428.0,0.0
Switch: c,2428.0,0.0
Switch: e6,2428.0,0.0
Switch: e4,2428.0,0.0
Switch: e4,2428.0,0.0
Switch: e9,2428.0,0.499
Switch: e7,2428.0,0.0
Switch: e8,2428.0,0.0
Switch: c,2428.0,0.0
Switch: e9,2428.0,0.0
Switch: e5,2428.0,0.0
Switch: e3,2428.0,0.0
Switch: e6,2428.0,0.0
Switch: e8,2428.0,0.0
Switch: e0,2428.0,0.0
Switch: e5,2428.0,0.0
Switch: e2,2428.0,0.0
Switch: e3,2428.0,0.0
Switch: e9,2428.0,0.998
Switch: e1,2428.0,0.0
Switch: c,2428.0,0.0
Switch: e2,2428.0,0.0
Switch: e0,2428.0,0.0
Switch: e8,2428.0,0.0
Switch: e4,2428.0,0.0
Switch: e4,2428.0,0.0
Switch: e6,2428.0,0.0
Switch: c,2428.0,0.0
Switch: e3,2428.0,0.0
Switch: e0,2428.0,0.0
Switch: e4,2428.0,0.0
Switch: e3,2428.0,0.0
Switch: c,2428.0,0.0
Switch: e4,2428.0,0.0
Switch: e0,2428.0,0.0
Switch: e0,2428.0,0.0
Switch: e7,2428.0,0.0
Switch: e1,2428.0,0.0
Switch: e8,2428.0,0.0
Switch: e1,2428.0,0.0
Switch: c,2428.0,0.0
Switch: e0,2428.0,0.0
Switch: e5,2428.0,0.0
Switch: e5,2428.0,0.0
Switch: e9,3585.0,0.0
Switch: e7,3585.0,0.0
Switch: e2,3585.0,0.0
Switch: e7,3585.0,0.0
Switch: e2,3585.0,0.0
Switch: e2,3585.0,0.0
Switch: c,3585.0,0.0
Switch: e5,3585.0,0.0
Switch: e7,3585.0,0.0
Switch: e4,3585.0,0.0
Switch: c,3585.0,0.0
Switch: e1,3585.0,0.0
Switch: e8,3585.0,0.0
Switch: e2,3585.0,0.0
Switch: e9,3585.0,0.0
Switch: e5,3585.0,0.0
Switch: e3,3585.0,0.0
Switch: e0,3585.0,0.0
Switch: e7,3585.0,0.0
Switch: e8,3585.0,0.0
Switch: e1,3585.0,0.0
Switch: e5,3585.0,0.0
Switch: e5,3585.0,0.0
Switch: e9,3585.0,0.0
Switch: e6,3585.0,0.0
Switch: e3,3585.0,0.0
Switch: e2,3585.0,0.0
Switch: e2,3585.0,0.0
Switch: e4,3585.0,0.0
Switch: e2,3585.0,0.0
Switch: e3,3585.0,0.0
Switch: e6,3585.0,0.0
Switch: e1,3585.0,0.0
Switch: e1,3585.0,0.0
Switch: e1,3585.0,0.0
Switch: e7,3585.0,0.0
Switch: e7,3585.0,0.0
Switch: e5,3585.0,0.0
Switch: e6,3585.0,0.0
Switch: e4,3585.0,0.0
Switch: e9,3585.0,0.0
Switch: e1,3585.0,0.0
Switch: e8,3585.0,0.0
Switch: e3,3585.0,0.0
Switch: e3,3585.0,0.0
Switch: e7,3585.0,0.0
Switch: e6,3585.0,0.0
Switch: e6,3585.0,0.0
Switch: e4,3585.0,0.0
Switch: c,3585.0,0.0
Switch: e7,3585.0,0.0
Switch: e8,3585.0,0.0
Switch: c,3585.0,0.0
Switch: e8,3585.0,0.0
Switch: e9,3585.0,115.7
Switch: e8,3585.0,0.0
Switch: e2,3585.0,0.0
Switch: e0,3585.0,0.0
Switch: e5,3585.0,0.0
Switch: e1,3585.0,0.0
Switch: e6,3585.0,0.0
Switch: e9,3585.0,0.0
Switch: e9,3585.0,0.0
Switch: e0,3585.0,0.0
Switch: e0,3585.0,0.0
Switch: e3,3585.0,0.0
Switch: e6,3585.0,0.0
Switch: c,3585.0,0.0
Switch: e6,3585.0,0.0
Switch: e4,3585.0,0.0
Switch: e4,3585.0,0.0
Switch: e9,3585.0,115.7
Switch: e7,3585.0,0.0
Switch: e8,3585.0,0.0
Switch: c,3585.0,0.0
Switch: e9,3585.0,0.0
Switch: e5,3585.0,0.0
Switch: e3,3585.0,0.0
Switch: e6,3585.0,0.0
Switch: e8,3585.0,0.0
Switch: e0,3585.0,0.0
Switch: e5,3585.0,0.0
Switch: e2,3585.0,0.0
Switch: e3,3585.0,0.0
Switch: e9,3585.0,231.4
Switch: e1,3585.0,0.0
Switch: c,3585.0,0.0
Switch: e2,3585.0,0.0
Switch: e0,3585.0,0.0
Switch: e8,3585.0,0.0
Switch: e4,3585.0,0.0
Switch: e4,3585.0,0.0
Switch: e6,3585.0,0.0
Switch: c,3585.0,0.0
Switch: e3,3585.0,0.0
Switch: e0,3585.0,0.0
Switch: e4,3585.0,0.0
Switch: e3,3585.0,0.0
Switch: c,3585.0,0.0
Switch: e4,3585.0,0.0
Switch: e0,3585.0,0.0
Switch: e0,3585.0,0.0
Switch: e7,3585.0,0.0
Switch: e1,3585.0,0.0
Switch: e8,3585.0,0.0
Switch: e1,3585.0,0.0
Switch: c,3585.0,0.0
Switch: e0,3585.0,0.0
Switch: e5,3585.0,0.0
Switch: e5,3585.0,0.0
Switch: e9,3590.0,0.0
Switch: e7,3590.0,0.0
Switch: e2,3590.0,0.0
Switch: e7,3590.0,0.0
Switch: e2,3590.0,0.0
Switch: e2,3590.0,0.0
Switch: c,3590.0,0.0
Switch: e5,3590.0,0.0
Switch: e7,3590.0,0.0
Switch: e4,3590.0,0.0
Switch: c,3590.0,0.0
Switch: e1,3590.0,0.0
Switch: e8,3590.0,0.0
Switch: e2,3590.0,0.0
Switch: e9,3590.0,0.0
Switch: e5,3590.0,0.0
Switch: e3,3590.0,0.0
Switch: e0,3590.0,0.0
Switch: e7,3590.0,0.0
Switch: e8,3590.0,0.0
Switch: e1,3590.0,0.0
Switch: e5,3590.0,0.0
Switch: e5,3590.0,0.0
Switch: e9,3590.0,0.0
Switch: e6,3590.0,0.0
Switch: e3,3590.0,0.0
Switch: e2,3590.0,0.0
Switch: e2,3590.0,0.0
Switch: e4,3590.0,0.0
Switch: e2,3590.0,0.0
Switch: e3,3590.0,0.0
Switch: e6,3590.0,0.0
Switch: e1,3590.0,0.0
Switch: e1,3590.0,0.0
Switch: e1,3590.0,0.0
Switch: e7,3590.0,0.0
Switch: e7,3590.0,0.0
Switch: e5,3590.0,0.0
Switch: e6,3590.0,0.0
Switch: e4,3590.0,0.0
Switch: e9,3590.0,0.0
Switch: e1,3590.0,0.0
Switch: e8,3590.0,0.0
Switch: e3,3590.0,0.0
Switch: e3,3590.0,0.0
Switch: e7,3590.0,0.0
Switch: e6,3590.0,0.0
Switch: e6,3590.0,0.0
Switch: e4,3590.0,0.0
Switch: c,3590.0,0.0
Switch: e7,3590.0,0.0
Switch: e8,3590.0,0.0
Switch: c,3590.0,0.0
Switch: e8,3590.0,0.0
Switch: e9,3590.0,0.0
Switch: e8,3590.0,0.499
Switch: e2,3590.0,0.0
Switch: e0,3590.0,0.0
Switch: e5,3590.0,0.0
Switch: e1,3590.0,0.0
Switch: e6,3590.0,0.0
Switch: e9,3590.0,0.0
Switch: e9,3590.0,0.0
Switch: e0,3590.0,0.0
Switch: e0,3590.0,0.0
Switch: e3,3590.0,0.0
Switch: e6,3590.0,0.0
Switch: c,3590.0,0.0
Switch: e6,3590.0,0.0
Switch: e4,3590.0,0.0
Switch: e4,3590.0,0.0
Switch: e9,3590.0,0.0
Switch: e7,3590.0,0.0
Switch: e8,3590.0,0.0
Switch: c,3590.0,0.0
Switch: e9,3590.0,0.0
Switch: e5,3590.0,0.0
Switch: e3,3590.0,0.0
Switch: e6,3590.0,0.0
Switch: e8,3590.0,0.499
Switch: e0,3590.0,0.0
Switch: e5,3590.0,0.0
Switch: e2,3590.0,0.0
Switch: e3,3590.0,0.0
Switch: e9,3590.0,0.0
Switch: e1,3590.0,0.0
Switch: c,3590.0,0.0
Switch: e2,3590.0,0.0
Switch: e0,3590.0,0.0
Switch: e8,3590.0,0.0
Switch: e4,3590.0,0.0
Switch: e4,3590.0,0.0
Switch: e6,3590.0,0.0
Switch: c,3590.0,0.0
Switch: e3,3590.0,0.0
Switch: e0,3590.0,0.0
Switch: e4,3590.0,0.0
Switch: e3,3590.0,0.0
Switch: c,3590.0,0.0
Switch: e4,3590.0,0.0
Switch: e0,3590.0,0.0
Switch: e0,3590.0,0.0
Switch: e7,3590.0,0.0
Switch: e1,3590.0,0.0
Switch: e8,3590.0,0.998
Switch: e1,3590.0,0.0
Switch: c,3590.0,0.0
Switch: e0,3590.0,0.0
Switch: e5,3590.0,0.0
Switch: e5,3590.0,0.0
Switch: e9,5260.0,0.0
Switch: e7,5260.0,0.0
Switch: e2,5260.0,0.0
Switch: e7,5260.0,0.0
Switch: e2,5260.0,0.0
Switch: e2,5260.0,0.0
Switch: c,5260.0,0.0
Switch: e5,5260.0,0.0
Switch: e7,5260.0,0.0
Switch: e4,5260.0,0.0
Switch: c,5260.0,0.0
Switch: e1,5260.0,0.0
Switch: e8,5260.0,0.0
Switch: e2,5260.0,0.0
Switch: e9,5260.0,0.0
Switch: e5,5260.0,0.0
Switch: e3,5260.0,0.0
Switch: e0,5260.0,0.0
Switch: e7,5260.0,0.0
Switch: e8,5260.0,0.0
Switch: e1,5260.0,0.0
Switch: e5,5260.0,0.0
Switch: e5,5260.0,0.0
Switch: e9,5260.0,0.0
Switch: e6,5260.0,0.0
Switch: e3,5260.0,0.0
Switch: e2,5260.0,0.0
Switch: e2,5260.0,0.0
Switch: e4,5260.0,0.0
Switch: e2,5260.0,0.0
Switch: e3,5260.0,0.0
Switch: e6,5260.0,0.0
Switch: e1,5260.0,0.0
Switch: e1,5260.0,0.0
Switch: e1,5260.0,0.0
Switch: e7,5260.0,0.0
Switch: e7,5260.0,0.0
Switch: e5,5260.0,0.0
Switch: e6,5260.0,0.0
Switch: e4,5260.0,0.0
Switch: e9,5260.0,0.0
Switch: e1,5260.0,0.0
Switch: e8,5260.0,0.0
Switch: e3,5260.0,0.0
Switch: e3,5260.0,0.0
Switch: e7,5260.0,0.0
Switch: e6,5260.0,0.0
Switch: e6,5260.0,0.0
Switch: e4,5260.0,0.0
Switch: c,5260.0,0.0
Switch: e7,5260.0,0.0
Switch: e8,5260.0,0.0
Switch: c,5260.0,0.0
Switch: e8,5260.0,0.0
Switch: e9,5260.0,0.0
Switch: e8,5260.0,167.0
Switch: e2,5260.0,0.0
Switch: e0,5260.0,0.0
Switch: e5,5260.0,0.0
Switch: e1,5260.0,0.0
Switch: e6,5260.0,0.0
Switch: e9,5260.0,0.0
Switch: e9,5260.0,0.0
Switch: e0,5260.0,0.0
Switch: e0,5260.0,0.0
Switch: e3,5260.0,0.0
Switch: e6,5260.0,0.0
Switch: c,5260.0,0.0
Switch: e6,5260.0,0.0
Switch: e4,5260.0,0.0
Switch: e4,5260.0,0.0
Switch: e9,5260.0,0.0
Switch: e7,5260.0,0.0
Switch: e8,5260.0,0.0
Switch: c,5260.0,0.0
Switch: e9,5260.0,0.0
Switch: e5,5260.0,0.0
Switch: e3,5260.0,0.0
Switch: e6,5260.0,0.0
Switch: e8,5260.0,167.0
Switch: e0,5260.0,0.0
Switch: e5,5260.0,0.0
Switch: e2,5260.0,0.0
Switch: e3,5260.0,0.0
Switch: e9,5260.0,0.0
Switch: e1,5260.0,0.0
Switch: c,5260.0,0.0
Switch: e2,5260.0,0.0
Switch: e0,5260.0,0.0
Switch: e8,5260.0,0.0
Switch: e4,5260.0,0.0
Switch: e4,5260.0,0.0
Switch: e6,5260.0,0.0
Switch: c,5260.0,0.0
Switch: e3,5260.0,0.0
Switch: e0,5260.0,0.0
Switch: e4,5260.0,0.0
Switch: e3,5260.0,0.0
Switch: c,5260.0,0.0
Switch: e4,5260.0,0.0
Switch: e0,5260.0,0.0
Switch: e0,5260.0,0.0
Switch: e7,5260.0,0.0
Switch: e1,5260.0,0.0
Switch: e8,5260.0,334.0
Switch: e1,5260.0,0.0
Switch: c,5260.0,0.0
Switch: e0,5260.0,0.0
Switch: e5,5260.0,0.0
Switch: e5,5260.0,0.0
Switch: e9,5265.0,0.0
Switch: e7,5265.0,0.0
Switch: e2,5265.0,0.0
Switch: e7,5265.0,0.0
Switch: e2,5265.0,0.0
Switch: e2,5265.0,0.0
Switch: c,5265.0,0.0
Switch: e5,5265.0,0.0
Switch: e7,5265.0,0.0
Switch: e4,5265.0,0.0
Switch: c,5265.0,0.0
Switch: e1,5265.0,0.0
Switch: e8,5265.0,0.0
Switch: e2,5265.0,0.0
Switch: e9,5265.0,0.0
Switch: e5,5265.0,0.0
Switch: e3,5265.0,0.0
Switch: e0,5265.0,0.0
Switch: e7,5265.0,0.0
Switch: e8,5265.0,0.0
Switch: e1,5265.0,0.0
Switch: e5,5265.0,0.0
Switch: e5,5265.0,0.0
Switch: e9,5265.0,0.0
Switch: e6,5265.0,0.0
Switch: e3,5265.0,0.0
Switch: e2,5265.0,0.0
Switch: e2,5265.0,0.0
Switch: e4,5265.0,0.0
Switch: e2,5265.0,0.0
Switch: e3,5265.0,0.0
Switch: e6,5265.0,0.0
Switch: e1,5265.0,0.0
Switch: e1,5265.0,0.0
Switch: e1,5265.0,0.0
Switch: e7,5265.0,0.0
Switch: e7,5265.0,0.0
Switch: e5,5265.0,0.0
Switch: e6,5265.0,0.0
Switch: e4,5265.0,0.0
Switch: e9,5265.0,0.0
Switch: e1,5265.0,0.0
Switch: e8,5265.0,0.0
Switch: e3,5265.0,0.0
Switch: e3,5265.0,0.0
Switch: e7,5265.0,0.0
Switch: e6,5265.0,0.0
Switch: e6,5265.0,0.0
Switch: e4,5265.0,0.0
Switch: c,5265.0,0.0
Switch: e7,5265.0,0.0
Switch: e8,5265.0,0.998
Switch: c,5265.0,0.0
Switch: e8,5265.0,0.0
Switch: e9,5265.0,0.0
Switch: e8,5265.0,0.0
Switch: e2,5265.0,0.0
Switch: e0,5265.0,0.0
Switch: e5,5265.0,0.0
Switch: e1,5265.0,0.0
Switch: e6,5265.0,0.0
Switch: e9,5265.0,0.0
Switch: e9,5265.0,0.0
Switch: e0,5265.0,0.0
Switch: e0,5265.0,0.0
Switch: e3,5265.0,0.0
Switch: e6,5265.0,0.0
Switch: c,5265.0,0.0
Switch: e6,5265.0,0.0
Switch: e4,5265.0,0.0
Switch: e4,5265.0,0.0
Switch: e9,5265.0,0.0
Switch: e7,5265.0,0.0
Switch: e8,5265.0,0.0
Switch: c,5265.0,0.0
Switch: e9,5265.0,0.0
Switch: e5,5265.0,0.0
Switch: e3,5265.0,0.0
Switch: e6,5265.0,0.0
Switch: e8,5265.0,0.0
Switch: e0,5265.0,0.0
Switch: e5,5265.0,0.0
Switch: e2,5265.0,0.0
Switch: e3,5265.0,0.0
Switch: e9,5265.0,0.0
Switch: e1,5265.0,0.0
Switch: c,5265.0,0.0
Switch: e2,5265.0,0.0
Switch: e0,5265.0,0.0
Switch: e8,5265.0,0.998
Switch: e4,5265.0,0.0
Switch: e4,5265.0,0.0
Switch: e6,5265.0,0.0
Switch: c,5265.0,0.0
Switch: e3,5265.0,0.0
Switch: e0,5265.0,0.0
Switch: e4,5265.0,0.0
Switch: e3,5265.0,0.0
Switch: c,5265.0,0.0
Switch: e4,5265.0,0.0
Switch: e0,5265.0,0.0
Switch: e0,5265.0,0.0
Switch: e7,5265.0,0.0
Switch: e1,5265.0,0.0
Switch: e8,5265.0,0.0
Switch: e1,5265.0,0.0
Switch: c,5265.0,0.0
Switch: e0,5265.0,0.0
Switch: e5,5265.0,0.0
Switch: e5,5265.0,0.0
Switch: e9,5965.0,0.0
Switch: e7,5965.0,0.0
Switch: e2,5965.0,0.0
Switch: e7,5965.0,0.0
Switch: e2,5965.0,0.0
Switch: e2,5965.0,0.0
Switch: c,5965.0,0.0
Switch: e5,5965.0,0.0
Switch: e7,5965.0,0.0
Switch: e4,5965.0,0.0
Switch: c,5965.0,0.0
Switch: e1,5965.0,0.0
Switch: e8,5965.0,0.0
Switch: e2,5965.0,0.0
Switch: e9,5965.0,0.0
Switch: e5,5965.0,0.0
Switch: e3,5965.0,0.0
Switch: e0,5965.0,0.0
Switch: e7,5965.0,0.0
Switch: e8,5965.0,0.0
Switch: e1,5965.0,0.0
Switch: e5,5965.0,0.0
Switch: e5,5965.0,0.0
Switch: e9,5965.0,0.0
Switch: e6,5965.0,0.0
Switch: e3,5965.0,0.0
Switch: e2,5965.0,0.0
Switch: e2,5965.0,0.0
Switch: e4,5965.0,0.0
Switch: e2,5965.0,0.0
Switch: e3,5965.0,0.0
Switch: e6,5965.0,0.0
Switch: e1,5965.0,0.0
Switch: e1,5965.0,0.0
Switch: e1,5965.0,0.0
Switch: e7,5965.0,0.0
Switch: e7,5965.0,0.0
Switch: e5,5965.0,0.0
Switch: e6,5965.0,0.0
Switch: e4,5965.0,0.0
Switch: e9,5965.0,0.0
Switch: e1,5965.0,0.0
Switch: e8,5965.0,0.0
Switch: e3,5965.0,0.0
Switch: e3,5965.0,0.0
Switch: e7,5965.0,0.0
Switch: e6,5965.0,0.0
Switch: e6,5965.0,0.0
Switch: e4,5965.0,0.0
Switch: c,5965.0,0.0
Switch: e7,5965.0,0.0
Switch: e8,5965.0,140.0
Switch: c,5965.0,0.0
Switch: e8,5965.0,0.0
Switch: e9,5965.0,0.0
Switch: e8,5965.0,0.0
Switch: e2,5965.0,0.0
Switch: e0,5965.0,0.0
Switch: e5,5965.0,0.0
Switch: e1,5965.0,0.0
Switch: e6,5965.0,0.0
Switch: e9,5965.0,0.0
Switch: e9,5965.0,0.0
Switch: e0,5965.0,0.0
Switch: e0,5965.0,0.0
Switch: e3,5965.0,0.0
Switch: e6,5965.0,0.0
Switch: c,5965.0,0.0
Switch: e6,5965.0,0.0
Switch: e4,5965.0,0.0
Switch: e4,5965.0,0.0
Switch: e9,5965.0,0.0
Switch: e7,5965.0,0.0
Switch: e8,5965.0,0.0
Switch: c,5965.0,0.0
Switch: e9,5965.0,0.0
Switch: e5,5965.0,0.0
Switch: e3,5965.0,0.0
Switch: e6,5965.0,0.0
Switch: e8,5965.0,0.0
Switch: e0,5965.0,0.0
Switch: e5,5965.0,0.0
Switch: e2,5965.0,0.0
Switch: e3,5965.0,0.0
Switch: e9,5965.0,0.0
Switch: e1,5965.0,0.0
Switch: c,5965.0,0.0
Switch: e2,5965.0,0.0
Switch: e0,5965.0,0.0
Switch: e8,5965.0,140.0
Switch: e4,5965.0,0.0
Switch: e4,5965.0,0.0
Switch: e6,5965.0,0.0
Switch: c,5965.0,0.0
Switch: e3,5965.0,0.0
Switch: e0,5965.0,0.0
Switch: e4,5965.0,0.0
Switch: e3,5965.0,0.0
Switch: c,5965.0,0.0
Switch: e4,5965.0,0.0
Switch: e0,5965.0,0.0
Switch: e0,5965.0,0.0
Switch: e7,5965.0,0.0
Switch: e1,5965.0,0.0
Switch: e8,5965.0,0.0
Switch: e1,5965.0,0.0
Switch: c,5965.0,0.0
Switch: e0,5965.0,0.0
Switch: e5,5965.0,0.0
Switch: e5,5965.0,0.0
Switch: e9,5970.0,0.0
Switch: e7,5970.0,0.0
Switch: e2,5970.0,0.0
Switch: e7,5970.0,0.0
Switch: e2,5970.0,0.0
Switch: e2,5970.0,0.0
Switch: c,5970.0,0.0
Switch: e5,5970.0,0.0
Switch: e7,5970.0,0.0
Switch: e4,5970.0,0.0
Switch: c,5970.0,0.0
Switch: e1,5970.0,0.0
Switch: e8,5970.0,0.998
Switch: e2,5970.0,0.0
Switch: e9,5970.0,0.0
Switch: e5,5970.0,0.0
Switch: e3,5970.0,0.0
Switch: e0,5970.0,0.0
Switch: e7,5970.0,0.0
Switch: e8,5970.0,0.499
Switch: e1,5970.0,0.0
Switch: e5,5970.0,0.0
Switch: e5,5970.0,0.0
Switch: e9,5970.0,0.0
Switch: e6,5970.0,0.0
Switch: e3,5970.0,0.0
Switch: e2,5970.0,0.0
Switch: e2,5970.0,0.0
Switch: e4,5970.0,0.0
Switch: e2,5970.0,0.0
Switch: e3,5970.0,0.0
Switch: e6,5970.0,0.0
Switch: e1,5970.0,0.0
Switch: e1,5970.0,0.0
Switch: e1,5970.0,0.0
Switch: e7,5970.0,0.0
Switch: e7,5970.0,0.0
Switch: e5,5970.0,0.0
Switch: e6,5970.0,0.0
Switch: e4,5970.0,0.0
Switch: e9,5970.0,0.0
Switch: e1,5970.0,0.0
Switch: e8,5970.0,0.499
Switch: e3,5970.0,0.0
Switch: e3,5970.0,0.0
Switch: e7,5970.0,0.0
Switch: e6,5970.0,0.0
Switch: e6,5970.0,0.0
Switch: e4,5970.0,0.0
Switch: c,5970.0,0.0
Switch: e7,5970.0,0.0
Switch: e8,5970.0,0.0
Switch: c,5970.0,0.0
Switch: e8,5970.0,0.998
Switch: e9,5970.0,0.0
Switch: e8,5970.0,0.0
Switch: e2,5970.0,0.0
Switch: e0,5970.0,0.0
Switch: e5,5970.0,0.0
Switch: e1,5970.0,0.0
Switch: e6,5970.0,0.0
Switch: e9,5970.0,0.0
Switch: e9,5970.0,0.0
Switch: e0,5970.0,0.0
Switch: e0,5970.0,0.0
Switch: e3,5970.0,0.0
Switch: e6,5970.0,0.0
Switch: c,5970.0,0.0
Switch: e6,5970.0,0.0
Switch: e4,5970.0,0.0
Switch: e4,5970.0,0.0
Switch: e9,5970.0,0.0
Switch: e7,5970.0,0.0
Switch: e8,5970.0,0.0
Switch: c,5970.0,0.0
Switch: e9,5970.0,0.0
Switch: e5,5970.0,0.0
Switch: e3,5970.0,0.0
Switch: e6,5970.0,0.0
Switch: e8,5970.0,0.0
Switch: e0,5970.0,0.0
Switch: e5,5970.0,0.0
Switch: e2,5970.0,0.0
Switch: e3,5970.0,0.0
Switch: e9,5970.0,0.0
Switch: e1,5970.0,0.0
Switch: c,5970.0,0.0
Switch: e2,5970.0,0.0
Switch: e0,5970.0,0.0
Switch: e8,5970.0,0.0
Switch: e4,5970.0,0.0
Switch: e4,5970.0,0.0
Switch: e6,5970.0,0.0
Switch: c,5970.0,0.0
Switch: e3,5970.0,0.0
Switch: e0,5970.0,0.0
Switch: e4,5970.0,0.0
Switch: e3,5970.0,0.0
Switch: c,5970.0,0.0
Switch: e4,5970.0,0.0
Switch: e0,5970.0,0.0
Switch: e0,5970.0,0.0
Switch: e7,5970.0,0.0
Switch: e1,5970.0,0.0
Switch: e8,5970.0,0.0
Switch: e1,5970.0,0.0
Switch: c,5970.0,0.0
Switch: e0,5970.0,0.0
Switch: e5,5970.0,0.0
Switch: e5,5970.0,0.0
Switch: e9,6719.0,0.0
Switch: e7,6719.0,0.0
Switch: e2,6719.0,0.0
Switch: e7,6719.0,0.0
Switch: e2,6719.0,0.0
Switch: e2,6719.0,0.0
Switch: c,6719.0,0.0
Switch: e5,6719.0,0.0
Switch: e7,6719.0,0.0
Switch: e4,6719.0,0.0
Switch: c,6719.0,0.0
Switch: e1,6719.0,0.0
Switch: e8,6719.0,149.8
Switch: e2,6719.0,0.0
Switch: e9,6719.0,0.0
Switch: e5,6719.0,0.0
Switch: e3,6719.0,0.0
Switch: e0,6719.0,0.0
Switch: e7,6719.0,0.0
Switch: e8,6719.0,74.9
Switch: e1,6719.0,0.0
Switch: e5,6719.0,0.0
Switch: e5,6719.0,0.0
Switch: e9,6719.0,0.0
Switch: e6,6719.0,0.0
Switch: e3,6719.0,0.0
Switch: e2,6719.0,0.0
Switch: e2,6719.0,0.0
Switch: e4,6719.0,0.0
Switch: e2,6719.0,0.0
Switch: e3,6719.0,0.0
Switch: e6,6719.0,0.0
Switch: e1,6719.0,0.0
Switch: e1,6719.0,0.0
Switch: e1,6719.0,0.0
Switch: e7,6719.0,0.0
Switch: e7,6719.0,0.0
Switch: e5,6719.0,0.0
Switch: e6,6719.0,0.0
Switch: e4,6719.0,0.0
Switch: e9,6719.0,0.0
Switch: e1,6719.0,0.0
Switch: e8,6719.0,74.9
Switch: e3,6719.0,0.0
Switch: e3,6719.0,0.0
Switch: e7,6719.0,0.0
Switch: e6,6719.0,0.0
Switch: e6,6719.0,0.0
Switch: e4,6719.0,0.0
Switch: c,6719.0,0.0
Switch: e7,6719.0,0.0
Switch: e8,6719.0,0.0
Switch: c,6719.0,0.0
Switch: e8,6719.0,149.8
Switch: e9,6719.0,0.0
Switch: e8,6719.0,0.0
Switch: e2,6719.0,0.0
Switch: e0,6719.0,0.0
Switch: e5,6719.0,0.0
Switch: e1,6719.0,0.0
Switch: e6,6719.0,0.0
Switch: e9,6719.0,0.0
Switch: e9,6719.0,0.0
Switch: e0,6719.0,0.0
Switch: e0,6719.0,0.0
Switch: e3,6719.0,0.0
Switch: e6,6719.0,0.0
Switch: c,6719.0,0.0
Switch: e6,6719.0,0.0
Switch: e4,6719.0,0.0
Switch: e4,6719.0,0.0
Switch: e9,6719.0,0.0
Switch: e7,6719.0,0.0
Switch: e8,6719.0,0.0
Switch: c,6719.0,0.0
Switch: e9,6719.0,0.0
Switch: e5,6719.0,0.0
Switch: e3,6719.0,0.0
Switch: e6,6719.0,0.0
Switch: e8,6719.0,0.0
Switch: e0,6719.0,0.0
Switch: e5,6719.0,0.0
Switch: e2,6719.0,0.0
Switch: e3,6719.0,0.0
Switch: e9,6719.0,0.0
Switch: e1,6719.0,0.0
Switch: c,6719.0,0.0
Switch: e2,6719.0,0.0
Switch: e0,6719.0,0.0
Switch: e8,6719.0,0.0
Switch: e4,6719.0,0.0
Switch: e4,6719.0,0.0
Switch: e6,6719.0,0.0
Switch: c,6719.0,0.0
Switch: e3,6719.0,0.0
Switch: e0,6719.0,0.0
Switch: e4,6719.0,0.0
Switch: e3,6719.0,0.0
Switch: c,6719.0,0.0
Switch: e4,6719.0,0.0
Switch: e0,6719.0,0.0
Switch: e0,6719.0,0.0
Switch: e7,6719.0,0.0
Switch: e1,6719.0,0.0
Switch: e8,6719.0,0.0
Switch: e1,6719.0,0.0
Switch: c,6719.0,0.0
Switch: e0,6719.0,0.0
Switch: e5,6719.0,0.0
Switch: e5,6719.0,0.0
Switch: e9,6724.0,0.0
Switch: e7,6724.0,0.0
Switch: e2,6724.0,0.0
Switch: e7,6724.0,0.0
Switch: e2,6724.0,0.0
Switch: e2,6724.0,0.0
Switch: c,6724.0,0.0
Switch: e5,6724.0,0.0
Switch: e7,6724.0,0.0
Switch: e4,6724.0,0.0
Switch: c,6724.0,0.0
Switch: e1,6724.0,0.0
Switch: e8,6724.0,0.0
Switch: e2,6724.0,0.0
Switch: e9,6724.0,0.0
Switch: e5,6724.0,0.0
Switch: e3,6724.0,0.0
Switch: e0,6724.0,0.0
Switch: e7,6724.0,0.998
Switch: e8,6724.0,0.0
Switch: e1,6724.0,0.0
Switch: e5,6724.0,0.0
Switch: e5,6724.0,0.0
Switch: e9,6724.0,0.0
Switch: e6,6724.0,0.0
Switch: e3,6724.0,0.0
Switch: e2,6724.0,0.0
Switch: e2,6724.0,0.0
Switch: e4,6724.0,0.0
Switch: e2,6724.0,0.0
Switch: e3,6724.0,0.0
Switch: e6,6724.0,0.0
Switch: e1,6724.0,0.0
Switch: e1,6724.0,0.0
Switch: e1,6724.0,0.0
Switch: e7,6724.0,0.0
Switch: e7,6724.0,0.0
Switch: e5,6724.0,0.0
Switch: e6,6724.0,0.0
Switch: e4,6724.0,0.0
Switch: e9,6724.0,0.0
Switch: e1,6724.0,0.0
Switch: e8,6724.0,0.0
Switch: e3,6724.0,0.0
Switch: e3,6724.0,0.0
Switch: e7,6724.0,0.0
Switch: e6,6724.0,0.0
Switch: e6,6724.0,0.0
Switch: e4,6724.0,0.0
Switch: c,6724.0,0.0
Switch: e7,6724.0,0.0
Switch: e8,6724.0,0.0
Switch: c,6724.0,0.998
Switch: e8,6724.0,0.0
Switch: e9,6724.0,0.0
Switch: e8,6724.0,0.0
Switch: e2,6724.0,0.0
Switch: e0,6724.0,0.0
Switch: e5,6724.0,0.0
Switch: e1,6724.0,0.0
Switch: e6,6724.0,0.0
Switch: e9,6724.0,0.0
Switch: e9,6724.0,0.0
Switch: e0,6724.0,0.0
Switch: e0,6724.0,0.0
Switch: e3,6724.0,0.0
Switch: e6,6724.0,0.0
Switch: c,6724.0,0.0
Switch: e6,6724.0,0.0
Switch: e4,6724.0,0.0
Switch: e4,6724.0,0.0
Switch: e9,6724.0,0.0
Switch: e7,6724.0,0.0
Switch: e8,6724.0,0.998
Switch: c,6724.0,0.998
Switch: e9,6724.0,0.0
Switch: e5,6724.0,0.0
Switch: e3,6724.0,0.0
Switch: e6,6724.0,0.0
Switch: e8,6724.0,0.0
Switch: e0,6724.0,0.0
Switch: e5,6724.0,0.0
Switch: e2,6724.0,0.0
Switch: e3,6724.0,0.0
Switch: e9,6724.0,0.0
Switch: e1,6724.0,0.0
Switch: c,6724.0,0.0
Switch: e2,6724.0,0.0
Switch: e0,6724.0,0.0
Switch: e8,6724.0,0.0
Switch: e4,6724.0,0.0
Switch: e4,6724.0,0.0
Switch: e6,6724.0,0.0
Switch: c,6724.0,0.0
Switch: e3,6724.0,0.0
Switch: e0,6724.0,0.0
Switch: e4,6724.0,0.0
Switch: e3,6724.0,0.0
Switch: c,6724.0,0.0
Switch: e4,6724.0,0.0
Switch: e0,6724.0,0.0
Switch: e0,6724.0,0.0
Switch: e7,6724.0,0.0
Switch: e1,6724.0,0.0
Switch: e8,6724.0,0.0
Switch: e1,6724.0,0.0
Switch: c,6724.0,0.0
Switch: e0,6724.0,0.0
Switch: e5,6724.0,0.0
Switch: e5,6724.0,0.0
Switch: e9,6919.0,0.0
Switch: e7,6919.0,0.0
Switch: e2,6919.0,0.0
Switch: e7,6919.0,0.0
Switch: e2,6919.0,0.0
Switch: e2,6919.0,0.0
Switch: c,6919.0,0.0
Switch: e5,6919.0,0.0
Switch: e7,6919.0,0.0
Switch: e4,6919.0,0.0
Switch: c,6919.0,0.0
Switch: e1,6919.0,0.0
Switch: e8,6919.0,0.0
Switch: e2,6919.0,0.0
Switch: e9,6919.0,0.0
Switch: e5,6919.0,0.0
Switch: e3,6919.0,0.0
Switch: e0,6919.0,0.0
Switch: e7,6919.0,39.0
Switch: e8,6919.0,0.0
Switch: e1,6919.0,0.0
Switch: e5,6919.0,0.0
Switch: e5,6919.0,0.0
Switch: e9,6919.0,0.0
Switch: e6,6919.0,0.0
Switch: e3,6919.0,0.0
Switch: e2,6919.0,0.0
Switch: e2,6919.0,0.0
Switch: e4,6919.0,0.0
Switch: e2,6919.0,0.0
Switch: e3,6919.0,0.0
Switch: e6,6919.0,0.0
Switch: e1,6919.0,0.0
Switch: e1,6919.0,0.0
Switch: e1,6919.0,0.0
Switch: e7,6919.0,0.0
Switch: e7,6919.0,0.0
Switch: e5,6919.0,0.0
Switch: e6,6919.0,0.0
Switch: e4,6919.0,0.0
Switch: e9,6919.0,0.0
Switch: e1,6919.0,0.0
Switch: e8,6919.0,0.0
Switch: e3,6919.0,0.0
Switch: e3,6919.0,0.0
Switch: e7,6919.0,0.0
Switch: e6,6919.0,0.0
Switch: e6,6919.0,0.0
Switch: e4,6919.0,0.0
Switch: c,6919.0,0.0
Switch: e7,6919.0,0.0
Switch: e8,6919.0,0.0
Switch: c,6919.0,39.0
Switch: e8,6919.0,0.0
Switch: e9,6919.0,0.0
Switch: e8,6919.0,0.0
Switch: e2,6919.0,0.0
Switch: e0,6919.0,0.0
Switch: e5,6919.0,0.0
Switch: e1,6919.0,0.0
Switch: e6,6919.0,0.0
Switch: e9,6919.0,0.0
Switch: e9,6919.0,0.0
Switch: e0,6919.0,0.0
Switch: e0,6919.0,0.0
Switch: e3,6919.0,0.0
Switch: e6,6919.0,0.0
Switch: c,6919.0,0.0
Switch: e6,6919.0,0.0
Switch: e4,6919.0,0.0
Switch: e4,6919.0,0.0
Switch: e9,6919.0,0.0
Switch: e7,6919.0,0.0
Switch: e8,6919.0,39.0
Switch: c,6919.0,39.0
Switch: e9,6919.0,0.0
Switch: e5,6919.0,0.0
Switch: e3,6919.0,0.0
Switch: e6,6919.0,0.0
Switch: e8,6919.0,0.0
Switch: e0,6919.0,0.0
Switch: e5,6919.0,0.0
Switch: e2,6919.0,0.0
Switch: e3,6919.0,0.0
Switch: e9,6919.0,0.0
Switch: e1,6919.0,0.0
Switch: c,6919.0,0.0
Switch: e2,6919.0,0.0
Switch: e0,6919.0,0.0
Switch: e8,6919.0,0.0
Switch: e4,6919.0,0.0
Switch: e4,6919.0,0.0
Switch: e6,6919.0,0.0
Switch: c,6919.0,0.0
Switch: e3,6919.0,0.0
Switch: e0,6919.0,0.0
Switch: e4,6919.0,0.0
Switch: e3,6919.0,0.0
Switch: c,6919.0,0.0
Switch: e4,6919.0,0.0
Switch: e0,6919.0,0.0
Switch: e0,6919.0,0.0
Switch: e7,6919.0,0.0
Switch: e1,6919.0,0.0
Switch: e8,6919.0,0.0
Switch: e1,6919.0,0.0
Switch: c,6919.0,0.0
Switch: e0,6919.0,0.0
Switch: e5,6919.0,0.0
Switch: e5,6919.0,0.0
Switch: e9,6924.0,0.0
Switch: e7,6924.0,0.0
Switch: e2,6924.0,0.0
Switch: e7,6924.0,0.0
Switch: e2,6924.0,0.0
Switch: e2,6924.0,0.0
Switch: c,6924.0,0.0
Switch: e5,6924.0,0.0
Switch: e7,6924.0,0.0
Switch: e4,6924.0,0.0
Switch: c,6924.0,0.0
Switch: e1,6924.0,0.0
Switch: e8,6924.0,0.0
Switch: e2,6924.0,0.0
Switch: e9,6924.0,0.0
Switch: e5,6924.0,0.0
Switch: e3,6924.0,0.0
Switch: e0,6924.0,0.0
Switch: e7,6924.0,0.0
Switch: e8,6924.0,0.0
Switch: e1,6924.0,0.0
Switch: e5,6924.0,0.0
Switch: e5,6924.0,0.0
Switch: e9,6924.0,0.0
Switch: e6,6924.0,0.0
Switch: e3,6924.0,0.0
Switch: e2,6924.0,0.0
Switch: e2,6924.0,0.0
Switch: e4,6924.0,0.0
Switch: e2,6924.0,0.0
Switch: e3,6924.0,0.0
Switch: e6,6924.0,0.0
Switch: e1,6924.0,0.0
Switch: e1,6924.0,0.0
Switch: e1,6924.0,0.0
Switch: e7,6924.0,0.0
Switch: e7,6924.0,0.998
Switch: e5,6924.0,0.0
Switch: e6,6924.0,0.0
Switch: e4,6924.0,0.0
Switch: e9,6924.0,0.0
Switch: e1,6924.0,0.0
Switch: e8,6924.0,0.0
Switch: e3,6924.0,0.0
Switch: e3,6924.0,0.0
Switch: e7,6924.0,0.0
Switch: e6,6924.0,0.0
Switch: e6,6924.0,0.0
Switch: e4,6924.0,0.0
Switch: c,6924.0,0.0
Switch: e7,6924.0,0.499
Switch: e8,6924.0,0.0
Switch: c,6924.0,0.0
Switch: e8,6924.0,0.0
Switch: e9,6924.0,0.0
Switch: e8,6924.0,0.0
Switch: e2,6924.0,0.0
Switch: e0,6924.0,0.0
Switch: e5,6924.0,0.0
Switch: e1,6924.0,0.0
Switch: e6,6924.0,0.0
Switch: e9,6924.0,0.0
Switch: e9,6924.0,0.0
Switch: e0,6924.0,0.0
Switch: e0,6924.0,0.0
Switch: e3,6924.0,0.0
Switch: e6,6924.0,0.0
Switch: c,6924.0,0.0
Switch: e6,6924.0,0.0
Switch: e4,6924.0,0.0
Switch: e4,6924.0,0.0
Switch: e9,6924.0,0.0
Switch: e7,6924.0,0.0
Switch: e8,6924.0,0.0
Switch: c,6924.0,0.0
Switch: e9,6924.0,0.0
Switch: e5,6924.0,0.0
Switch: e3,6924.0,0.0
Switch: e6,6924.0,0.0
Switch: e8,6924.0,0.0
Switch: e0,6924.0,0.0
Switch: e5,6924.0,0.0
Switch: e2,6924.0,0.0
Switch: e3,6924.0,0.0
Switch: e9,6924.0,0.0
Switch: e1,6924.0,0.0
Switch: c,6924.0,0.0
Switch: e2,6924.0,0.0
Switch: e0,6924.0,0.0
Switch: e8,6924.0,0.0
Switch: e4,6924.0,0.0
Switch: e4,6924.0,0.0
Switch: e6,6924.0,0.0
Switch: c,6924.0,0.0
Switch: e3,6924.0,0.0
Switch: e0,6924.0,0.0
Switch: e4,6924.0,0.0
Switch: e3,6924.0,0.0
Switch: c,6924.0,0.0
Switch: e4,6924.0,0.0
Switch: e0,6924.0,0.0
Switch: e0,6924.0,0.0
Switch: e7,6924.0,0.499
Switch: e1,6924.0,0.0
Switch: e8,6924.0,0.0
Switch: e1,6924.0,0.0
Switch: c,6924.0,0.0
Switch: e0,6924.0,0.0
Switch: e5,6924.0,0.0
Switch: e5,6924.0,0.0
Switch: e9,8677.0,0.0
Switch: e7,8677.0,0.0
Switch: e2,8677.0,0.0
Switch: e7,8677.0,0.0
Switch: e2,8677.0,0.0
Switch: e2,8677.0,0.0
Switch: c,8677.0,0.0
Switch: e5,8677.0,0.0
Switch: e7,8677.0,0.0
Switch: e4,8677.0,0.0
Switch: c,8677.0,0.0
Switch: e1,8677.0,0.0
Switch: e8,8677.0,0.0
Switch: e2,8677.0,0.0
Switch: e9,8677.0,0.0
Switch: e5,8677.0,0.0
Switch: e3,8677.0,0.0
Switch: e0,8677.0,0.0
Switch: e7,8677.0,0.0
Switch: e8,8677.0,0.0
Switch: e1,8677.0,0.0
Switch: e5,8677.0,0.0
Switch: e5,8677.0,0.0
Switch: e9,8677.0,0.0
Switch: e6,8677.0,0.0
Switch: e3,8677.0,0.0
Switch: e2,8677.0,0.0
Switch: e2,8677.0,0.0
Switch: e4,8677.0,0.0
Switch: e2,8677.0,0.0
Switch: e3,8677.0,0.0
Switch: e6,8677.0,0.0
Switch: e1,8677.0,0.0
Switch: e1,8677.0,0.0
Switch: e1,8677.0,0.0
Switch: e7,8677.0,0.0
Switch: e7,8677.0,350.6
Switch: e5,8677.0,0.0
Switch: e6,8677.0,0.0
Switch: e4,8677.0,0.0
Switch: e9,8677.0,0.0
Switch: e1,8677.0,0.0
Switch: e8,8677.0,0.0
Switch: e3,8677.0,0.0
Switch: e3,8677.0,0.0
Switch: e7,8677.0,0.0
Switch: e6,8677.0,0.0
Switch: e6,8677.0,0.0
Switch: e4,8677.0,0.0
Switch: c,8677.0,0.0
Switch: e7,8677.0,175.3
Switch: e8,8677.0,0.0
Switch: c,8677.0,0.0
Switch: e8,8677.0,0.0
Switch: e9,8677.0,0.0
Switch: e8,8677.0,0.0
Switch: e2,8677.0,0.0
Switch: e0,8677.0,0.0
Switch: e5,8677.0,0.0
Switch: e1,8677.0,0.0
Switch: e6,8677.0,0.0
Switch: e9,8677.0,0.0
Switch: e9,8677.0,0.0
Switch: e0,8677.0,0.0
Switch: e0,8677.0,0.0
Switch: e3,8677.0,0.0
Switch: e6,8677.0,0.0
Switch: c,8677.0,0.0
Switch: e6,8677.0,0.0
Switch: e4,8677.0,0.0
Switch: e4,8677.0,0.0
Switch: e9,8677.0,0.0
Switch: e7,8677.0,0.0
Switch: e8,8677.0,0.0
Switch: c,8677.0,0.0
Switch: e9,8677.0,0.0
Switch: e5,8677.0,0.0
Switch: e3,8677.0,0.0
Switch: e6,8677.0,0.0
Switch: e8,8677.0,0.0
Switch: e0,8677.0,0.0
Switch: e5,8677.0,0.0
Switch: e2,8677.0,0.0
Switch: e3,8677.0,0.0
Switch: e9,8677.0,0.0
Switch: e1,8677.0,0.0
Switch: c,8677.0,0.0
Switch: e2,8677.0,0.0
Switch: e0,8677.0,0.0
Switch: e8,8677.0,0.0
Switch: e4,8677.0,0.0
Switch: e4,8677.0,0.0
Switch: e6,8677.0,0.0
Switch: c,8677.0,0.0
Switch: e3,8677.0,0.0
Switch: e0,8677.0,0.0
Switch: e4,8677.0,0.0
Switch: e3,8677.0,0.0
Switch: c,8677.0,0.0
Switch: e4,8677.0,0.0
Switch: e0,8677.0,0.0
Switch: e0,8677.0,0.0
Switch: e7,8677.0,175.3
Switch: e1,8677.0,0.0
Switch: e8,8677.0,0.0
Switch: e1,8677.0,0.0
Switch: c,8677.0,0.0
Switch: e0,8677.0,0.0
Switch: e5,8677.0,0.0
Switch: e5,8677.0,0.0
Switch: e9,8682.0,0.0
Switch: e7,8682.0,0.499
Switch: e2,8682.0,0.0
Switch: e7,8682.0,0.0
Switch: e2,8682.0,0.0
Switch: e2,8682.0,0.0
Switch: c,8682.0,0.0
Switch: e5,8682.0,0.0
Switch: e7,8682.0,0.998
Switch: e4,8682.0,0.0
Switch: c,8682.0,0.0
Switch: e1,8682.0,0.0
Switch: e8,8682.0,0.0
Switch: e2,8682.0,0.0
Switch: e9,8682.0,0.0
Switch: e5,8682.0,0.0
Switch: e3,8682.0,0.0
Switch: e0,8682.0,0.0
Switch: e7,8682.0,0.0
Switch: e8,8682.0,0.0
Switch: e1,8682.0,0.0
Switch: e5,8682.0,0.0
Switch: e5,8682.0,0.0
Switch: e9,8682.0,0.0
Switch: e6,8682.0,0.0
Switch: e3,8682.0,0.0
Switch: e2,8682.0,0.0
Switch: e2,8682.0,0.0
Switch: e4,8682.0,0.0
Switch: e2,8682.0,0.0
Switch: e3,8682.0,0.0
Switch: e6,8682.0,0.0
Switch: e1,8682.0,0.0
Switch: e1,8682.0,0.0
Switch: e1,8682.0,0.0
Switch: e7,8682.0,0.998
Switch: e7,8682.0,0.0
Switch: e5,8682.0,0.0
Switch: e6,8682.0,0.0
Switch: e4,8682.0,0.0
Switch: e9,8682.0,0.0
Switch: e1,8682.0,0.0
Switch: e8,8682.0,0.0
Switch: e3,8682.0,0.0
Switch: e3,8682.0,0.0
Switch: e7,8682.0,0.499
Switch: e6,8682.0,0.0
Switch: e6,8682.0,0.0
Switch: e4,8682.0,0.0
Switch: c,8682.0,0.0
Switch: e7,8682.0,0.0
Switch: e8,8682.0,0.0
Switch: c,8682.0,0.0
Switch: e8,8682.0,0.0
Switch: e9,8682.0,0.0
Switch: e8,8682.0,0.0
Switch: e2,8682.0,0.0
Switch: e0,8682.0,0.0
Switch: e5,8682.0,0.0
Switch: e1,8682.0,0.0
Switch: e6,8682.0,0.0
Switch: e9,8682.0,0.0
Switch: e9,8682.0,0.0
Switch: e0,8682.0,0.0
Switch: e0,8682.0,0.0
Switch: e3,8682.0,0.0
Switch: e6,8682.0,0.0
Switch: c,8682.0,0.0
Switch: e6,8682.0,0.0
Switch: e4,8682.0,0.0
Switch: e4,8682.0,0.0
Switch: e9,8682.0,0.0
Switch: e7,8682.0,0.0
Switch: e8,8682.0,0.0
Switch: c,8682.0,0.0
Switch: e9,8682.0,0.0
Switch: e5,8682.0,0.0
Switch: e3,8682.0,0.0
Switch: e6,8682.0,0.0
Switch: e8,8682.0,0.0
Switch: e0,8682.0,0.0
Switch: e5,8682.0,0.0
Switch: e2,8682.0,0.0
Switch: e3,8682.0,0.0
Switch: e9,8682.0,0.0
Switch: e1,8682.0,0.0
Switch: c,8682.0,0.0
Switch: e2,8682.0,0.0
Switch: e0,8682.0,0.0
Switch: e8,8682.0,0.0
Switch: e4,8682.0,0.0
Switch: e4,8682.0,0.0
Switch: e6,8682.0,0.0
Switch: c,8682.0,0.0
Switch: e3,8682.0,0.0
Switch: e0,8682.0,0.0
Switch: e4,8682.0,0.0
Switch: e3,8682.0,0.0
Switch: c,8682.0,0.0
Switch: e4,8682.0,0.0
Switch: e0,8682.0,0.0
Switch: e0,8682.0,0.0
Switch: e7,8682.0,0.0
Switch: e1,8682.0,0.0
Switch: e8,8682.0,0.0
Switch: e1,8682.0,0.0
Switch: c,8682.0,0.0
Switch: e0,8682.0,0.0
Switch: e5,8682.0,0.0
Switch: e5,8682.0,0.0
Switch: e9,9417.0,0.0
Switch: e7,9417.0,73.5
Switch: e2,9417.0,0.0
Switch: e7,9417.0,0.0
Switch: e2,9417.0,0.0
Switch: e2,9417.0,0.0
Switch: c,9417.0,0.0
Switch: e5,9417.0,0.0
Switch: e7,9417.0,147.0
Switch: e4,9417.0,0.0
Switch: c,9417.0,0.0
Switch: e1,9417.0,0.0
Switch: e8,9417.0,0.0
Switch: e2,9417.0,0.0
Switch: e9,9417.0,0.0
Switch: e5,9417.0,0.0
Switch: e3,9417.0,0.0
Switch: e0,9417.0,0.0
Switch: e7,9417.0,0.0
Switch: e8,9417.0,0.0
Switch: e1,9417.0,0.0
Switch: e5,9417.0,0.0
Switch: e5,9417.0,0.0
Switch: e9,9417.0,0.0
Switch: e6,9417.0,0.0
Switch: e3,9417.0,0.0
Switch: e2,9417.0,0.0
Switch: e2,9417.0,0.0
Switch: e4,9417.0,0.0
Switch: e2,9417.0,0.0
Switch: e3,9417.0,0.0
Switch: e6,9417.0,0.0
Switch: e1,9417.0,0.0
Switch: e1,9417.0,0.0
Switch: e1,9417.0,0.0
Switch: e7,9417.0,147.0
Switch: e7,9417.0,0.0
Switch: e5,9417.0,0.0
Switch: e6,9417.0,0.0
Switch: e4,9417.0,0.0
Switch: e9,9417.0,0.0
Switch: e1,9417.0,0.0
Switch: e8,9417.0,0.0
Switch: e3,9417.0,0.0
Switch: e3,9417.0,0.0
Switch: e7,9417.0,73.5
Switch: e6,9417.0,0.0
Switch: e6,9417.0,0.0
Switch: e4,9417.0,0.0
Switch: c,9417.0,0.0
Switch: e7,9417.0,0.0
Switch: e8,9417.0,0.0
Switch: c,9417.0,0.0
Switch: e8,9417.0,0.0
Switch: e9,9417.0,0.0
Switch: e8,9417.0,0.0
Switch: e2,9417.0,0.0
Switch: e0,9417.0,0.0
Switch: e5,9417.0,0.0
Switch: e1,9417.0,0.0
Switch: e6,9417.0,0.0
Switch: e9,9417.0,0.0
Switch: e9,9417.0,0.0
Switch: e0,9417.0,0.0
Switch: e0,9417.0,0.0
Switch: e3,9417.0,0.0
Switch: e6,9417.0,0.0
Switch: c,9417.0,0.0
Switch: e6,9417.0,0.0
Switch: e4,9417.0,0.0
Switch: e4,9417.0,0.0
Switch: e9,9417.0,0.0
Switch: e7,9417.0,0.0
Switch: e8,9417.0,0.0
Switch: c,9417.0,0.0
Switch: e9,9417.0,0.0
Switch: e5,9417.0,0.0
Switch: e3,9417.0,0.0
Switch: e6,9417.0,0.0
Switch: e8,9417.0,0.0
Switch: e0,9417.0,0.0
Switch: e5,9417.0,0.0
Switch: e2,9417.0,0.0
Switch: e3,9417.0,0.0
Switch: e9,9417.0,0.0
Switch: e1,9417.0,0.0
Switch: c,9417.0,0.0
Switch: e2,9417.0,0.0
Switch: e0,9417.0,0.0
Switch: e8,9417.0,0.0
Switch: e4,9417.0,0.0
Switch: e4,9417.0,0.0
Switch: e6,9417.0,0.0
Switch: c,9417.0,0.0
Switch: e3,9417.0,0.0
Switch: e0,9417.0,0.0
Switch: e4,9417.0,0.0
Switch: e3,9417.0,0.0
Switch: c,9417.0,0.0
Switch: e4,9417.0,0.0
Switch: e0,9417.0,0.0
Switch: e0,9417.0,0.0
Switch: e7,9417.0,0.0
Switch: e1,9417.0,0.0
Switch: e8,9417.0,0.0
Switch: e1,9417.0,0.0
Switch: c,9417.0,0.0
Switch: e0,9417.0,0.0
Switch: e5,9417.0,0.0
Switch: e5,9417.0,0.0
Switch: e9,9422.0,0.0
Switch: e7,9422.0,0.0
Switch: e2,9422.0,0.0
Switch: e7,9422.0,0.0
Switch: e2,9422.0,0.0
Switch: e2,9422.0,0.0
Switch: c,9422.0,0.499
Switch: e5,9422.0,0.0
Switch: e7,9422.0,0.0
Switch: e4,9422.0,0.0
Switch: c,9422.0,0.0
Switch: e1,9422.0,0.0
Switch: e8,9422.0,0.0
Switch: e2,9422.0,0.0
Switch: e9,9422.0,0.0
Switch: e5,9422.0,0.0
Switch: e3,9422.0,0.0
Switch: e0,9422.0,0.0
Switch: e7,9422.0,0.0
Switch: e8,9422.0,0.0
Switch: e1,9422.0,0.0
Switch: e5,9422.0,0.0
Switch: e5,9422.0,0.0
Switch: e9,9422.0,0.0
Switch: e6,9422.0,0.0
Switch: e3,9422.0,0.0
Switch: e2,9422.0,0.0
Switch: e2,9422.0,0.0
Switch: e4,9422.0,0.0
Switch: e2,9422.0,0.0
Switch: e3,9422.0,0.0
Switch: e6,9422.0,0.0
Switch: e1,9422.0,0.0
Switch: e1,9422.0,0.0
Switch: e1,9422.0,0.0
Switch: e7,9422.0,0.0
Switch: e7,9422.0,0.0
Switch: e5,9422.0,0.0
Switch: e6,9422.0,0.0
Switch: e4,9422.0,0.0
Switch: e9,9422.0,0.0
Switch: e1,9422.0,0.0
Switch: e8,9422.0,0.0
Switch: e3,9422.0,0.0
Switch: e3,9422.0,0.0
Switch: e7,9422.0,0.0
Switch: e6,9422.0,0.499
Switch: e6,9422.0,0.0
Switch: e4,9422.0,0.0
Switch: c,9422.0,0.0
Switch: e7,9422.0,0.0
Switch: e8,9422.0,0.0
Switch: c,9422.0,0.499
Switch: e8,9422.0,0.0
Switch: e9,9422.0,0.0
Switch: e8,9422.0,0.0
Switch: e2,9422.0,0.0
Switch: e0,9422.0,0.0
Switch: e5,9422.0,0.0
Switch: e1,9422.0,0.0
Switch: e6,9422.0,0.0
Switch: e9,9422.0,0.0
Switch: e9,9422.0,0.0
Switch: e0,9422.0,0.0
Switch: e0,9422.0,0.0
Switch: e3,9422.0,0.0
Switch: e6,9422.0,0.0
Switch: c,9422.0,0.0
Switch: e6,9422.0,0.0
Switch: e4,9422.0,0.0
Switch: e4,9422.0,0.0
Switch: e9,9422.0,0.0
Switch: e7,9422.0,0.499
Switch: e8,9422.0,0.0
Switch: c,9422.0,0.0
Switch: e9,9422.0,0.0
Switch: e5,9422.0,0.0
Switch: e3,9422.0,0.0
Switch: e6,9422.0,0.998
Switch: e8,9422.0,0.0
Switch: e0,9422.0,0.0
Switch: e5,9422.0,0.0
Switch: e2,9422.0,0.0
Switch: e3,9422.0,0.0
Switch: e9,9422.0,0.0
Switch: e1,9422.0,0.0
Switch: c,9422.0,0.0
Switch: e2,9422.0,0.0
Switch: e0,9422.0,0.0
Switch: e8,9422.0,0.0
Switch: e4,9422.0,0.0
Switch: e4,9422.0,0.0
Switch: e6,9422.0,0.0
Switch: c,9422.0,0.0
Switch: e3,9422.0,0.0
Switch: e0,9422.0,0.0
Switch: e4,9422.0,0.0
Switch: e3,9422.0,0.0
Switch: c,9422.0,0.0
Switch: e4,9422.0,0.0
Switch: e0,9422.0,0.0
Switch: e0,9422.0,0.0
Switch: e7,9422.0,0.0
Switch: e1,9422.0,0.0
Switch: e8,9422.0,0.0
Switch: e1,9422.0,0.0
Switch: c,9422.0,0.0
Switch: e0,9422.0,0.0
Switch: e5,9422.0,0.0
Switch: e5,9422.0,0.0
Switch: e9,16997.0,0.0
Switch: e7,16997.0,0.0
Switch: e2,16997.0,0.0
Switch: e7,16997.0,0.0
Switch: e2,16997.0,0.0
Switch: e2,16997.0,0.0
Switch: c,16997.0,757.5
Switch: e5,16997.0,0.0
Switch: e7,16997.0,0.0
Switch: e4,16997.0,0.0
Switch: c,16997.0,0.0
Switch: e1,16997.0,0.0
Switch: e8,16997.0,0.0
Switch: e2,16997.0,0.0
Switch: e9,16997.0,0.0
Switch: e5,16997.0,0.0
Switch: e3,16997.0,0.0
Switch: e0,16997.0,0.0
Switch: e7,16997.0,0.0
Switch: e8,16997.0,0.0
Switch: e1,16997.0,0.0
Switch: e5,16997.0,0.0
Switch: e5,16997.0,0.0
Switch: e9,16997.0,0.0
Switch: e6,16997.0,0.0
Switch: e3,16997.0,0.0
Switch: e2,16997.0,0.0
Switch: e2,16997.0,0.0
Switch: e4,16997.0,0.0
Switch: e2,16997.0,0.0
Switch: e3,16997.0,0.0
Switch: e6,16997.0,0.0
Switch: e1,16997.0,0.0
Switch: e1,16997.0,0.0
Switch: e1,16997.0,0.0
Switch: e7,16997.0,0.0
Switch: e7,16997.0,0.0
Switch: e5,16997.0,0.0
Switch: e6,16997.0,0.0
Switch: e4,16997.0,0.0
Switch: e9,16997.0,0.0
Switch: e1,16997.0,0.0
Switch: e8,16997.0,0.0
Switch: e3,16997.0,0.0
Switch: e3,16997.0,0.0
Switch: e7,16997.0,0.0
Switch: e6,16997.0,757.5
Switch: e6,16997.0,0.0
Switch: e4,16997.0,0.0
Switch: c,16997.0,0.0
Switch: e7,16997.0,0.0
Switch: e8,16997.0,0.0
Switch: c,16997.0,757.5
Switch: e8,16997.0,0.0
Switch: e9,16997.0,0.0
Switch: e8,16997.0,0.0
Switch: e2,16997.0,0.0
Switch: e0,16997.0,0.0
Switch: e5,16997.0,0.0
Switch: e1,16997.0,0.0
Switch: e6,16997.0,0.0
Switch: e9,16997.0,0.0
Switch: e9,16997.0,0.0
Switch: e0,16997.0,0.0
Switch: e0,16997.0,0.0
Switch: e3,16997.0,0.0
Switch: e6,16997.0,0.0
Switch: c,16997.0,0.0
Switch: e6,16997.0,0.0
Switch: e4,16997.0,0.0
Switch: e4,16997.0,0.0
Switch: e9,16997.0,0.0
Switch: e7,16997.0,757.5
Switch: e8,16997.0,0.0
Switch: c,16997.0,0.0
Switch: e9,16997.0,0.0
Switch: e5,16997.0,0.0
Switch: e3,16997.0,0.0
Switch: e6,16997.0,1515.0
Switch: e8,16997.0,0.0
Switch: e0,16997.0,0.0
Switch: e5,16997.0,0.0
Switch: e2,16997.0,0.0
Switch: e3,16997.0,0.0
Switch: e9,16997.0,0.0
Switch: e1,16997.0,0.0
Switch: c,16997.0,0.0
Switch: e2,16997.0,0.0
Switch: e0,16997.0,0.0
Switch: e8,16997.0,0.0
Switch: e4,16997.0,0.0
Switch: e4,16997.0,0.0
Switch: e6,16997.0,0.0
Switch: c,16997.0,0.0
Switch: e3,16997.0,0.0
Switch: e0,16997.0,0.0
Switch: e4,16997.0,0.0
Switch: e3,16997.0,0.0
Switch: c,16997.0,0.0
Switch: e4,16997.0,0.0
Switch: e0,16997.0,0.0
Switch: e0,16997.0,0.0
Switch: e7,16997.0,0.0
Switch: e1,16997.0,0.0
Switch: e8,16997.0,0.0
Switch: e1,16997.0,0.0
Switch: c,16997.0,0.0
Switch: e0,16997.0,0.0
Switch: e5,16997.0,0.0
Switch: e5,16997.0,0.0
Switch: e9,17002.0,0.0
Switch: e7,17002.0,0.0
Switch: e2,17002.0,0.0
Switch: e7,17002.0,0.0
Switch: e2,17002.0,0.0
Switch: e2,17002.0,0.0
Switch: c,17002.0,0.0
Switch: e5,17002.0,0.0
Switch: e7,17002.0,0.0
Switch: e4,17002.0,0.0
Switch: c,17002.0,0.0
Switch: e1,17002.0,0.0
Switch: e8,17002.0,0.0
Switch: e2,17002.0,0.0
Switch: e9,17002.0,0.0
Switch: e5,17002.0,0.0
Switch: e3,17002.0,0.0
Switch: e0,17002.0,0.0
Switch: e7,17002.0,0.0
Switch: e8,17002.0,0.0
Switch: e1,17002.0,0.0
Switch: e5,17002.0,0.0
Switch: e5,17002.0,0.0
Switch: e9,17002.0,0.0
Switch: e6,17002.0,0.0
Switch: e3,17002.0,0.0
Switch: e2,17002.0,0.0
Switch: e2,17002.0,0.0
Switch: e4,17002.0,0.0
Switch: e2,17002.0,0.0
Switch: e3,17002.0,0.0
Switch: e6,17002.0,0.499
Switch: e1,17002.0,0.0
Switch: e1,17002.0,0.0
Switch: e1,17002.0,0.0
Switch: e7,17002.0,0.0
Switch: e7,17002.0,0.0
Switch: e5,17002.0,0.0
Switch: e6,17002.0,0.499
Switch: e4,17002.0,0.0
Switch: e9,17002.0,0.0
Switch: e1,17002.0,0.0
Switch: e8,17002.0,0.0
Switch: e3,17002.0,0.0
Switch: e3,17002.0,0.0
Switch: e7,17002.0,0.0
Switch: e6,17002.0,0.0
Switch: e6,17002.0,0.0
Switch: e4,17002.0,0.0
Switch: c,17002.0,0.0
Switch: e7,17002.0,0.0
Switch: e8,17002.0,0.0
Switch: c,17002.0,0.0
Switch: e8,17002.0,0.0
Switch: e9,17002.0,0.0
Switch: e8,17002.0,0.0
Switch: e2,17002.0,0.0
Switch: e0,17002.0,0.0
Switch: e5,17002.0,0.0
Switch: e1,17002.0,0.0
Switch: e6,17002.0,0.0
Switch: e9,17002.0,0.0
Switch: e9,17002.0,0.0
Switch: e0,17002.0,0.0
Switch: e0,17002.0,0.0
Switch: e3,17002.0,0.0
Switch: e6,17002.0,0.998
Switch: c,17002.0,0.0
Switch: e6,17002.0,0.0
Switch: e4,17002.0,0.0
Switch: e4,17002.0,0.0
Switch: e9,17002.0,0.0
Switch: e7,17002.0,0.0
Switch: e8,17002.0,0.0
Switch: c,17002.0,0.0
Switch: e9,17002.0,0.0
Switch: e5,17002.0,0.0
Switch: e3,17002.0,0.0
Switch: e6,17002.0,0.0
Switch: e8,17002.0,0.0
Switch: e0,17002.0,0.0
Switch: e5,17002.0,0.0
Switch: e2,17002.0,0.0
Switch: e3,17002.0,0.0
Switch: e9,17002.0,0.0
Switch: e1,17002.0,0.0
Switch: c,17002.0,0.0
Switch: e2,17002.0,0.0
Switch: e0,17002.0,0.0
Switch: e8,17002.0,0.0
Switch: e4,17002.0,0.0
Switch: e4,17002.0,0.0
Switch: e6,17002.0,0.0
Switch: c,17002.0,0.0
Switch: e3,17002.0,0.0
Switch: e0,17002.0,0.0
Switch: e4,17002.0,0.0
Switch: e3,17002.0,0.0
Switch: c,17002.0,0.0
Switch: e4,17002.0,0.0
Switch: e0,17002.0,0.0
Switch: e0,17002.0,0.0
Switch: e7,17002.0,0.0
Switch: e1,17002.0,0.0
Switch: e8,17002.0,0.0
Switch: e1,17002.0,0.0
Switch: c,17002.0,0.0
Switch: e0,17002.0,0.0
Switch: e5,17002.0,0.0
Switch: e5,17002.0,0.0
Switch: e9,17355.0,0.0
Switch: e7,17355.0,0.0
Switch: e2,17355.0,0.0
Switch: e7,17355.0,0.0
Switch: e2,17355.0,0.0
Switch: e2,17355.0,0.0
Switch: c,17355.0,0.0
Switch: e5,17355.0,0.0
Switch: e7,17355.0,0.0
Switch: e4,17355.0,0.0
Switch: c,17355.0,0.0
Switch: e1,17355.0,0.0
Switch: e8,17355.0,0.0
Switch: e2,17355.0,0.0
Switch: e9,17355.0,0.0
Switch: e5,17355.0,0.0
Switch: e3,17355.0,0.0
Switch: e0,17355.0,0.0
Switch: e7,17355.0,0.0
Switch: e8,17355.0,0.0
Switch: e1,17355.0,0.0
Switch: e5,17355.0,0.0
Switch: e5,17355.0,0.0
Switch: e9,17355.0,0.0
Switch: e6,17355.0,0.0
Switch: e3,17355.0,0.0
Switch: e2,17355.0,0.0
Switch: e2,17355.0,0.0
Switch: e4,17355.0,0.0
Switch: e2,17355.0,0.0
Switch: e3,17355.0,0.0
Switch: e6,17355.0,35.3
Switch: e1,17355.0,0.0
Switch: e1,17355.0,0.0
Switch: e1,17355.0,0.0
Switch: e7,17355.0,0.0
Switch: e7,17355.0,0.0
Switch: e5,17355.0,0.0
Switch: e6,17355.0,35.3
Switch: e4,17355.0,0.0
Switch: e9,17355.0,0.0
Switch: e1,17355.0,0.0
Switch: e8,17355.0,0.0
Switch: e3,17355.0,0.0
Switch: e3,17355.0,0.0
Switch: e7,17355.0,0.0
Switch: e6,17355.0,0.0
Switch: e6,17355.0,0.0
Switch: e4,17355.0,0.0
Switch: c,17355.0,0.0
Switch: e7,17355.0,0.0
Switch: e8,17355.0,0.0
Switch: c,17355.0,0.0
Switch: e8,17355.0,0.0
Switch: e9,17355.0,0.0
Switch: e8,17355.0,0.0
Switch: e2,17355.0,0.0
Switch: e0,17355.0,0.0
Switch: e5,17355.0,0.0
Switch: e1,17355.0,0.0
Switch: e6,17355.0,0.0
Switch: e9,17355.0,0.0
Switch: e9,17355.0,0.0
Switch: e0,17355.0,0.0
Switch: e0,17355.0,0.0
Switch: e3,17355.0,0.0
Switch: e6,17355.0,70.6
Switch: c,17355.0,0.0
Switch: e6,17355.0,0.0
Switch: e4,17355.0,0.0
Switch: e4,17355.0,0.0
Switch: e9,17355.0,0.0
Switch: e7,17355.0,0.0
Switch: e8,17355.0,0.0
Switch: c,17355.0,0.0
Switch: e9,17355.0,0.0
Switch: e5,17355.0,0.0
Switch: e3,17355.0,0.0
Switch: e6,17355.0,0.0
Switch: e8,17355.0,0.0
Switch: e0,17355.0,0.0
Switch: e5,17355.0,0.0
Switch: e2,17355.0,0.0
Switch: e3,17355.0,0.0
Switch: e9,17355.0,0.0
Switch: e1,17355.0,0.0
Switch: c,17355.0,0.0
Switch: e2,17355.0,0.0
Switch: e0,17355.0,0.0
Switch: e8,17355.0,0.0
Switch: e4,17355.0,0.0
Switch: e4,17355.0,0.0
Switch: e6,17355.0,0.0
Switch: c,17355.0,0.0
Switch: e3,17355.0,0.0
Switch: e0,17355.0,0.0
Switch: e4,17355.0,0.0
Switch: e3,17355.0,0.0
Switch: c,17355.0,0.0
Switch: e4,17355.0,0.0
Switch: e0,17355.0,0.0
Switch: e0,17355.0,0.0
Switch: e7,17355.0,0.0
Switch: e1,17355.0,0.0
Switch: e8,17355.0,0.0
Switch: e1,17355.0,0.0
Switch: c,17355.0,0.0
Switch: e0,17355.0,0.0
Switch: e5,17355.0,0.0
Switch: e5,17355.0,0.0
Switch: e9,17360.0,0.0
Switch: e7,17360.0,0.0
Switch: e2,17360.0,0.0
Switch: e7,17360.0,0.0
Switch: e2,17360.0,0.0
Switch: e2,17360.0,0.0
Switch: c,17360.0,0.0
Switch: e5,17360.0,0.0
Switch: e7,17360.0,0.0
Switch: e4,17360.0,0.0
Switch: c,17360.0,0.0
Switch: e1,17360.0,0.0
Switch: e8,17360.0,0.0
Switch: e2,17360.0,0.0
Switch: e9,17360.0,0.0
Switch: e5,17360.0,0.0
Switch: e3,17360.0,0.0
Switch: e0,17360.0,0.0
Switch: e7,17360.0,0.0
Switch: e8,17360.0,0.0
Switch: e1,17360.0,0.0
Switch: e5,17360.0,0.0
Switch: e5,17360.0,0.0
Switch: e9,17360.0,0.0
Switch: e6,17360.0,0.0
Switch: e3,17360.0,0.0
Switch: e2,17360.0,0.0
Switch: e2,17360.0,0.0
Switch: e4,17360.0,0.0
Switch: e2,17360.0,0.0
Switch: e3,17360.0,0.0
Switch: e6,17360.0,0.0
Switch: e1,17360.0,0.0
Switch: e1,17360.0,0.0
Switch: e1,17360.0,0.0
Switch: e7,17360.0,0.0
Switch: e7,17360.0,0.0
Switch: e5,17360.0,0.0
Switch: e6,17360.0,0.0
Switch: e4,17360.0,0.0
Switch: e9,17360.0,0.0
Switch: e1,17360.0,0.0
Switch: e8,17360.0,0.0
Switch: e3,17360.0,0.0
Switch: e3,17360.0,0.0
Switch: e7,17360.0,0.0
Switch: e6,17360.0,0.0
Switch: e6,17360.0,0.0
Switch: e4,17360.0,0.0
Switch: c,17360.0,0.0
Switch: e7,17360.0,0.0
Switch: e8,17360.0,0.0
Switch: c,17360.0,0.0
Switch: e8,17360.0,0.0
Switch: e9,17360.0,0.0
Switch: e8,17360.0,0.0
Switch: e2,17360.0,0.0
Switch: e0,17360.0,0.0
Switch: e5,17360.0,0.0
Switch: e1,17360.0,0.0
Switch: e6,17360.0,0.0
Switch: e9,17360.0,0.0
Switch: e9,17360.0,0.0
Switch: e0,17360.0,0.0
Switch: e0,17360.0,0.0
Switch: e3,17360.0,0.0
Switch: e6,17360.0,0.0
Switch: c,17360.0,0.0
Switch: e6,17360.0,0.0
Switch: e4,17360.0,0.0
Switch: e4,17360.0,0.0
Switch: e9,17360.0,0.0
Switch: e7,17360.0,0.0
Switch: e8,17360.0,0.0
Switch: c,17360.0,0.0
Switch: e9,17360.0,0.0
Switch: e5,17360.0,0.0
Switch: e3,17360.0,0.0
Switch: e6,17360.0,0.0
Switch: e8,17360.0,0.0
Switch: e0,17360.0,0.0
Switch: e5,17360.0,0.0
Switch: e2,17360.0,0.0
Switch: e3,17360.0,0.0
Switch: e9,17360.0,0.0
Switch: e1,17360.0,0.0
Switch: c,17360.0,0.0
Switch: e2,17360.0,0.0
Switch: e0,17360.0,0.0
Switch: e8,17360.0,0.0
Switch: e4,17360.0,0.0
Switch: e4,17360.0,0.0
Switch: e6,17360.0,0.0
Switch: c,17360.0,0.0
Switch: e3,17360.0,0.0
Switch: e0,17360.0,0.0
Switch: e4,17360.0,0.0
Switch: e3,17360.0,0.0
Switch: c,17360.0,0.0
Switch: e4,17360.0,0.0
Switch: e0,17360.0,0.0
Switch: e0,17360.0,0.0
Switch: e7,17360.0,0.0
Switch: e1,17360.0,0.0
Switch: e8,17360.0,0.0
Switch: e1,17360.0,0.0
Switch: c,17360.0,0.0
Switch: e0,17360.0,0.0
Switch: e5,17360.0,0.0
Switch: e5,17360.0,0.0
Switch: e9,18856.0,0.0
Switch: e7,18856.0,0.0
Switch: e2,18856.0,0.0
Switch: e7,18856.0,0.0
Switch: e2,18856.0,0.0
Switch: e2,18856.0,0.0
Switch: c,18856.0,0.0
Switch: e5,18856.0,0.0
Switch: e7,18856.0,0.0
Switch: e4,18856.0,0.0
Switch: c,18856.0,0.0
Switch: e1,18856.0,0.0
Switch: e8,18856.0,0.0
Switch: e2,18856.0,0.0
Switch: e9,18856.0,0.0
Switch: e5,18856.0,0.0
Switch: e3,18856.0,0.0
Switch: e0,18856.0,0.0
Switch: e7,18856.0,0.0
Switch: e8,18856.0,0.0
Switch: e1,18856.0,0.0
Switch: e5,18856.0,0.0
Switch: e5,18856.0,0.0
Switch: e9,18856.0,0.0
Switch: e6,18856.0,0.0
Switch: e3,18856.0,0.0
Switch: e2,18856.0,0.0
Switch: e2,18856.0,0.0
Switch: e4,18856.0,0.0
Switch: e2,18856.0,0.0
Switch: e3,18856.0,0.0
Switch: e6,18856.0,0.0
Switch: e1,18856.0,0.0
Switch: e1,18856.0,0.0
Switch: e1,18856.0,0.0
Switch: e7,18856.0,0.0
Switch: e7,18856.0,0.0
Switch: e5,18856.0,0.0
Switch: e6,18856.0,0.0
Switch: e4,18856.0,0.0
Switch: e9,18856.0,0.0
Switch: e1,18856.0,0.0
Switch: e8,18856.0,0.0
Switch: e3,18856.0,0.0
Switch: e3,18856.0,0.0
Switch: e7,18856.0,0.0
Switch: e6,18856.0,0.0
Switch: e6,18856.0,0.0
Switch: e4,18856.0,0.0
Switch: c,18856.0,0.0
Switch: e7,18856.0,0.0
Switch: e8,18856.0,0.0
Switch: c,18856.0,0.0
Switch: e8,18856.0,0.0
Switch: e9,18856.0,0.0
Switch: e8,18856.0,0.0
Switch: e2,18856.0,0.0
Switch: e0,18856.0,0.0
Switch: e5,18856.0,0.0
Switch: e1,18856.0,0.0
Switch: e6,18856.0,0.0
Switch: e9,18856.0,0.0
Switch: e9,18856.0,0.0
Switch: e0,18856.0,0.0
Switch: e0,18856.0,0.0
Switch: e3,18856.0,0.0
Switch: e6,18856.0,0.0
Switch: c,18856.0,0.0
Switch: e6,18856.0,0.0
Switch: e4,18856.0,0.0
Switch: e4,18856.0,0.0
Switch: e9,18856.0,0.0
Switch: e7,18856.0,0.0
Switch: e8,18856.0,0.0
Switch: c,18856.0,0.0
Switch: e9,18856.0,0.0
Switch: e5,18856.0,0.0
Switch: e3,18856.0,0.0
Switch: e6,18856.0,0.0
Switch: e8,18856.0,0.0
Switch: e0,18856.0,0.0
Switch: e5,18856.0,0.0
Switch: e2,18856.0,0.0
Switch: e3,18856.0,0.0
Switch: e9,18856.0,0.0
Switch: e1,18856.0,0.0
Switch: c,18856.0,0.0
Switch: e2,18856.0,0.0
Switch: e0,18856.0,0.0
Switch: e8,18856.0,0.0
Switch: e4,18856.0,0.0
Switch: e4,18856.0,0.0
Switch: e6,18856.0,0.0
Switch: c,18856.0,0.0
Switch: e3,18856.0,0.0
Switch: e0,18856.0,0.0
Switch: e4,18856.0,0.0
Switch: e3,18856.0,0.0
Switch: c,18856.0,0.0
Switch: e4,18856.0,0.0
Switch: e0,18856.0,0.0
Switch: e0,18856.0,0.0
Switch: e7,18856.0,0.0
Switch: e1,18856.0,0.0
Switch: e8,18856.0,0.0
Switch: e1,18856.0,0.0
Switch: c,18856.0,0.0
Switch: e0,18856.0,0.0
Switch: e5,18856.0,0.0
Switch: e5,18856.0,0.0
Switch: e9,21246.0,0.0
Switch: e7,21246.0,0.0
Switch: e2,21246.0,0.0
Switch: e7,21246.0,0.0
Switch: e2,21246.0,0.0
Switch: e2,21246.0,0.0
Switch: c,21246.0,477.998
Switch: e5,21246.0,0.0
Switch: e7,21246.0,0.0
Switch: e4,21246.0,0.0
Switch: c,21246.0,0.0
Switch: e1,21246.0,0.0
Switch: e8,21246.0,0.0
Switch: e2,21246.0,0.0
Switch: e9,21246.0,0.0
Switch: e5,21246.0,0.0
Switch: e3,21246.0,0.0
Switch: e0,21246.0,0.0
Switch: e7,21246.0,0.0
Switch: e8,21246.0,0.0
Switch: e1,21246.0,0.0
Switch: e5,21246.0,0.0
Switch: e5,21246.0,0.0
Switch: e9,21246.0,0.0
Switch: e6,21246.0,0.0
Switch: e3,21246.0,0.0
Switch: e2,21246.0,0.0
Switch: e2,21246.0,0.0
Switch: e4,21246.0,0.0
Switch: e2,21246.0,0.0
Switch: e3,21246.0,0.0
Switch: e6,21246.0,0.0
Switch: e1,21246.0,0.0
Switch: e1,21246.0,0.0
Switch: e1,21246.0,0.0
Switch: e7,21246.0,0.0
Switch: e7,21246.0,0.0
Switch: e5,21246.0,0.0
Switch: e6,21246.0,0.0
Switch: e4,21246.0,0.0
Switch: e9,21246.0,238.999
Switch: e1,21246.0,0.0
Switch: e8,21246.0,0.0
Switch: e3,21246.0,0.0
Switch: e3,21246.0,0.0
Switch: e7,21246.0,0.0
Switch: e6,21246.0,0.0
Switch: e6,21246.0,477.998
Switch: e4,21246.0,0.0
Switch: c,21246.0,0.0
Switch: e7,21246.0,0.0
Switch: e8,21246.0,0.0
Switch: c,21246.0,0.0
Switch: e8,21246.0,0.0
Switch: e9,21246.0,0.0
Switch: e8,21246.0,0.0
Switch: e2,21246.0,0.0
Switch: e0,21246.0,0.0
Switch: e5,21246.0,0.0
Switch: e1,21246.0,0.0
Switch: e6,21246.0,0.0
Switch: e9,21246.0,477.998
Switch: e9,21246.0,0.0
Switch: e0,21246.0,0.0
Switch: e0,21246.0,0.0
Switch: e3,21246.0,0.0
Switch: e6,21246.0,0.0
Switch: c,21246.0,0.0
Switch: e6,21246.0,0.0
Switch: e4,21246.0,0.0
Switch: e4,21246.0,0.0
Switch: e9,21246.0,0.0
Switch: e7,21246.0,0.0
Switch: e8,21246.0,0.0
Switch: c,21246.0,0.0
Switch: e9,21246.0,238.999
Switch: e5,21246.0,0.0
Switch: e3,21246.0,0.0
Switch: e6,21246.0,0.0
Switch: e8,21246.0,0.0
Switch: e0,21246.0,0.0
Switch: e5,21246.0,0.0
Switch: e2,21246.0,0.0
Switch: e3,21246.0,0.0
Switch: e9,21246.0,0.0
Switch: e1,21246.0,0.0
Switch: c,21246.0,0.0
Switch: e2,21246.0,0.0
Switch: e0,21246.0,0.0
Switch: e8,21246.0,0.0
Switch: e4,21246.0,0.0
Switch: e4,21246.0,0.0
Switch: e6,21246.0,0.0
Switch: c,21246.0,0.0
Switch: e3,21246.0,0.0
Switch: e0,21246.0,0.0
Switch: e4,21246.0,0.0
Switch: e3,21246.0,0.0
Switch: c,21246.0,477.998
Switch: e4,21246.0,0.0
Switch: e0,21246.0,0.0
Switch: e0,21246.0,0.0
Switch: e7,21246.0,0.0
Switch: e1,21246.0,0.0
Switch: e8,21246.0,0.0
Switch: e1,21246.0,0.0
Switch: c,21246.0,0.0
Switch: e0,21246.0,0.0
Switch: e5,21246.0,0.0
Switch: e5,21246.0,0.0
Switch: e9,21251.0,0.0
Switch: e7,21251.0,0.0
Switch: e2,21251.0,0.0
Switch: e7,21251.0,0.0
Switch: e2,21251.0,0.0
Switch: e2,21251.0,0.0
Switch: c,21251.0,0.998
Switch: e5,21251.0,0.0
Switch: e7,21251.0,0.0
Switch: e4,21251.0,0.0
Switch: c,21251.0,0.0
Switch: e1,21251.0,0.0
Switch: e8,21251.0,0.0
Switch: e2,21251.0,0.0
Switch: e9,21251.0,0.0
Switch: e5,21251.0,0.0
Switch: e3,21251.0,0.0
Switch: e0,21251.0,0.0
Switch: e7,21251.0,0.0
Switch: e8,21251.0,0.0
Switch: e1,21251.0,0.0
Switch: e5,21251.0,0.0
Switch: e5,21251.0,0.0
Switch: e9,21251.0,0.0
Switch: e6,21251.0,0.499
Switch: e3,21251.0,0.0
Switch: e2,21251.0,0.0
Switch: e2,21251.0,0.0
Switch: e4,21251.0,0.0
Switch: e2,21251.0,0.0
Switch: e3,21251.0,0.0
Switch: e6,21251.0,0.0
Switch: e1,21251.0,0.0
Switch: e1,21251.0,0.0
Switch: e1,21251.0,0.0
Switch: e7,21251.0,0.0
Switch: e7,21251.0,0.0
Switch: e5,21251.0,0.0
Switch: e6,21251.0,0.0
Switch: e4,21251.0,0.0
Switch: e9,21251.0,0.0
Switch: e1,21251.0,0.0
Switch: e8,21251.0,0.0
Switch: e3,21251.0,0.0
Switch: e3,21251.0,0.0
Switch: e7,21251.0,0.0
Switch: e6,21251.0,0.0
Switch: e6,21251.0,0.0
Switch: e4,21251.0,0.0
Switch: c,21251.0,0.0
Switch: e7,21251.0,0.0
Switch: e8,21251.0,0.0
Switch: c,21251.0,0.0
Switch: e8,21251.0,0.0
Switch: e9,21251.0,0.0
Switch: e8,21251.0,0.0
Switch: e2,21251.0,0.0
Switch: e0,21251.0,0.0
Switch: e5,21251.0,0.0
Switch: e1,21251.0,0.0
Switch: e6,21251.0,0.998
Switch: e9,21251.0,0.0
Switch: e9,21251.0,0.0
Switch: e0,21251.0,0.0
Switch: e0,21251.0,0.0
Switch: e3,21251.0,0.0
Switch: e6,21251.0,0.0
Switch: c,21251.0,0.0
Switch: e6,21251.0,0.0
Switch: e4,21251.0,0.0
Switch: e4,21251.0,0.0
Switch: e9,21251.0,0.0
Switch: e7,21251.0,0.0
Switch: e8,21251.0,0.0
Switch: c,21251.0,0.0
Switch: e9,21251.0,0.0
Switch: e5,21251.0,0.0
Switch: e3,21251.0,0.0
Switch: e6,21251.0,0.0
Switch: e8,21251.0,0.0
Switch: e0,21251.0,0.0
Switch: e5,21251.0,0.0
Switch: e2,21251.0,0.0
Switch: e3,21251.0,0.0
Switch: e9,21251.0,0.0
Switch: e1,21251.0,0.0
Switch: c,21251.0,0.0
Switch: e2,21251.0,0.0
Switch: e0,21251.0,0.0
Switch: e8,21251.0,0.0
Switch: e4,21251.0,0.0
Switch: e4,21251.0,0.0
Switch: e6,21251.0,0.499
Switch: c,21251.0,0.998
Switch: e3,21251.0,0.0
Switch: e0,21251.0,0.0
Switch: e4,21251.0,0.0
Switch: e3,21251.0,0.0
Switch: c,21251.0,0.0
Switch: e4,21251.0,0.0
Switch: e0,21251.0,0.0
Switch: e0,21251.0,0.0
Switch: e7,21251.0,0.0
Switch: e1,21251.0,0.0
Switch: e8,21251.0,0.0
Switch: e1,21251.0,0.0
Switch: c,21251.0,0.0
Switch: e0,21251.0,0.0
Switch: e5,21251.0,0.998
Switch: e5,21251.0,0.0
Switch: e9,22198.0,0.0
Switch: e7,22198.0,0.0
Switch: e2,22198.0,0.0
Switch: e7,22198.0,0.0
Switch: e2,22198.0,0.0
Switch: e2,22198.0,0.0
Switch: c,22198.0,189.4
Switch: e5,22198.0,0.0
Switch: e7,22198.0,0.0
Switch: e4,22198.0,0.0
Switch: c,22198.0,0.0
Switch: e1,22198.0,0.0
Switch: e8,22198.0,0.0
Switch: e2,22198.0,0.0
Switch: e9,22198.0,0.0
Switch: e5,22198.0,0.0
Switch: e3,22198.0,0.0
Switch: e0,22198.0,0.0
Switch: e7,22198.0,0.0
Switch: e8,22198.0,0.0
Switch: e1,22198.0,0.0
Switch: e5,22198.0,0.0
Switch: e5,22198.0,0.0
Switch: e9,22198.0,0.0
Switch: e6,22198.0,94.7
Switch: e3,22198.0,0.0
Switch: e2,22198.0,0.0
Switch: e2,22198.0,0.0
Switch: e4,22198.0,0.0
Switch: e2,22198.0,0.0
Switch: e3,22198.0,0.0
Switch: e6,22198.0,0.0
Switch: e1,22198.0,0.0
Switch: e1,22198.0,0.0
Switch: e1,22198.0,0.0
Switch: e7,22198.0,0.0
Switch: e7,22198.0,0.0
Switch: e5,22198.0,0.0
Switch: e6,22198.0,0.0
Switch: e4,22198.0,0.0
Switch: e9,22198.0,0.0
Switch: e1,22198.0,0.0
Switch: e8,22198.0,0.0
Switch: e3,22198.0,0.0
Switch: e3,22198.0,0.0
Switch: e7,22198.0,0.0
Switch: e6,22198.0,0.0
Switch: e6,22198.0,0.0
Switch: e4,22198.0,0.0
Switch: c,22198.0,0.0
Switch: e7,22198.0,0.0
Switch: e8,22198.0,0.0
Switch: c,22198.0,0.0
Switch: e8,22198.0,0.0
Switch: e9,22198.0,0.0
Switch: e8,22198.0,0.0
Switch: e2,22198.0,0.0
Switch: e0,22198.0,0.0
Switch: e5,22198.0,0.0
Switch: e1,22198.0,0.0
Switch: e6,22198.0,189.4
Switch: e9,22198.0,0.0
Switch: e9,22198.0,0.0
Switch: e0,22198.0,0.0
Switch: e0,22198.0,0.0
Switch: e3,22198.0,0.0
Switch: e6,22198.0,0.0
Switch: c,22198.0,0.0
Switch: e6,22198.0,0.0
Switch: e4,22198.0,0.0
Switch: e4,22198.0,0.0
Switch: e9,22198.0,0.0
Switch: e7,22198.0,0.0
Switch: e8,22198.0,0.0
Switch: c,22198.0,0.0
Switch: e9,22198.0,0.0
Switch: e5,22198.0,0.0
Switch: e3,22198.0,0.0
Switch: e6,22198.0,0.0
Switch: e8,22198.0,0.0
Switch: e0,22198.0,0.0
Switch: e5,22198.0,0.0
Switch: e2,22198.0,0.0
Switch: e3,22198.0,0.0
Switch: e9,22198.0,0.0
Switch: e1,22198.0,0.0
Switch: c,22198.0,0.0
Switch: e2,22198.0,0.0
Switch: e0,22198.0,0.0
Switch: e8,22198.0,0.0
Switch: e4,22198.0,0.0
Switch: e4,22198.0,0.0
Switch: e6,22198.0,94.7
Switch: c,22198.0,189.4
Switch: e3,22198.0,0.0
Switch: e0,22198.0,0.0
Switch: e4,22198.0,0.0
Switch: e3,22198.0,0.0
Switch: c,22198.0,0.0
Switch: e4,22198.0,0.0
Switch: e0,22198.0,0.0
Switch: e0,22198.0,0.0
Switch: e7,22198.0,0.0
Switch: e1,22198.0,0.0
Switch: e8,22198.0,0.0
Switch: e1,22198.0,0.0
Switch: c,22198.0,0.0
Switch: e0,22198.0,0.0
Switch: e5,22198.0,189.4
Switch: e5,22198.0,0.0
Switch: e9,22203.0,0.0
Switch: e7,22203.0,0.0
Switch: e2,22203.0,0.0
Switch: e7,22203.0,0.0
Switch: e2,22203.0,0.0
Switch: e2,22203.0,0.0
Switch: c,22203.0,0.0
Switch: e5,22203.0,0.0
Switch: e7,22203.0,0.0
Switch: e4,22203.0,0.0
Switch: c,22203.0,0.0
Switch: e1,22203.0,0.0
Switch: e8,22203.0,0.0
Switch: e2,22203.0,0.0
Switch: e9,22203.0,0.0
Switch: e5,22203.0,0.0
Switch: e3,22203.0,0.0
Switch: e0,22203.0,0.0
Switch: e7,22203.0,0.0
Switch: e8,22203.0,0.0
Switch: e1,22203.0,0.0
Switch: e5,22203.0,0.0
Switch: e5,22203.0,0.0
Switch: e9,22203.0,0.0
Switch: e6,22203.0,0.0
Switch: e3,22203.0,0.0
Switch: e2,22203.0,0.0
Switch: e2,22203.0,0.0
Switch: e4,22203.0,0.0
Switch: e2,22203.0,0.0
Switch: e3,22203.0,0.0
Switch: e6,22203.0,0.0
Switch: e1,22203.0,0.0
Switch: e1,22203.0,0.0
Switch: e1,22203.0,0.0
Switch: e7,22203.0,0.0
Switch: e7,22203.0,0.0
Switch: e5,22203.0,0.0
Switch: e6,22203.0,0.0
Switch: e4,22203.0,0.0
Switch: e9,22203.0,0.0
Switch: e1,22203.0,0.0
Switch: e8,22203.0,0.0
Switch: e3,22203.0,0.0
Switch: e3,22203.0,0.0
Switch: e7,22203.0,0.0
Switch: e6,22203.0,0.0
Switch: e6,22203.0,0.0
Switch: e4,22203.0,0.0
Switch: c,22203.0,0.0
Switch: e7,22203.0,0.0
Switch: e8,22203.0,0.0
Switch: c,22203.0,0.0
Switch: e8,22203.0,0.0
Switch: e9,22203.0,0.0
Switch: e8,22203.0,0.0
Switch: e2,22203.0,0.0
Switch: e0,22203.0,0.0
Switch: e5,22203.0,0.0
Switch: e1,22203.0,0.0
Switch: e6,22203.0,0.0
Switch: e9,22203.0,0.0
Switch: e9,22203.0,0.0
Switch: e0,22203.0,0.0
Switch: e0,22203.0,0.0
Switch: e3,22203.0,0.0
Switch: e6,22203.0,0.0
Switch: c,22203.0,0.0
Switch: e6,22203.0,0.0
Switch: e4,22203.0,0.0
Switch: e4,22203.0,0.0
Switch: e9,22203.0,0.0
Switch: e7,22203.0,0.0
Switch: e8,22203.0,0.0
Switch: c,22203.0,0.0
Switch: e9,22203.0,0.0
Switch: e5,22203.0,0.0
Switch: e3,22203.0,0.0
Switch: e6,22203.0,0.0
Switch: e8,22203.0,0.0
Switch: e0,22203.0,0.0
Switch: e5,22203.0,0.0
Switch: e2,22203.0,0.0
Switch: e3,22203.0,0.0
Switch: e9,22203.0,0.0
Switch: e1,22203.0,0.0
Switch: c,22203.0,0.0
Switch: e2,22203.0,0.0
Switch: e0,22203.0,0.0
Switch: e8,22203.0,0.0
Switch: e4,22203.0,0.0
Switch: e4,22203.0,0.0
Switch: e6,22203.0,0.0
Switch: c,22203.0,0.0
Switch: e3,22203.0,0.0
Switch: e0,22203.0,0.0
Switch: e4,22203.0,0.0
Switch: e3,22203.0,0.0
Switch: c,22203.0,0.0
Switch: e4,22203.0,0.0
Switch: e0,22203.0,0.0
Switch: e0,22203.0,0.0
Switch: e7,22203.0,0.0
Switch: e1,22203.0,0.0
Switch: e8,22203.0,0.0
Switch: e1,22203.0,0.0
Switch: c,22203.0,0.0
Switch: e0,22203.0,0.0
Switch: e5,22203.0,0.0
Switch: e5,22203.0,0.0
Switch: e9,22352.0,0.0
Switch: e7,22352.0,0.0
Switch: e2,22352.0,0.0
Switch: e7,22352.0,0.0
Switch: e2,22352.0,0.0
Switch: e2,22352.0,0.0
Switch: c,22352.0,0.0
Switch: e5,22352.0,0.0
Switch: e7,22352.0,0.0
Switch: e4,22352.0,0.0
Switch: c,22352.0,0.0
Switch: e1,22352.0,0.0
Switch: e8,22352.0,0.0
Switch: e2,22352.0,0.0
Switch: e9,22352.0,0.0
Switch: e5,22352.0,0.0
Switch: e3,22352.0,0.0
Switch: e0,22352.0,0.0
Switch: e7,22352.0,0.0
Switch: e8,22352.0,0.0
Switch: e1,22352.0,0.0
Switch: e5,22352.0,0.0
Switch: e5,22352.0,0.0
Switch: e9,22352.0,0.0
Switch: e6,22352.0,0.0
Switch: e3,22352.0,0.0
Switch: e2,22352.0,0.0
Switch: e2,22352.0,0.0
Switch: e4,22352.0,0.0
Switch: e2,22352.0,0.0
Switch: e3,22352.0,0.0
Switch: e6,22352.0,0.0
Switch: e1,22352.0,0.0
Switch: e1,22352.0,0.0
Switch: e1,22352.0,0.0
Switch: e7,22352.0,0.0
Switch: e7,22352.0,0.0
Switch: e5,22352.0,0.0
Switch: e6,22352.0,0.0
Switch: e4,22352.0,0.0
Switch: e9,22352.0,0.0
Switch: e1,22352.0,0.0
Switch: e8,22352.0,0.0
Switch: e3,22352.0,0.0
Switch: e3,22352.0,0.0
Switch: e7,22352.0,0.0
Switch: e6,22352.0,0.0
Switch: e6,22352.0,0.0
Switch: e4,22352.0,0.0
Switch: c,22352.0,0.0
Switch: e7,22352.0,0.0
Switch: e8,22352.0,0.0
Switch: c,22352.0,0.0
Switch: e8,22352.0,0.0
Switch: e9,22352.0,0.0
Switch: e8,22352.0,0.0
Switch: e2,22352.0,0.0
Switch: e0,22352.0,0.0
Switch: e5,22352.0,0.0
Switch: e1,22352.0,0.0
Switch: e6,22352.0,0.0
Switch: e9,22352.0,0.0
Switch: e9,22352.0,0.0
Switch: e0,22352.0,0.0
Switch: e0,22352.0,0.0
Switch: e3,22352.0,0.0
Switch: e6,22352.0,0.0
Switch: c,22352.0,0.0
Switch: e6,22352.0,0.0
Switch: e4,22352.0,0.0
Switch: e4,22352.0,0.0
Switch: e9,22352.0,0.0
Switch: e7,22352.0,0.0
Switch: e8,22352.0,0.0
Switch: c,22352.0,0.0
Switch: e9,22352.0,0.0
Switch: e5,22352.0,0.0
Switch: e3,22352.0,0.0
Switch: e6,22352.0,0.0
Switch: e8,22352.0,0.0
Switch: e0,22352.0,0.0
Switch: e5,22352.0,0.0
Switch: e2,22352.0,0.0
Switch: e3,22352.0,0.0
Switch: e9,22352.0,0.0
Switch: e1,22352.0,0.0
Switch: c,22352.0,0.0
Switch: e2,22352.0,0.0
Switch: e0,22352.0,0.0
Switch: e8,22352.0,0.0
Switch: e4,22352.0,0.0
Switch: e4,22352.0,0.0
Switch: e6,22352.0,0.0
Switch: c,22352.0,0.0
Switch: e3,22352.0,0.0
Switch: e0,22352.0,0.0
Switch: e4,22352.0,0.0
Switch: e3,22352.0,0.0
Switch: c,22352.0,0.0
Switch: e4,22352.0,0.0
Switch: e0,22352.0,0.0
Switch: e0,22352.0,0.0
Switch: e7,22352.0,0.0
Switch: e1,22352.0,0.0
Switch: e8,22352.0,0.0
Switch: e1,22352.0,0.0
Switch: c,22352.0,0.0
Switch: e0,22352.0,0.0
Switch: e5,22352.0,0.0
Switch: e5,22352.0,0.0
Switch: e9,22660.0,0.0
Switch: e7,22660.0,0.0
Switch: e2,22660.0,0.0
Switch: e7,22660.0,0.0
Switch: e2,22660.0,0.0
Switch: e2,22660.0,0.0
Switch: c,22660.0,0.0
Switch: e5,22660.0,0.0
Switch: e7,22660.0,0.0
Switch: e4,22660.0,0.0
Switch: c,22660.0,0.0
Switch: e1,22660.0,0.0
Switch: e8,22660.0,0.0
Switch: e2,22660.0,0.0
Switch: e9,22660.0,0.0
Switch: e5,22660.0,0.0
Switch: e3,22660.0,0.0
Switch: e0,22660.0,0.0
Switch: e7,22660.0,0.0
Switch: e8,22660.0,0.0
Switch: e1,22660.0,0.0
Switch: e5,22660.0,61.598
Switch: e5,22660.0,0.0
Switch: e9,22660.0,0.0
Switch: e6,22660.0,0.0
Switch: e3,22660.0,0.0
Switch: e2,22660.0,0.0
Switch: e2,22660.0,0.0
Switch: e4,22660.0,0.0
Switch: e2,22660.0,0.0
Switch: e3,22660.0,0.0
Switch: e6,22660.0,0.0
Switch: e1,22660.0,0.0
Switch: e1,22660.0,0.0
Switch: e1,22660.0,0.0
Switch: e7,22660.0,0.0
Switch: e7,22660.0,0.0
Switch: e5,22660.0,30.799
Switch: e6,22660.0,0.0
Switch: e4,22660.0,0.0
Switch: e9,22660.0,0.0
Switch: e1,22660.0,0.0
Switch: e8,22660.0,0.0
Switch: e3,22660.0,0.0
Switch: e3,22660.0,0.0
Switch: e7,22660.0,0.0
Switch: e6,22660.0,0.0
Switch: e6,22660.0,0.0
Switch: e4,22660.0,0.0
Switch: c,22660.0,0.0
Switch: e7,22660.0,0.0
Switch: e8,22660.0,30.799
Switch: c,22660.0,0.0
Switch: e8,22660.0,0.0
Switch: e9,22660.0,0.0
Switch: e8,22660.0,0.0
Switch: e2,22660.0,0.0
Switch: e0,22660.0,0.0
Switch: e5,22660.0,61.598
Switch: e1,22660.0,0.0
Switch: e6,22660.0,0.0
Switch: e9,22660.0,0.0
Switch: e9,22660.0,0.0
Switch: e0,22660.0,0.0
Switch: e0,22660.0,0.0
Switch: e3,22660.0,0.0
Switch: e6,22660.0,0.0
Switch: c,22660.0,0.0
Switch: e6,22660.0,0.0
Switch: e4,22660.0,0.0
Switch: e4,22660.0,0.0
Switch: e9,22660.0,0.0
Switch: e7,22660.0,0.0
Switch: e8,22660.0,0.0
Switch: c,22660.0,30.799
Switch: e9,22660.0,0.0
Switch: e5,22660.0,0.0
Switch: e3,22660.0,0.0
Switch: e6,22660.0,0.0
Switch: e8,22660.0,0.0
Switch: e0,22660.0,0.0
Switch: e5,22660.0,0.0
Switch: e2,22660.0,0.0
Switch: e3,22660.0,0.0
Switch: e9,22660.0,0.0
Switch: e1,22660.0,0.0
Switch: c,22660.0,0.0
Switch: e2,22660.0,0.0
Switch: e0,22660.0,0.0
Switch: e8,22660.0,0.0
Switch: e4,22660.0,0.0
Switch: e4,22660.0,0.0
Switch: e6,22660.0,0.0
Switch: c,22660.0,30.799
Switch: e3,22660.0,0.0
Switch: e0,22660.0,0.0
Switch: e4,22660.0,0.0
Switch: e3,22660.0,0.0
Switch: c,22660.0,0.0
Switch: e4,22660.0,0.0
Switch: e0,22660.0,0.0
Switch: e0,22660.0,0.0
Switch: e7,22660.0,0.0
Switch: e1,22660.0,0.0
Switch: e8,22660.0,0.0
Switch: e1,22660.0,0.0
Switch: c,22660.0,0.0
Switch: e0,22660.0,0.0
Switch: e5,22660.0,0.0
Switch: e5,22660.0,0.0
Switch: e9,22665.0,0.0
Switch: e7,22665.0,0.0
Switch: e2,22665.0,0.0
Switch: e7,22665.0,0.0
Switch: e2,22665.0,0.0
Switch: e2,22665.0,0.0
Switch: c,22665.0,0.0
Switch: e5,22665.0,0.0
Switch: e7,22665.0,0.0
Switch: e4,22665.0,0.0
Switch: c,22665.0,0.0
Switch: e1,22665.0,0.0
Switch: e8,22665.0,0.0
Switch: e2,22665.0,0.0
Switch: e9,22665.0,0.0
Switch: e5,22665.0,0.499
Switch: e3,22665.0,0.0
Switch: e0,22665.0,0.0
Switch: e7,22665.0,0.0
Switch: e8,22665.0,0.0
Switch: e1,22665.0,0.0
Switch: e5,22665.0,0.0
Switch: e5,22665.0,0.0
Switch: e9,22665.0,0.0
Switch: e6,22665.0,0.0
Switch: e3,22665.0,0.0
Switch: e2,22665.0,0.0
Switch: e2,22665.0,0.0
Switch: e4,22665.0,0.0
Switch: e2,22665.0,0.0
Switch: e3,22665.0,0.0
Switch: e6,22665.0,0.0
Switch: e1,22665.0,0.0
Switch: e1,22665.0,0.0
Switch: e1,22665.0,0.0
Switch: e7,22665.0,0.0
Switch: e7,22665.0,0.0
Switch: e5,22665.0,0.0
Switch: e6,22665.0,0.0
Switch: e4,22665.0,0.0
Switch: e9,22665.0,0.0
Switch: e1,22665.0,0.0
Switch: e8,22665.0,0.0
Switch: e3,22665.0,0.0
Switch: e3,22665.0,0.0
Switch: e7,22665.0,0.0
Switch: e6,22665.0,0.0
Switch: e6,22665.0,0.0
Switch: e4,22665.0,0.0
Switch: c,22665.0,0.0
Switch: e7,22665.0,0.0
Switch: e8,22665.0,0.0
Switch: c,22665.0,0.0
Switch: e8,22665.0,0.0
Switch: e9,22665.0,0.0
Switch: e8,22665.0,0.0
Switch: e2,22665.0,0.0
Switch: e0,22665.0,0.0
Switch: e5,22665.0,0.0
Switch: e1,22665.0,0.0
Switch: e6,22665.0,0.0
Switch: e9,22665.0,0.0
Switch: e9,22665.0,0.0
Switch: e0,22665.0,0.0
Switch: e0,22665.0,0.0
Switch: e3,22665.0,0.0
Switch: e6,22665.0,0.0
Switch: c,22665.0,0.0
Switch: e6,22665.0,0.0
Switch: e4,22665.0,0.0
Switch: e4,22665.0,0.0
Switch: e9,22665.0,0.0
Switch: e7,22665.0,0.0
Switch: e8,22665.0,0.0
Switch: c,22665.0,0.0
Switch: e9,22665.0,0.0
Switch: e5,22665.0,0.499
Switch: e3,22665.0,0.0
Switch: e6,22665.0,0.0
Switch: e8,22665.0,0.0
Switch: e0,22665.0,0.0
Switch: e5,22665.0,0.998
Switch: e2,22665.0,0.0
Switch: e3,22665.0,0.0
Switch: e9,22665.0,0.0
Switch: e1,22665.0,0.0
Switch: c,22665.0,0.0
Switch: e2,22665.0,0.0
Switch: e0,22665.0,0.0
Switch: e8,22665.0,0.0
Switch: e4,22665.0,0.0
Switch: e4,22665.0,0.0
Switch: e6,22665.0,0.0
Switch: c,22665.0,0.0
Switch: e3,22665.0,0.0
Switch: e0,22665.0,0.0
Switch: e4,22665.0,0.0
Switch: e3,22665.0,0.0
Switch: c,22665.0,0.0
Switch: e4,22665.0,0.0
Switch: e0,22665.0,0.0
Switch: e0,22665.0,0.0
Switch: e7,22665.0,0.0
Switch: e1,22665.0,0.0
Switch: e8,22665.0,0.0
Switch: e1,22665.0,0.0
Switch: c,22665.0,0.0
Switch: e0,22665.0,0.0
Switch: e5,22665.0,0.0
Switch: e5,22665.0,0.998
Switch: e9,22970.0,0.0
Switch: e7,22970.0,0.0
Switch: e2,22970.0,0.0
Switch: e7,22970.0,0.0
Switch: e2,22970.0,0.0
Switch: e2,22970.0,0.0
Switch: c,22970.0,0.0
Switch: e5,22970.0,0.0
Switch: e7,22970.0,0.0
Switch: e4,22970.0,0.0
Switch: c,22970.0,0.0
Switch: e1,22970.0,0.0
Switch: e8,22970.0,0.0
Switch: e2,22970.0,0.0
Switch: e9,22970.0,0.0
Switch: e5,22970.0,30.5
Switch: e3,22970.0,0.0
Switch: e0,22970.0,0.0
Switch: e7,22970.0,0.0
Switch: e8,22970.0,0.0
Switch: e1,22970.0,0.0
Switch: e5,22970.0,0.0
Switch: e5,22970.0,0.0
Switch: e9,22970.0,0.0
Switch: e6,22970.0,0.0
Switch: e3,22970.0,0.0
Switch: e2,22970.0,0.0
Switch: e2,22970.0,0.0
Switch: e4,22970.0,0.0
Switch: e2,22970.0,0.0
Switch: e3,22970.0,0.0
Switch: e6,22970.0,0.0
Switch: e1,22970.0,0.0
Switch: e1,22970.0,0.0
Switch: e1,22970.0,0.0
Switch: e7,22970.0,0.0
Switch: e7,22970.0,0.0
Switch: e5,22970.0,0.0
Switch: e6,22970.0,0.0
Switch: e4,22970.0,0.0
Switch: e9,22970.0,0.0
Switch: e1,22970.0,0.0
Switch: e8,22970.0,0.0
Switch: e3,22970.0,0.0
Switch: e3,22970.0,0.0
Switch: e7,22970.0,0.0
Switch: e6,22970.0,0.0
Switch: e6,22970.0,0.0
Switch: e4,22970.0,0.0
Switch: c,22970.0,0.0
Switch: e7,22970.0,0.0
Switch: e8,22970.0,0.0
Switch: c,22970.0,0.0
Switch: e8,22970.0,0.0
Switch: e9,22970.0,0.0
Switch: e8,22970.0,0.0
Switch: e2,22970.0,0.0
Switch: e0,22970.0,0.0
Switch: e5,22970.0,0.0
Switch: e1,22970.0,0.0
Switch: e6,22970.0,0.0
Switch: e9,22970.0,0.0
Switch: e9,22970.0,0.0
Switch: e0,22970.0,0.0
Switch: e0,22970.0,0.0
Switch: e3,22970.0,0.0
Switch: e6,22970.0,0.0
Switch: c,22970.0,0.0
Switch: e6,22970.0,0.0
Switch: e4,22970.0,0.0
Switch: e4,22970.0,0.0
Switch: e9,22970.0,0.0
Switch: e7,22970.0,0.0
Switch: e8,22970.0,0.0
Switch: c,22970.0,0.0
Switch: e9,22970.0,0.0
Switch: e5,22970.0,30.5
Switch: e3,22970.0,0.0
Switch: e6,22970.0,0.0
Switch: e8,22970.0,0.0
Switch: e0,22970.0,0.0
Switch: e5,22970.0,61.0
Switch: e2,22970.0,0.0
Switch: e3,22970.0,0.0
Switch: e9,22970.0,0.0
Switch: e1,22970.0,0.0
Switch: c,22970.0,0.0
Switch: e2,22970.0,0.0
Switch: e0,22970.0,0.0
Switch: e8,22970.0,0.0
Switch: e4,22970.0,0.0
Switch: e4,22970.0,0.0
Switch: e6,22970.0,0.0
Switch: c,22970.0,0.0
Switch: e3,22970.0,0.0
Switch: e0,22970.0,0.0
Switch: e4,22970.0,0.0
Switch: e3,22970.0,0.0
Switch: c,22970.0,0.0
Switch: e4,22970.0,0.0
Switch: e0,22970.0,0.0
Switch: e0,22970.0,0.0
Switch: e7,22970.0,0.0
Switch: e1,22970.0,0.0
Switch: e8,22970.0,0.0
Switch: e1,22970.0,0.0
Switch: c,22970.0,0.0
Switch: e0,22970.0,0.0
Switch: e5,22970.0,0.0
Switch: e5,22970.0,61.0
Switch: e9,22975.0,0.0
Switch: e7,22975.0,0.0
Switch: e2,22975.0,0.0
Switch: e7,22975.0,0.0
Switch: e2,22975.0,0.0
Switch: e2,22975.0,0.0
Switch: c,22975.0,0.0
Switch: e5,22975.0,0.499
Switch: e7,22975.0,0.0
Switch: e4,22975.0,0.0
Switch: c,22975.0,0.0
Switch: e1,22975.0,0.0
Switch: e8,22975.0,0.0
Switch: e2,22975.0,0.0
Switch: e9,22975.0,0.0
Switch: e5,22975.0,0.0
Switch: e3,22975.0,0.0
Switch: e0,22975.0,0.0
Switch: e7,22975.0,0.0
Switch: e8,22975.0,0.0
Switch: e1,22975.0,0.0
Switch: e5,22975.0,0.0
Switch: e5,22975.0,0.998
Switch: e9,22975.0,0.0
Switch: e6,22975.0,0.0
Switch: e3,22975.0,0.0
Switch: e2,22975.0,0.0
Switch: e2,22975.0,0.0
Switch: e4,22975.0,0.0
Switch: e2,22975.0,0.0
Switch: e3,22975.0,0.0
Switch: e6,22975.0,0.0
Switch: e1,22975.0,0.0
Switch: e1,22975.0,0.0
Switch: e1,22975.0,0.0
Switch: e7,22975.0,0.0
Switch: e7,22975.0,0.0
Switch: e5,22975.0,0.0
Switch: e6,22975.0,0.0
Switch: e4,22975.0,0.0
Switch: e9,22975.0,0.0
Switch: e1,22975.0,0.0
Switch: e8,22975.0,0.0
Switch: e3,22975.0,0.0
Switch: e3,22975.0,0.0
Switch: e7,22975.0,0.0
Switch: e6,22975.0,0.0
Switch: e6,22975.0,0.0
Switch: e4,22975.0,0.499
Switch: c,22975.0,0.0
Switch: e7,22975.0,0.0
Switch: e8,22975.0,0.0
Switch: c,22975.0,0.0
Switch: e8,22975.0,0.0
Switch: e9,22975.0,0.0
Switch: e8,22975.0,0.0
Switch: e2,22975.0,0.0
Switch: e0,22975.0,0.0
Switch: e5,22975.0,0.0
Switch: e1,22975.0,0.0
Switch: e6,22975.0,0.0
Switch: e9,22975.0,0.0
Switch: e9,22975.0,0.0
Switch: e0,22975.0,0.0
Switch: e0,22975.0,0.0
Switch: e3,22975.0,0.0
Switch: e6,22975.0,0.0
Switch: c,22975.0,0.0
Switch: e6,22975.0,0.0
Switch: e4,22975.0,0.0
Switch: e4,22975.0,0.0
Switch: e9,22975.0,0.0
Switch: e7,22975.0,0.0
Switch: e8,22975.0,0.0
Switch: c,22975.0,0.0
Switch: e9,22975.0,0.0
Switch: e5,22975.0,0.0
Switch: e3,22975.0,0.0
Switch: e6,22975.0,0.0
Switch: e8,22975.0,0.0
Switch: e0,22975.0,0.0
Switch: e5,22975.0,0.0
Switch: e2,22975.0,0.0
Switch: e3,22975.0,0.0
Switch: e9,22975.0,0.0
Switch: e1,22975.0,0.0
Switch: c,22975.0,0.0
Switch: e2,22975.0,0.0
Switch: e0,22975.0,0.0
Switch: e8,22975.0,0.0
Switch: e4,22975.0,0.0
Switch: e4,22975.0,0.0
Switch: e6,22975.0,0.0
Switch: c,22975.0,0.499
Switch: e3,22975.0,0.0
Switch: e0,22975.0,0.0
Switch: e4,22975.0,0.0
Switch: e3,22975.0,0.0
Switch: c,22975.0,0.0
Switch: e4,22975.0,0.0
Switch: e0,22975.0,0.0
Switch: e0,22975.0,0.0
Switch: e7,22975.0,0.0
Switch: e1,22975.0,0.0
Switch: e8,22975.0,0.0
Switch: e1,22975.0,0.0
Switch: c,22975.0,0.499
Switch: e0,22975.0,0.0
Switch: e5,22975.0,0.0
Switch: e5,22975.0,0.0
Switch: e9,23534.0,0.0
Switch: e7,23534.0,0.0
Switch: e2,23534.0,0.0
Switch: e7,23534.0,0.0
Switch: e2,23534.0,0.0
Switch: e2,23534.0,0.0
Switch: c,23534.0,0.0
Switch: e5,23534.0,55.9
Switch: e7,23534.0,0.0
Switch: e4,23534.0,0.0
Switch: c,23534.0,0.0
Switch: e1,23534.0,0.0
Switch: e8,23534.0,0.0
Switch: e2,23534.0,0.0
Switch: e9,23534.0,0.0
Switch: e5,23534.0,0.0
Switch: e3,23534.0,0.0
Switch: e0,23534.0,0.0
Switch: e7,23534.0,0.0
Switch: e8,23534.0,0.0
Switch: e1,23534.0,0.0
Switch: e5,23534.0,0.0
Switch: e5,23534.0,111.8
Switch: e9,23534.0,0.0
Switch: e6,23534.0,0.0
Switch: e3,23534.0,0.0
Switch: e2,23534.0,0.0
Switch: e2,23534.0,0.0
Switch: e4,23534.0,0.0
Switch: e2,23534.0,0.0
Switch: e3,23534.0,0.0
Switch: e6,23534.0,0.0
Switch: e1,23534.0,0.0
Switch: e1,23534.0,0.0
Switch: e1,23534.0,0.0
Switch: e7,23534.0,0.0
Switch: e7,23534.0,0.0
Switch: e5,23534.0,0.0
Switch: e6,23534.0,0.0
Switch: e4,23534.0,0.0
Switch: e9,23534.0,0.0
Switch: e1,23534.0,0.0
Switch: e8,23534.0,0.0
Switch: e3,23534.0,0.0
Switch: e3,23534.0,0.0
Switch: e7,23534.0,0.0
Switch: e6,23534.0,0.0
Switch: e6,23534.0,0.0
Switch: e4,23534.0,55.9
Switch: c,23534.0,0.0
Switch: e7,23534.0,0.0
Switch: e8,23534.0,0.0
Switch: c,23534.0,0.0
Switch: e8,23534.0,0.0
Switch: e9,23534.0,0.0
Switch: e8,23534.0,0.0
Switch: e2,23534.0,0.0
Switch: e0,23534.0,0.0
Switch: e5,23534.0,0.0
Switch: e1,23534.0,0.0
Switch: e6,23534.0,0.0
Switch: e9,23534.0,0.0
Switch: e9,23534.0,0.0
Switch: e0,23534.0,0.0
Switch: e0,23534.0,0.0
Switch: e3,23534.0,0.0
Switch: e6,23534.0,0.0
Switch: c,23534.0,0.0
Switch: e6,23534.0,0.0
Switch: e4,23534.0,0.0
Switch: e4,23534.0,0.0
Switch: e9,23534.0,0.0
Switch: e7,23534.0,0.0
Switch: e8,23534.0,0.0
Switch: c,23534.0,0.0
Switch: e9,23534.0,0.0
Switch: e5,23534.0,0.0
Switch: e3,23534.0,0.0
Switch: e6,23534.0,0.0
Switch: e8,23534.0,0.0
Switch: e0,23534.0,0.0
Switch: e5,23534.0,0.0
Switch: e2,23534.0,0.0
Switch: e3,23534.0,0.0
Switch: e9,23534.0,0.0
Switch: e1,23534.0,0.0
Switch: c,23534.0,0.0
Switch: e2,23534.0,0.0
Switch: e0,23534.0,0.0
Switch: e8,23534.0,0.0
Switch: e4,23534.0,0.0
Switch: e4,23534.0,0.0
Switch: e6,23534.0,0.0
Switch: c,23534.0,55.9
Switch: e3,23534.0,0.0
Switch: e0,23534.0,0.0
Switch: e4,23534.0,0.0
Switch: e3,23534.0,0.0
Switch: c,23534.0,0.0
Switch: e4,23534.0,0.0
Switch: e0,23534.0,0.0
Switch: e0,23534.0,0.0
Switch: e7,23534.0,0.0
Switch: e1,23534.0,0.0
Switch: e8,23534.0,0.0
Switch: e1,23534.0,0.0
Switch: c,23534.0,55.9
Switch: e0,23534.0,0.0
Switch: e5,23534.0,0.0
Switch: e5,23534.0,0.0
Switch: e9,23539.0,0.0
Switch: e7,23539.0,0.0
Switch: e2,23539.0,0.0
Switch: e7,23539.0,0.0
Switch: e2,23539.0,0.0
Switch: e2,23539.0,0.0
Switch: c,23539.0,0.0
Switch: e5,23539.0,0.0
Switch: e7,23539.0,0.0
Switch: e4,23539.0,0.0
Switch: c,23539.0,0.0
Switch: e1,23539.0,0.0
Switch: e8,23539.0,0.0
Switch: e2,23539.0,0.0
Switch: e9,23539.0,0.0
Switch: e5,23539.0,0.0
Switch: e3,23539.0,0.0
Switch: e0,23539.0,0.0
Switch: e7,23539.0,0.0
Switch: e8,23539.0,0.0
Switch: e1,23539.0,0.0
Switch: e5,23539.0,0.0
Switch: e5,23539.0,0.0
Switch: e9,23539.0,0.0
Switch: e6,23539.0,0.0
Switch: e3,23539.0,0.0
Switch: e2,23539.0,0.0
Switch: e2,23539.0,0.0
Switch: e4,23539.0,0.998
Switch: e2,23539.0,0.0
Switch: e3,23539.0,0.0
Switch: e6,23539.0,0.0
Switch: e1,23539.0,0.0
Switch: e1,23539.0,0.0
Switch: e1,23539.0,0.0
Switch: e7,23539.0,0.0
Switch: e7,23539.0,0.0
Switch: e5,23539.0,0.0
Switch: e6,23539.0,0.0
Switch: e4,23539.0,0.0
Switch: e9,23539.0,0.0
Switch: e1,23539.0,0.0
Switch: e8,23539.0,0.0
Switch: e3,23539.0,0.0
Switch: e3,23539.0,0.0
Switch: e7,23539.0,0.0
Switch: e6,23539.0,0.0
Switch: e6,23539.0,0.0
Switch: e4,23539.0,0.0
Switch: c,23539.0,0.0
Switch: e7,23539.0,0.0
Switch: e8,23539.0,0.0
Switch: c,23539.0,0.0
Switch: e8,23539.0,0.0
Switch: e9,23539.0,0.0
Switch: e8,23539.0,0.0
Switch: e2,23539.0,0.0
Switch: e0,23539.0,0.0
Switch: e5,23539.0,0.0
Switch: e1,23539.0,0.0
Switch: e6,23539.0,0.0
Switch: e9,23539.0,0.0
Switch: e9,23539.0,0.0
Switch: e0,23539.0,0.0
Switch: e0,23539.0,0.0
Switch: e3,23539.0,0.0
Switch: e6,23539.0,0.0
Switch: c,23539.0,0.0
Switch: e6,23539.0,0.0
Switch: e4,23539.0,0.0
Switch: e4,23539.0,0.0
Switch: e9,23539.0,0.0
Switch: e7,23539.0,0.0
Switch: e8,23539.0,0.0
Switch: c,23539.0,0.0
Switch: e9,23539.0,0.0
Switch: e5,23539.0,0.0
Switch: e3,23539.0,0.0
Switch: e6,23539.0,0.0
Switch: e8,23539.0,0.0
Switch: e0,23539.0,0.0
Switch: e5,23539.0,0.0
Switch: e2,23539.0,0.0
Switch: e3,23539.0,0.0
Switch: e9,23539.0,0.0
Switch: e1,23539.0,0.0
Switch: c,23539.0,0.0
Switch: e2,23539.0,0.0
Switch: e0,23539.0,0.0
Switch: e8,23539.0,0.0
Switch: e4,23539.0,0.0
Switch: e4,23539.0,0.0
Switch: e6,23539.0,0.0
Switch: c,23539.0,0.0
Switch: e3,23539.0,0.0
Switch: e0,23539.0,0.0
Switch: e4,23539.0,0.499
Switch: e3,23539.0,0.0
Switch: c,23539.0,0.0
Switch: e4,23539.0,0.499
Switch: e0,23539.0,0.0
Switch: e0,23539.0,0.0
Switch: e7,23539.0,0.0
Switch: e1,23539.0,0.0
Switch: e8,23539.0,0.0
Switch: e1,23539.0,0.0
Switch: c,23539.0,0.0
Switch: e0,23539.0,0.0
Switch: e5,23539.0,0.0
Switch: e5,23539.0,0.0
Switch: e9,25458.0,0.0
Switch: e7,25458.0,0.0
Switch: e2,25458.0,0.0
Switch: e7,25458.0,0.0
Switch: e2,25458.0,0.0
Switch: e2,25458.0,0.0
Switch: c,25458.0,0.0
Switch: e5,25458.0,0.0
Switch: e7,25458.0,0.0
Switch: e4,25458.0,0.0
Switch: c,25458.0,0.0
Switch: e1,25458.0,0.0
Switch: e8,25458.0,0.0
Switch: e2,25458.0,0.0
Switch: e9,25458.0,0.0
Switch: e5,25458.0,0.0
Switch: e3,25458.0,0.0
Switch: e0,25458.0,0.0
Switch: e7,25458.0,0.0
Switch: e8,25458.0,0.0
Switch: e1,25458.0,0.0
Switch: e5,25458.0,0.0
Switch: e5,25458.0,0.0
Switch: e9,25458.0,0.0
Switch: e6,25458.0,0.0
Switch: e3,25458.0,0.0
Switch: e2,25458.0,0.0
Switch: e2,25458.0,0.0
Switch: e4,25458.0,383.8
Switch: e2,25458.0,0.0
Switch: e3,25458.0,0.0
Switch: e6,25458.0,0.0
Switch: e1,25458.0,0.0
Switch: e1,25458.0,0.0
Switch: e1,25458.0,0.0
Switch: e7,25458.0,0.0
Switch: e7,25458.0,0.0
Switch: e5,25458.0,0.0
Switch: e6,25458.0,0.0
Switch: e4,25458.0,0.0
Switch: e9,25458.0,0.0
Switch: e1,25458.0,0.0
Switch: e8,25458.0,0.0
Switch: e3,25458.0,0.0
Switch: e3,25458.0,0.0
Switch: e7,25458.0,0.0
Switch: e6,25458.0,0.0
Switch: e6,25458.0,0.0
Switch: e4,25458.0,0.0
Switch: c,25458.0,0.0
Switch: e7,25458.0,0.0
Switch: e8,25458.0,0.0
Switch: c,25458.0,0.0
Switch: e8,25458.0,0.0
Switch: e9,25458.0,0.0
Switch: e8,25458.0,0.0
Switch: e2,25458.0,0.0
Switch: e0,25458.0,0.0
Switch: e5,25458.0,0.0
Switch: e1,25458.0,0.0
Switch: e6,25458.0,0.0
Switch: e9,25458.0,0.0
Switch: e9,25458.0,0.0
Switch: e0,25458.0,0.0
Switch: e0,25458.0,0.0
Switch: e3,25458.0,0.0
Switch: e6,25458.0,0.0
Switch: c,25458.0,0.0
Switch: e6,25458.0,0.0
Switch: e4,25458.0,0.0
Switch: e4,25458.0,0.0
Switch: e9,25458.0,0.0
Switch: e7,25458.0,0.0
Switch: e8,25458.0,0.0
Switch: c,25458.0,0.0
Switch: e9,25458.0,0.0
Switch: e5,25458.0,0.0
Switch: e3,25458.0,0.0
Switch: e6,25458.0,0.0
Switch: e8,25458.0,0.0
Switch: e0,25458.0,0.0
Switch: e5,25458.0,0.0
Switch: e2,25458.0,0.0
Switch: e3,25458.0,0.0
Switch: e9,25458.0,0.0
Switch: e1,25458.0,0.0
Switch: c,25458.0,0.0
Switch: e2,25458.0,0.0
Switch: e0,25458.0,0.0
Switch: e8,25458.0,0.0
Switch: e4,25458.0,0.0
Switch: e4,25458.0,0.0
Switch: e6,25458.0,0.0
Switch: c,25458.0,0.0
Switch: e3,25458.0,0.0
Switch: e0,25458.0,0.0
Switch: e4,25458.0,191.9
Switch: e3,25458.0,0.0
Switch: c,25458.0,0.0
Switch: e4,25458.0,191.9
Switch: e0,25458.0,0.0
Switch: e0,25458.0,0.0
Switch: e7,25458.0,0.0
Switch: e1,25458.0,0.0
Switch: e8,25458.0,0.0
Switch: e1,25458.0,0.0
Switch: c,25458.0,0.0
Switch: e0,25458.0,0.0
Switch: e5,25458.0,0.0
Switch: e5,25458.0,0.0
Switch: e9,25463.0,0.0
Switch: e7,25463.0,0.0
Switch: e2,25463.0,0.0
Switch: e7,25463.0,0.0
Switch: e2,25463.0,0.0
Switch: e2,25463.0,0.0
Switch: c,25463.0,0.0
Switch: e5,25463.0,0.0
Switch: e7,25463.0,0.0
Switch: e4,25463.0,0.499
Switch: c,25463.0,0.0
Switch: e1,25463.0,0.0
Switch: e8,25463.0,0.0
Switch: e2,25463.0,0.0
Switch: e9,25463.0,0.0
Switch: e5,25463.0,0.0
Switch: e3,25463.0,0.0
Switch: e0,25463.0,0.0
Switch: e7,25463.0,0.0
Switch: e8,25463.0,0.0
Switch: e1,25463.0,0.0
Switch: e5,25463.0,0.0
Switch: e5,25463.0,0.0
Switch: e9,25463.0,0.0
Switch: e6,25463.0,0.0
Switch: e3,25463.0,0.0
Switch: e2,25463.0,0.0
Switch: e2,25463.0,0.0
Switch: e4,25463.0,0.0
Switch: e2,25463.0,0.0
Switch: e3,25463.0,0.0
Switch: e6,25463.0,0.0
Switch: e1,25463.0,0.0
Switch: e1,25463.0,0.0
Switch: e1,25463.0,0.0
Switch: e7,25463.0,0.0
Switch: e7,25463.0,0.0
Switch: e5,25463.0,0.0
Switch: e6,25463.0,0.0
Switch: e4,25463.0,0.0
Switch: e9,25463.0,0.0
Switch: e1,25463.0,0.0
Switch: e8,25463.0,0.0
Switch: e3,25463.0,0.0
Switch: e3,25463.0,0.0
Switch: e7,25463.0,0.0
Switch: e6,25463.0,0.0
Switch: e6,25463.0,0.0
Switch: e4,25463.0,0.0
Switch: c,25463.0,0.0
Switch: e7,25463.0,0.0
Switch: e8,25463.0,0.0
Switch: c,25463.0,0.0
Switch: e8,25463.0,0.0
Switch: e9,25463.0,0.0
Switch: e8,25463.0,0.0
Switch: e2,25463.0,0.0
Switch: e0,25463.0,0.0
Switch: e5,25463.0,0.0
Switch: e1,25463.0,0.0
Switch: e6,25463.0,0.0
Switch: e9,25463.0,0.0
Switch: e9,25463.0,0.0
Switch: e0,25463.0,0.0
Switch: e0,25463.0,0.0
Switch: e3,25463.0,0.0
Switch: e6,25463.0,0.0
Switch: c,25463.0,0.0
Switch: e6,25463.0,0.0
Switch: e4,25463.0,0.0
Switch: e4,25463.0,0.499
Switch: e9,25463.0,0.0
Switch: e7,25463.0,0.0
Switch: e8,25463.0,0.0
Switch: c,25463.0,0.0
Switch: e9,25463.0,0.0
Switch: e5,25463.0,0.0
Switch: e3,25463.0,0.0
Switch: e6,25463.0,0.0
Switch: e8,25463.0,0.0
Switch: e0,25463.0,0.0
Switch: e5,25463.0,0.0
Switch: e2,25463.0,0.0
Switch: e3,25463.0,0.0
Switch: e9,25463.0,0.0
Switch: e1,25463.0,0.0
Switch: c,25463.0,0.0
Switch: e2,25463.0,0.0
Switch: e0,25463.0,0.0
Switch: e8,25463.0,0.0
Switch: e4,25463.0,0.0
Switch: e4,25463.0,0.998
Switch: e6,25463.0,0.0
Switch: c,25463.0,0.0
Switch: e3,25463.0,0.0
Switch: e0,25463.0,0.0
Switch: e4,25463.0,0.0
Switch: e3,25463.0,0.0
Switch: c,25463.0,0.0
Switch: e4,25463.0,0.0
Switch: e0,25463.0,0.0
Switch: e0,25463.0,0.0
Switch: e7,25463.0,0.0
Switch: e1,25463.0,0.0
Switch: e8,25463.0,0.0
Switch: e1,25463.0,0.0
Switch: c,25463.0,0.0
Switch: e0,25463.0,0.0
Switch: e5,25463.0,0.0
Switch: e5,25463.0,0.0
Switch: e9,26085.0,0.0
Switch: e7,26085.0,0.0
Switch: e2,26085.0,0.0
Switch: e7,26085.0,0.0
Switch: e2,26085.0,0.0
Switch: e2,26085.0,0.0
Switch: c,26085.0,0.0
Switch: e5,26085.0,0.0
Switch: e7,26085.0,0.0
Switch: e4,26085.0,62.2
Switch: c,26085.0,0.0
Switch: e1,26085.0,0.0
Switch: e8,26085.0,0.0
Switch: e2,26085.0,0.0
Switch: e9,26085.0,0.0
Switch: e5,26085.0,0.0
Switch: e3,26085.0,0.0
Switch: e0,26085.0,0.0
Switch: e7,26085.0,0.0
Switch: e8,26085.0,0.0
Switch: e1,26085.0,0.0
Switch: e5,26085.0,0.0
Switch: e5,26085.0,0.0
Switch: e9,26085.0,0.0
Switch: e6,26085.0,0.0
Switch: e3,26085.0,0.0
Switch: e2,26085.0,0.0
Switch: e2,26085.0,0.0
Switch: e4,26085.0,0.0
Switch: e2,26085.0,0.0
Switch: e3,26085.0,0.0
Switch: e6,26085.0,0.0
Switch: e1,26085.0,0.0
Switch: e1,26085.0,0.0
Switch: e1,26085.0,0.0
Switch: e7,26085.0,0.0
Switch: e7,26085.0,0.0
Switch: e5,26085.0,0.0
Switch: e6,26085.0,0.0
Switch: e4,26085.0,0.0
Switch: e9,26085.0,0.0
Switch: e1,26085.0,0.0
Switch: e8,26085.0,0.0
Switch: e3,26085.0,0.0
Switch: e3,26085.0,0.0
Switch: e7,26085.0,0.0
Switch: e6,26085.0,0.0
Switch: e6,26085.0,0.0
Switch: e4,26085.0,0.0
Switch: c,26085.0,0.0
Switch: e7,26085.0,0.0
Switch: e8,26085.0,0.0
Switch: c,26085.0,0.0
Switch: e8,26085.0,0.0
Switch: e9,26085.0,0.0
Switch: e8,26085.0,0.0
Switch: e2,26085.0,0.0
Switch: e0,26085.0,0.0
Switch: e5,26085.0,0.0
Switch: e1,26085.0,0.0
Switch: e6,26085.0,0.0
Switch: e9,26085.0,0.0
Switch: e9,26085.0,0.0
Switch: e0,26085.0,0.0
Switch: e0,26085.0,0.0
Switch: e3,26085.0,0.0
Switch: e6,26085.0,0.0
Switch: c,26085.0,0.0
Switch: e6,26085.0,0.0
Switch: e4,26085.0,0.0
Switch: e4,26085.0,62.2
Switch: e9,26085.0,0.0
Switch: e7,26085.0,0.0
Switch: e8,26085.0,0.0
Switch: c,26085.0,0.0
Switch: e9,26085.0,0.0
Switch: e5,26085.0,0.0
Switch: e3,26085.0,0.0
Switch: e6,26085.0,0.0
Switch: e8,26085.0,0.0
Switch: e0,26085.0,0.0
Switch: e5,26085.0,0.0
Switch: e2,26085.0,0.0
Switch: e3,26085.0,0.0
Switch: e9,26085.0,0.0
Switch: e1,26085.0,0.0
Switch: c,26085.0,0.0
Switch: e2,26085.0,0.0
Switch: e0,26085.0,0.0
Switch: e8,26085.0,0.0
Switch: e4,26085.0,0.0
Switch: e4,26085.0,124.4
Switch: e6,26085.0,0.0
Switch: c,26085.0,0.0
Switch: e3,26085.0,0.0
