Switch: edge2core,5.0,0.0
Switch: edge2edge1,5.0,0.0
edgeuser3,5.0,0.0
Switch: edgeedge2,5.0,0.004442
edgeuser2,5.0,0.004442
Switch: edgeedge3,5.0,0.0036
edgeuser1,5.0,0.0066
Switch: edgeedge1,5.0,0.0066
edgenode3,5.0,0.0036
Switch: edgecore,5.0,0.0036
edgenode4,5.0,0.004758
edgenode1,5.0,0.0
edgenode2,5.0,0.0
netcloudhost2,5.0,0.0
netcloudhost3,5.0,0.0
Switch: netcloudedge1,5.0,0.0
netcloudhost4,5.0,0.0
Switch: netcloudedge2,5.0,0.0
netcloudhost1,5.0,0.0
Switch: netcloudcore,5.0,0.0
Switch: internetgw,5.0,0.0
Switch: inter2,5.0,0.0
Switch: netcloudgw,5.0,0.0
Switch: edgegw,5.0,0.0036
Switch: edge2gw,5.0,0.0
internethost,5.0,0.0
Switch: internetedge,5.0,0.0
Switch: internetcore,5.0,0.0
Switch: edge2core,10.0,0.0
Switch: edge2edge1,10.0,0.0
edgeuser3,10.0,0.0
Switch: edgeedge2,10.0,0.0062
edgeuser2,10.0,0.0062
Switch: edgeedge3,10.0,0.003964
edgeuser1,10.0,0.005666
Switch: edgeedge1,10.0,0.005666
edgenode3,10.0,0.003964
Switch: edgecore,10.0,0.003964
edgenode4,10.0,0.00477
edgenode1,10.0,0.0
edgenode2,10.0,0.0
netcloudhost2,10.0,0.0
netcloudhost3,10.0,0.0
Switch: netcloudedge1,10.0,0.0
netcloudhost4,10.0,0.0
Switch: netcloudedge2,10.0,0.0
netcloudhost1,10.0,0.0
Switch: netcloudcore,10.0,0.0
Switch: internetgw,10.0,0.0
Switch: inter2,10.0,0.0
Switch: netcloudgw,10.0,0.0
Switch: edgegw,10.0,0.003964
Switch: edge2gw,10.0,0.0
internethost,10.0,0.0
Switch: internetedge,10.0,0.0
Switch: internetcore,10.0,0.0
Switch: edge2core,15.0,0.0
Switch: edge2edge1,15.0,0.0
edgeuser3,15.0,0.0
Switch: edgeedge2,15.0,0.006728
edgeuser2,15.0,0.006728
Switch: edgeedge3,15.0,0.0038
edgeuser1,15.0,0.006136
Switch: edgeedge1,15.0,0.006136
edgenode3,15.0,0.0038
Switch: edgecore,15.0,0.0038
edgenode4,15.0,0.004958
edgenode1,15.0,0.0
edgenode2,15.0,0.0
netcloudhost2,15.0,0.0
netcloudhost3,15.0,0.0
Switch: netcloudedge1,15.0,0.0
netcloudhost4,15.0,0.0
Switch: netcloudedge2,15.0,0.0
netcloudhost1,15.0,0.0
Switch: netcloudcore,15.0,0.0
Switch: internetgw,15.0,0.0
Switch: inter2,15.0,0.0
Switch: netcloudgw,15.0,0.0
Switch: edgegw,15.0,0.0038
Switch: edge2gw,15.0,0.0
internethost,15.0,0.0
Switch: internetedge,15.0,0.0
Switch: internetcore,15.0,0.0
Switch: edge2core,20.0,0.0
Switch: edge2edge1,20.0,0.0
edgeuser3,20.0,0.0
Switch: edgeedge2,20.0,0.003
edgeuser2,20.0,0.003
Switch: edgeedge3,20.0,0.0037
edgeuser1,20.0,0.0031
Switch: edgeedge1,20.0,0.0031
edgenode3,20.0,0.002
Switch: edgecore,20.0,0.0037
edgenode4,20.0,0.0017
edgenode1,20.0,0.0017
edgenode2,20.0,0.0022
netcloudhost2,20.0,0.0
netcloudhost3,20.0,0.0
Switch: netcloudedge1,20.0,0.0
netcloudhost4,20.0,0.0
Switch: netcloudedge2,20.0,0.0
netcloudhost1,20.0,0.0
Switch: netcloudcore,20.0,0.0
Switch: internetgw,20.0,0.0
Switch: inter2,20.0,0.0
Switch: netcloudgw,20.0,0.0
Switch: edgegw,20.0,0.0037
Switch: edge2gw,20.0,0.0
internethost,20.0,0.0
Switch: internetedge,20.0,0.0
Switch: internetcore,20.0,0.0
Switch: edge2core,25.0,0.0
Switch: edge2edge1,25.0,0.0
edgeuser3,25.0,0.0
Switch: edgeedge2,25.0,0.001844592
edgeuser2,25.0,0.001844592
Switch: edgeedge3,25.0,0.003860512
edgeuser1,25.0,0.002610576
Switch: edgeedge1,25.0,0.002610576
edgenode3,25.0,0.002527232
Switch: edgecore,25.0,0.003860512
edgenode4,25.0,0.002033256
edgenode1,25.0,0.00133328
edgenode2,25.0,0.001655272
netcloudhost2,25.0,0.0
netcloudhost3,25.0,0.0
Switch: netcloudedge1,25.0,0.0
netcloudhost4,25.0,0.0
Switch: netcloudedge2,25.0,0.0
netcloudhost1,25.0,0.0
Switch: netcloudcore,25.0,0.0
Switch: internetgw,25.0,0.0
Switch: inter2,25.0,0.0
Switch: netcloudgw,25.0,0.0
Switch: edgegw,25.0,0.003860512
Switch: edge2gw,25.0,0.0
internethost,25.0,0.0
Switch: internetedge,25.0,0.0
Switch: internetcore,25.0,0.0
Switch: edge2core,30.0,0.0
Switch: edge2edge1,30.0,0.0
edgeuser3,30.0,0.0
Switch: edgeedge2,30.0,0.001142504
edgeuser2,30.0,0.001142504
Switch: edgeedge3,30.0,0.00302
edgeuser1,30.0,0.001315496
Switch: edgeedge1,30.0,0.001315496
edgenode3,30.0,0.00152
Switch: edgecore,30.0,0.00302
edgenode4,30.0,0.001534504
edgenode1,30.0,0.0015
edgenode2,30.0,0.00148
netcloudhost2,30.0,0.0
netcloudhost3,30.0,0.0
Switch: netcloudedge1,30.0,0.0
netcloudhost4,30.0,0.0
Switch: netcloudedge2,30.0,0.0
netcloudhost1,30.0,0.0
Switch: netcloudcore,30.0,0.0
Switch: internetgw,30.0,0.0
Switch: inter2,30.0,0.0
Switch: netcloudgw,30.0,0.0
Switch: edgegw,30.0,0.00302
Switch: edge2gw,30.0,0.0
internethost,30.0,0.0
Switch: internetedge,30.0,0.0
Switch: internetcore,30.0,0.0
Switch: edge2core,35.0,0.0
Switch: edge2edge1,35.0,0.0
edgeuser3,35.0,0.0
Switch: edgeedge2,35.0,0.001565504
edgeuser2,35.0,0.001565504
Switch: edgeedge3,35.0,0.003504
edgeuser1,35.0,9.13504E-4
Switch: edgeedge1,35.0,9.13504E-4
edgenode3,35.0,0.0018
Switch: edgecore,35.0,0.003504
edgenode4,35.0,0.00188
edgenode1,35.0,0.001704
edgenode2,35.0,0.00135
netcloudhost2,35.0,0.0
netcloudhost3,35.0,0.0
Switch: netcloudedge1,35.0,0.0
netcloudhost4,35.0,0.0
Switch: netcloudedge2,35.0,0.0
netcloudhost1,35.0,0.0
Switch: netcloudcore,35.0,0.0
Switch: internetgw,35.0,0.0
Switch: inter2,35.0,0.0
Switch: netcloudgw,35.0,0.0
Switch: edgegw,35.0,0.003504
Switch: edge2gw,35.0,0.0
internethost,35.0,0.0
Switch: internetedge,35.0,0.0
Switch: internetcore,35.0,0.0
Switch: edge2core,40.0,0.0
Switch: edge2edge1,40.0,0.0
edgeuser3,40.0,0.0
Switch: edgeedge2,40.0,0.001610496
edgeuser2,40.0,0.001610496
Switch: edgeedge3,40.0,0.003206
edgeuser1,40.0,0.001974
Switch: edgeedge1,40.0,0.001974
edgenode3,40.0,0.001663
Switch: edgecore,40.0,0.003206
edgenode4,40.0,0.002072504
edgenode1,40.0,0.001543
edgenode2,40.0,0.001757
netcloudhost2,40.0,0.0
netcloudhost3,40.0,0.0
Switch: netcloudedge1,40.0,0.0
netcloudhost4,40.0,0.0
Switch: netcloudedge2,40.0,0.0
netcloudhost1,40.0,0.0
Switch: netcloudcore,40.0,0.0
Switch: internetgw,40.0,0.0
Switch: inter2,40.0,0.0
Switch: netcloudgw,40.0,0.0
Switch: edgegw,40.0,0.003206
Switch: edge2gw,40.0,0.0
internethost,40.0,0.0
Switch: internetedge,40.0,0.0
Switch: internetcore,40.0,0.0
Switch: edge2core,45.0,0.0
Switch: edge2edge1,45.0,0.0
edgeuser3,45.0,0.0
Switch: edgeedge2,45.0,0.001230992
edgeuser2,45.0,0.001230992
Switch: edgeedge3,45.0,0.003737
edgeuser1,45.0,0.002236496
Switch: edgeedge1,45.0,0.002236496
edgenode3,45.0,0.001862
Switch: edgecore,45.0,0.003737
edgenode4,45.0,0.00214
edgenode1,45.0,0.001875
edgenode2,45.0,0.001743
netcloudhost2,45.0,0.0
netcloudhost3,45.0,0.0
Switch: netcloudedge1,45.0,0.0
netcloudhost4,45.0,0.0
Switch: netcloudedge2,45.0,0.0
netcloudhost1,45.0,0.0
Switch: netcloudcore,45.0,0.0
Switch: internetgw,45.0,0.0
Switch: inter2,45.0,0.0
Switch: netcloudgw,45.0,0.0
Switch: edgegw,45.0,0.003737
Switch: edge2gw,45.0,0.0
internethost,45.0,0.0
Switch: internetedge,45.0,0.0
Switch: internetcore,45.0,0.0
Switch: edge2core,50.0,0.0
Switch: edge2edge1,50.0,0.0
edgeuser3,50.0,0.0
Switch: edgeedge2,50.0,0.001348
edgeuser2,50.0,0.001348
Switch: edgeedge3,50.0,0.0032
edgeuser1,50.0,0.001293496
Switch: edgeedge1,50.0,0.001293496
edgenode3,50.0,0.00175
Switch: edgecore,50.0,0.0032
edgenode4,50.0,0.001647504
edgenode1,50.0,0.00145
edgenode2,50.0,0.001488504
netcloudhost2,50.0,0.0
netcloudhost3,50.0,0.0
Switch: netcloudedge1,50.0,0.0
netcloudhost4,50.0,0.0
Switch: netcloudedge2,50.0,0.0
netcloudhost1,50.0,0.0
Switch: netcloudcore,50.0,0.0
Switch: internetgw,50.0,0.0
Switch: inter2,50.0,0.0
Switch: netcloudgw,50.0,0.0
Switch: edgegw,50.0,0.0032
Switch: edge2gw,50.0,0.0
internethost,50.0,0.0
Switch: internetedge,50.0,0.0
Switch: internetcore,50.0,0.0
Switch: edge2core,55.0,0.0
Switch: edge2edge1,55.0,0.0
edgeuser3,55.0,0.0
Switch: edgeedge2,55.0,0.001474504
edgeuser2,55.0,0.001474504
Switch: edgeedge3,55.0,0.003593504
edgeuser1,55.0,0.001678992
Switch: edgeedge1,55.0,0.001678992
edgenode3,55.0,0.00185
Switch: edgecore,55.0,0.003593504
edgenode4,55.0,0.00165
edgenode1,55.0,0.001743504
edgenode2,55.0,0.001597504
netcloudhost2,55.0,0.0
netcloudhost3,55.0,0.0
Switch: netcloudedge1,55.0,0.0
netcloudhost4,55.0,0.0
Switch: netcloudedge2,55.0,0.0
netcloudhost1,55.0,0.0
Switch: netcloudcore,55.0,0.0
Switch: internetgw,55.0,0.0
Switch: inter2,55.0,0.0
Switch: netcloudgw,55.0,0.0
Switch: edgegw,55.0,0.003593504
Switch: edge2gw,55.0,0.0
internethost,55.0,0.0
Switch: internetedge,55.0,0.0
Switch: internetcore,55.0,0.0
Switch: edge2core,60.0,0.0
Switch: edge2edge1,60.0,0.0
edgeuser3,60.0,0.0
Switch: edgeedge2,60.0,0.001534496
edgeuser2,60.0,0.001534496
Switch: edgeedge3,60.0,0.003115504
edgeuser1,60.0,0.0015
Switch: edgeedge1,60.0,0.0015
edgenode3,60.0,0.001699
Switch: edgecore,60.0,0.003115504
edgenode4,60.0,0.0015
edgenode1,60.0,0.001416504
edgenode2,60.0,0.00155
netcloudhost2,60.0,0.0
netcloudhost3,60.0,0.0
Switch: netcloudedge1,60.0,0.0
netcloudhost4,60.0,0.0
Switch: netcloudedge2,60.0,0.0
netcloudhost1,60.0,0.0
Switch: netcloudcore,60.0,0.0
Switch: internetgw,60.0,0.0
Switch: inter2,60.0,0.0
Switch: netcloudgw,60.0,0.0
Switch: edgegw,60.0,0.003115504
Switch: edge2gw,60.0,0.0
internethost,60.0,0.0
Switch: internetedge,60.0,0.0
Switch: internetcore,60.0,0.0
Switch: edge2core,65.0,0.0
Switch: edge2edge1,65.0,0.0
edgeuser3,65.0,0.0
Switch: edgeedge2,65.0,0.001874992
edgeuser2,65.0,0.001874992
Switch: edgeedge3,65.0,0.003582504
edgeuser1,65.0,0.001542504
Switch: edgeedge1,65.0,0.001542504
edgenode3,65.0,0.00185
Switch: edgecore,65.0,0.003582504
edgenode4,65.0,0.0017
edgenode1,65.0,0.001732504
edgenode2,65.0,0.001692504
netcloudhost2,65.0,0.0
netcloudhost3,65.0,0.0
Switch: netcloudedge1,65.0,0.0
netcloudhost4,65.0,0.0
Switch: netcloudedge2,65.0,0.0
netcloudhost1,65.0,0.0
Switch: netcloudcore,65.0,0.0
Switch: internetgw,65.0,0.0
Switch: inter2,65.0,0.0
Switch: netcloudgw,65.0,0.0
Switch: edgegw,65.0,0.003582504
Switch: edge2gw,65.0,0.0
internethost,65.0,0.0
Switch: internetedge,65.0,0.0
Switch: internetcore,65.0,0.0
Switch: edge2core,70.0,0.0
Switch: edge2edge1,70.0,0.0
edgeuser3,70.0,0.0
Switch: edgeedge2,70.0,0.001347504
edgeuser2,70.0,0.001347504
Switch: edgeedge3,70.0,0.003309
edgeuser1,70.0,0.00155
Switch: edgeedge1,70.0,0.00155
edgenode3,70.0,0.001759
Switch: edgecore,70.0,0.003309
edgenode4,70.0,0.001481
edgenode1,70.0,0.00155
edgenode2,70.0,0.00145
netcloudhost2,70.0,0.0
netcloudhost3,70.0,0.0
Switch: netcloudedge1,70.0,0.0
netcloudhost4,70.0,0.0
Switch: netcloudedge2,70.0,0.0
netcloudhost1,70.0,0.0
Switch: netcloudcore,70.0,0.0
Switch: internetgw,70.0,0.0
Switch: inter2,70.0,0.0
Switch: netcloudgw,70.0,0.0
Switch: edgegw,70.0,0.003309
Switch: edge2gw,70.0,0.0
internethost,70.0,0.0
Switch: internetedge,70.0,0.0
Switch: internetcore,70.0,0.0
Switch: edge2core,75.0,0.0
Switch: edge2edge1,75.0,0.0
edgeuser3,75.0,0.0
Switch: edgeedge2,75.0,0.00145
edgeuser2,75.0,0.00145
Switch: edgeedge3,75.0,0.0033
edgeuser1,75.0,0.001805504
Switch: edgeedge1,75.0,0.001805504
edgenode3,75.0,0.0017
Switch: edgecore,75.0,0.0033
edgenode4,75.0,0.001594496
edgenode1,75.0,0.0016
edgenode2,75.0,0.0016
netcloudhost2,75.0,0.0
netcloudhost3,75.0,0.0
Switch: netcloudedge1,75.0,0.0
netcloudhost4,75.0,0.0
Switch: netcloudedge2,75.0,0.0
netcloudhost1,75.0,0.0
Switch: netcloudcore,75.0,0.0
Switch: internetgw,75.0,0.0
Switch: inter2,75.0,0.0
Switch: netcloudgw,75.0,0.0
Switch: edgegw,75.0,0.0033
Switch: edge2gw,75.0,0.0
internethost,75.0,0.0
Switch: internetedge,75.0,0.0
Switch: internetcore,75.0,0.0
Switch: edge2core,80.0,0.0
Switch: edge2edge1,80.0,0.0
edgeuser3,80.0,0.0
Switch: edgeedge2,80.0,0.00205
edgeuser2,80.0,0.00205
Switch: edgeedge3,80.0,0.00337
edgeuser1,80.0,0.001470504
Switch: edgeedge1,80.0,0.001470504
edgenode3,80.0,0.00167
Switch: edgecore,80.0,0.00337
edgenode4,80.0,0.00175
edgenode1,80.0,0.0017
edgenode2,80.0,0.001759496
netcloudhost2,80.0,0.0
netcloudhost3,80.0,0.0
Switch: netcloudedge1,80.0,0.0
netcloudhost4,80.0,0.0
Switch: netcloudedge2,80.0,0.0
netcloudhost1,80.0,0.0
Switch: netcloudcore,80.0,0.0
Switch: internetgw,80.0,0.0
Switch: inter2,80.0,0.0
Switch: netcloudgw,80.0,0.0
Switch: edgegw,80.0,0.00337
Switch: edge2gw,80.0,0.0
internethost,80.0,0.0
Switch: internetedge,80.0,0.0
Switch: internetcore,80.0,0.0
Switch: edge2core,85.0,0.0
Switch: edge2edge1,85.0,0.0
edgeuser3,85.0,0.0
Switch: edgeedge2,85.0,0.001454
edgeuser2,85.0,0.001454
Switch: edgeedge3,85.0,0.002845504
edgeuser1,85.0,0.001346
Switch: edgeedge1,85.0,0.001346
edgenode3,85.0,0.00145
Switch: edgecore,85.0,0.002845504
edgenode4,85.0,0.001345504
edgenode1,85.0,0.001395504
edgenode2,85.0,0.001334496
netcloudhost2,85.0,0.0
netcloudhost3,85.0,0.0
Switch: netcloudedge1,85.0,0.0
netcloudhost4,85.0,0.0
Switch: netcloudedge2,85.0,0.0
netcloudhost1,85.0,0.0
Switch: netcloudcore,85.0,0.0
Switch: internetgw,85.0,0.0
Switch: inter2,85.0,0.0
Switch: netcloudgw,85.0,0.0
Switch: edgegw,85.0,0.002845504
Switch: edge2gw,85.0,0.0
internethost,85.0,0.0
Switch: internetedge,85.0,0.0
Switch: internetcore,85.0,0.0
Switch: edge2core,90.0,0.0
Switch: edge2edge1,90.0,0.0
edgeuser3,90.0,0.0
Switch: edgeedge2,90.0,0.001546008
edgeuser2,90.0,0.001546008
Switch: edgeedge3,90.0,0.003257504
edgeuser1,90.0,0.002066496
Switch: edgeedge1,90.0,0.002066496
edgenode3,90.0,0.00165
Switch: edgecore,90.0,0.003257504
edgenode4,90.0,0.00178
edgenode1,90.0,0.001607504
edgenode2,90.0,0.001787496
netcloudhost2,90.0,0.0
netcloudhost3,90.0,0.0
Switch: netcloudedge1,90.0,0.0
netcloudhost4,90.0,0.0
Switch: netcloudedge2,90.0,0.0
netcloudhost1,90.0,0.0
Switch: netcloudcore,90.0,0.0
Switch: internetgw,90.0,0.0
Switch: inter2,90.0,0.0
Switch: netcloudgw,90.0,0.0
Switch: edgegw,90.0,0.003257504
Switch: edge2gw,90.0,0.0
internethost,90.0,0.0
Switch: internetedge,90.0,0.0
Switch: internetcore,90.0,0.0
Switch: edge2core,95.0,0.0
Switch: edge2edge1,95.0,0.0
edgeuser3,95.0,0.0
Switch: edgeedge2,95.0,0.001630504
edgeuser2,95.0,0.001630504
Switch: edgeedge3,95.0,0.003465496
edgeuser1,95.0,0.0014
Switch: edgeedge1,95.0,0.0014
edgenode3,95.0,0.001719496
Switch: edgecore,95.0,0.003465496
edgenode4,95.0,0.00175
edgenode1,95.0,0.001746
edgenode2,95.0,0.001731496
netcloudhost2,95.0,0.0
netcloudhost3,95.0,0.0
Switch: netcloudedge1,95.0,0.0
netcloudhost4,95.0,0.0
Switch: netcloudedge2,95.0,0.0
netcloudhost1,95.0,0.0
Switch: netcloudcore,95.0,0.0
Switch: internetgw,95.0,0.0
Switch: inter2,95.0,0.0
Switch: netcloudgw,95.0,0.0
Switch: edgegw,95.0,0.003465496
Switch: edge2gw,95.0,0.0
internethost,95.0,0.0
Switch: internetedge,95.0,0.0
Switch: internetcore,95.0,0.0
Switch: edge2core,100.0,0.0
Switch: edge2edge1,100.0,0.0
edgeuser3,100.0,0.0
Switch: edgeedge2,100.0,0.0014
edgeuser2,100.0,0.0014
Switch: edgeedge3,100.0,0.0033
edgeuser1,100.0,0.001699504
Switch: edgeedge1,100.0,0.001699504
edgenode3,100.0,0.00165
Switch: edgecore,100.0,0.0033
edgenode4,100.0,0.00155
edgenode1,100.0,0.00165
edgenode2,100.0,0.0015
netcloudhost2,100.0,0.0
netcloudhost3,100.0,0.0
Switch: netcloudedge1,100.0,0.0
netcloudhost4,100.0,0.0
Switch: netcloudedge2,100.0,0.0
netcloudhost1,100.0,0.0
Switch: netcloudcore,100.0,0.0
Switch: internetgw,100.0,0.0
Switch: inter2,100.0,0.0
Switch: netcloudgw,100.0,0.0
Switch: edgegw,100.0,0.0033
Switch: edge2gw,100.0,0.0
internethost,100.0,0.0
Switch: internetedge,100.0,0.0
Switch: internetcore,100.0,0.0
Switch: edge2core,105.0,0.0
Switch: edge2edge1,105.0,0.0
edgeuser3,105.0,0.0
Switch: edgeedge2,105.0,0.001533504
edgeuser2,105.0,0.001533504
Switch: edgeedge3,105.0,0.003373496
edgeuser1,105.0,0.0018
Switch: edgeedge1,105.0,0.0018
edgenode3,105.0,0.001673496
Switch: edgecore,105.0,0.003373496
edgenode4,105.0,0.001707
edgenode1,105.0,0.0017
edgenode2,105.0,0.001693
netcloudhost2,105.0,0.0
netcloudhost3,105.0,0.0
Switch: netcloudedge1,105.0,0.0
netcloudhost4,105.0,0.0
Switch: netcloudedge2,105.0,0.0
netcloudhost1,105.0,0.0
Switch: netcloudcore,105.0,0.0
Switch: internetgw,105.0,0.0
Switch: inter2,105.0,0.0
Switch: netcloudgw,105.0,0.0
Switch: edgegw,105.0,0.003373496
Switch: edge2gw,105.0,0.0
internethost,105.0,0.0
Switch: internetedge,105.0,0.0
Switch: internetcore,105.0,0.0
Switch: edge2core,110.0,0.0
Switch: edge2edge1,110.0,0.0
edgeuser3,110.0,0.0
Switch: edgeedge2,110.0,0.001962
edgeuser2,110.0,0.001962
Switch: edgeedge3,110.0,0.003302496
edgeuser1,110.0,0.001491
Switch: edgeedge1,110.0,0.001491
edgenode3,110.0,0.001618
Switch: edgecore,110.0,0.003302496
edgenode4,110.0,0.001744
edgenode1,110.0,0.001684496
edgenode2,110.0,0.00177
netcloudhost2,110.0,0.0
netcloudhost3,110.0,0.0
Switch: netcloudedge1,110.0,0.0
netcloudhost4,110.0,0.0
Switch: netcloudedge2,110.0,0.0
netcloudhost1,110.0,0.0
Switch: netcloudcore,110.0,0.0
Switch: internetgw,110.0,0.0
Switch: inter2,110.0,0.0
Switch: netcloudgw,110.0,0.0
Switch: edgegw,110.0,0.003302496
Switch: edge2gw,110.0,0.0
internethost,110.0,0.0
Switch: internetedge,110.0,0.0
Switch: internetcore,110.0,0.0
Switch: edge2core,115.0,0.0
Switch: edge2edge1,115.0,0.0
edgeuser3,115.0,0.0
Switch: edgeedge2,115.0,0.001582
edgeuser2,115.0,0.001582
Switch: edgeedge3,115.0,0.003347496
edgeuser1,115.0,0.001597504
Switch: edgeedge1,115.0,0.001597504
edgenode3,115.0,0.001675496
Switch: edgecore,115.0,0.003347496
edgenode4,115.0,0.00175
edgenode1,115.0,0.001672
edgenode2,115.0,0.001663
netcloudhost2,115.0,0.0
netcloudhost3,115.0,0.0
Switch: netcloudedge1,115.0,0.0
netcloudhost4,115.0,0.0
Switch: netcloudedge2,115.0,0.0
netcloudhost1,115.0,0.0
Switch: netcloudcore,115.0,0.0
Switch: internetgw,115.0,0.0
Switch: inter2,115.0,0.0
Switch: netcloudgw,115.0,0.0
Switch: edgegw,115.0,0.003347496
Switch: edge2gw,115.0,0.0
internethost,115.0,0.0
Switch: internetedge,115.0,0.0
Switch: internetcore,115.0,0.0
Switch: edge2core,120.0,0.0
Switch: edge2edge1,120.0,0.0
edgeuser3,120.0,0.0
Switch: edgeedge2,120.0,0.001718504
edgeuser2,120.0,0.001718504
Switch: edgeedge3,120.0,0.003402
edgeuser1,120.0,0.00158
Switch: edgeedge1,120.0,0.00158
edgenode3,120.0,0.001702
Switch: edgecore,120.0,0.003402
edgenode4,120.0,0.001588
edgenode1,120.0,0.0017
edgenode2,120.0,0.001561496
netcloudhost2,120.0,0.0
netcloudhost3,120.0,0.0
Switch: netcloudedge1,120.0,0.0
netcloudhost4,120.0,0.0
Switch: netcloudedge2,120.0,0.0
netcloudhost1,120.0,0.0
Switch: netcloudcore,120.0,0.0
Switch: internetgw,120.0,0.0
Switch: inter2,120.0,0.0
Switch: netcloudgw,120.0,0.0
Switch: edgegw,120.0,0.003402
Switch: edge2gw,120.0,0.0
internethost,120.0,0.0
Switch: internetedge,120.0,0.0
Switch: internetcore,120.0,0.0
Switch: edge2core,125.0,0.0
Switch: edge2edge1,125.0,0.0
edgeuser3,125.0,0.0
Switch: edgeedge2,125.0,0.00155
edgeuser2,125.0,0.00155
Switch: edgeedge3,125.0,0.00296
edgeuser1,125.0,0.001577
Switch: edgeedge1,125.0,0.001577
edgenode3,125.0,0.00149
Switch: edgecore,125.0,0.00296
edgenode4,125.0,0.00155
edgenode1,125.0,0.00147
edgenode2,125.0,0.001483496
netcloudhost2,125.0,0.0
netcloudhost3,125.0,0.0
Switch: netcloudedge1,125.0,0.0
netcloudhost4,125.0,0.0
Switch: netcloudedge2,125.0,0.0
netcloudhost1,125.0,0.0
Switch: netcloudcore,125.0,0.0
Switch: internetgw,125.0,0.0
Switch: inter2,125.0,0.0
Switch: netcloudgw,125.0,0.0
Switch: edgegw,125.0,0.00296
Switch: edge2gw,125.0,0.0
internethost,125.0,0.0
Switch: internetedge,125.0,0.0
Switch: internetcore,125.0,0.0
Switch: edge2core,130.0,0.0
Switch: edge2edge1,130.0,0.0
edgeuser3,130.0,0.0
Switch: edgeedge2,130.0,0.001199504
edgeuser2,130.0,0.001199504
Switch: edgeedge3,130.0,0.00295
edgeuser1,130.0,0.001211008
Switch: edgeedge1,130.0,0.001211008
edgenode3,130.0,0.0015
Switch: edgecore,130.0,0.00295
edgenode4,130.0,0.00135
edgenode1,130.0,0.00145
edgenode2,130.0,0.001328992
netcloudhost2,130.0,0.0
netcloudhost3,130.0,0.0
Switch: netcloudedge1,130.0,0.0
netcloudhost4,130.0,0.0
Switch: netcloudedge2,130.0,0.0
netcloudhost1,130.0,0.0
Switch: netcloudcore,130.0,0.0
Switch: internetgw,130.0,0.0
Switch: inter2,130.0,0.0
Switch: netcloudgw,130.0,0.0
Switch: edgegw,130.0,0.00295
Switch: edge2gw,130.0,0.0
internethost,130.0,0.0
Switch: internetedge,130.0,0.0
Switch: internetcore,130.0,0.0
Switch: edge2core,135.0,0.0
Switch: edge2edge1,135.0,0.0
edgeuser3,135.0,0.0
Switch: edgeedge2,135.0,0.0018
edgeuser2,135.0,0.0018
Switch: edgeedge3,135.0,0.003
edgeuser1,135.0,0.0015
Switch: edgeedge1,135.0,0.0015
edgenode3,135.0,0.0015
Switch: edgecore,135.0,0.003
edgenode4,135.0,0.0017
edgenode1,135.0,0.0015
edgenode2,135.0,0.0017
netcloudhost2,135.0,0.0
netcloudhost3,135.0,0.0
Switch: netcloudedge1,135.0,0.0
netcloudhost4,135.0,0.0
Switch: netcloudedge2,135.0,0.0
netcloudhost1,135.0,0.0
Switch: netcloudcore,135.0,0.0
Switch: internetgw,135.0,0.0
Switch: inter2,135.0,0.0
Switch: netcloudgw,135.0,0.0
Switch: edgegw,135.0,0.003
Switch: edge2gw,135.0,0.0
internethost,135.0,0.0
Switch: internetedge,135.0,0.0
Switch: internetcore,135.0,0.0
Switch: edge2core,140.0,0.0
Switch: edge2edge1,140.0,0.0
edgeuser3,140.0,0.0
Switch: edgeedge2,140.0,0.00165
edgeuser2,140.0,0.00165
Switch: edgeedge3,140.0,0.0036
edgeuser1,140.0,0.0017
Switch: edgeedge1,140.0,0.0017
edgenode3,140.0,0.0018
Switch: edgecore,140.0,0.0036
edgenode4,140.0,0.00168
edgenode1,140.0,0.0018
edgenode2,140.0,0.001661504
netcloudhost2,140.0,0.0
netcloudhost3,140.0,0.0
Switch: netcloudedge1,140.0,0.0
netcloudhost4,140.0,0.0
Switch: netcloudedge2,140.0,0.0
netcloudhost1,140.0,0.0
Switch: netcloudcore,140.0,0.0
Switch: internetgw,140.0,0.0
Switch: inter2,140.0,0.0
Switch: netcloudgw,140.0,0.0
Switch: edgegw,140.0,0.0036
Switch: edge2gw,140.0,0.0
internethost,140.0,0.0
Switch: internetedge,140.0,0.0
Switch: internetcore,140.0,0.0
Switch: edge2core,145.0,0.0
Switch: edge2edge1,145.0,0.0
edgeuser3,145.0,0.0
Switch: edgeedge2,145.0,0.00185
edgeuser2,145.0,0.00185
Switch: edgeedge3,145.0,0.00342
edgeuser1,145.0,0.001824
Switch: edgeedge1,145.0,0.001824
edgenode3,145.0,0.00171
Switch: edgecore,145.0,0.00342
edgenode4,145.0,0.001776
edgenode1,145.0,0.00171
edgenode2,145.0,0.00178
netcloudhost2,145.0,0.0
netcloudhost3,145.0,0.0
Switch: netcloudedge1,145.0,0.0
netcloudhost4,145.0,0.0
Switch: netcloudedge2,145.0,0.0
netcloudhost1,145.0,0.0
Switch: netcloudcore,145.0,0.0
Switch: internetgw,145.0,0.0
Switch: inter2,145.0,0.0
Switch: netcloudgw,145.0,0.0
Switch: edgegw,145.0,0.00342
Switch: edge2gw,145.0,0.0
internethost,145.0,0.0
Switch: internetedge,145.0,0.0
Switch: internetcore,145.0,0.0
Switch: edge2core,150.0,0.0
Switch: edge2edge1,150.0,0.0
edgeuser3,150.0,0.0
Switch: edgeedge2,150.0,0.001348504
edgeuser2,150.0,0.001348504
Switch: edgeedge3,150.0,0.0029
edgeuser1,150.0,0.001501496
Switch: edgeedge1,150.0,0.001501496
edgenode3,150.0,0.00145
Switch: edgecore,150.0,0.0029
edgenode4,150.0,0.0014
edgenode1,150.0,0.00145
edgenode2,150.0,0.0014
netcloudhost2,150.0,0.0
netcloudhost3,150.0,0.0
Switch: netcloudedge1,150.0,0.0
netcloudhost4,150.0,0.0
Switch: netcloudedge2,150.0,0.0
netcloudhost1,150.0,0.0
Switch: netcloudcore,150.0,0.0
Switch: internetgw,150.0,0.0
Switch: inter2,150.0,0.0
Switch: netcloudgw,150.0,0.0
Switch: edgegw,150.0,0.0029
Switch: edge2gw,150.0,0.0
internethost,150.0,0.0
Switch: internetedge,150.0,0.0
Switch: internetcore,150.0,0.0
Switch: edge2core,155.0,0.0
Switch: edge2edge1,155.0,0.0
edgeuser3,155.0,0.0
Switch: edgeedge2,155.0,0.001499992
edgeuser2,155.0,0.001499992
Switch: edgeedge3,155.0,0.00305
edgeuser1,155.0,0.00166
Switch: edgeedge1,155.0,0.00166
edgenode3,155.0,0.0015
Switch: edgecore,155.0,0.00305
edgenode4,155.0,0.00149
edgenode1,155.0,0.00155
edgenode2,155.0,0.00155
netcloudhost2,155.0,0.0
netcloudhost3,155.0,0.0
Switch: netcloudedge1,155.0,0.0
netcloudhost4,155.0,0.0
Switch: netcloudedge2,155.0,0.0
netcloudhost1,155.0,0.0
Switch: netcloudcore,155.0,0.0
Switch: internetgw,155.0,0.0
Switch: inter2,155.0,0.0
Switch: netcloudgw,155.0,0.0
Switch: edgegw,155.0,0.00305
Switch: edge2gw,155.0,0.0
internethost,155.0,0.0
Switch: internetedge,155.0,0.0
Switch: internetcore,155.0,0.0
Switch: edge2core,160.0,0.0
Switch: edge2edge1,160.0,0.0
edgeuser3,160.0,0.0
Switch: edgeedge2,160.0,0.001483
edgeuser2,160.0,0.001483
Switch: edgeedge3,160.0,0.003567496
edgeuser1,160.0,0.001991
Switch: edgeedge1,160.0,0.001991
edgenode3,160.0,0.001767496
Switch: edgecore,160.0,0.003567496
edgenode4,160.0,0.00185
edgenode1,160.0,0.0018
edgenode2,160.0,0.001765008
netcloudhost2,160.0,0.0
netcloudhost3,160.0,0.0
Switch: netcloudedge1,160.0,0.0
netcloudhost4,160.0,0.0
Switch: netcloudedge2,160.0,0.0
netcloudhost1,160.0,0.0
Switch: netcloudcore,160.0,0.0
Switch: internetgw,160.0,0.0
Switch: inter2,160.0,0.0
Switch: netcloudgw,160.0,0.0
Switch: edgegw,160.0,0.003567496
Switch: edge2gw,160.0,0.0
internethost,160.0,0.0
Switch: internetedge,160.0,0.0
Switch: internetcore,160.0,0.0
Switch: edge2core,165.0,0.0
Switch: edge2edge1,165.0,0.0
edgeuser3,165.0,0.0
Switch: edgeedge2,165.0,0.001689984
edgeuser2,165.0,0.001689984
Switch: edgeedge3,165.0,0.003738496
edgeuser1,165.0,0.001911496
Switch: edgeedge1,165.0,0.001911496
edgenode3,165.0,0.001865496
Switch: edgecore,165.0,0.003738496
edgenode4,165.0,0.001840504
edgenode1,165.0,0.001873
edgenode2,165.0,0.0019
netcloudhost2,165.0,0.0
netcloudhost3,165.0,0.0
Switch: netcloudedge1,165.0,0.0
netcloudhost4,165.0,0.0
Switch: netcloudedge2,165.0,0.0
netcloudhost1,165.0,0.0
Switch: netcloudcore,165.0,0.0
Switch: internetgw,165.0,0.0
Switch: inter2,165.0,0.0
Switch: netcloudgw,165.0,0.0
Switch: edgegw,165.0,0.003738496
Switch: edge2gw,165.0,0.0
internethost,165.0,0.0
Switch: internetedge,165.0,0.0
Switch: internetcore,165.0,0.0
Switch: edge2core,170.0,0.0
Switch: edge2edge1,170.0,0.0
edgeuser3,170.0,0.0
Switch: edgeedge2,170.0,0.0015
edgeuser2,170.0,0.0015
Switch: edgeedge3,170.0,0.001881
edgeuser1,170.0,6.5E-4
Switch: edgeedge1,170.0,6.5E-4
edgenode3,170.0,9.5E-4
Switch: edgecore,170.0,0.001881
edgenode4,170.0,0.001
edgenode1,170.0,9.31E-4
edgenode2,170.0,9.5E-4
netcloudhost2,170.0,0.0
netcloudhost3,170.0,0.0
Switch: netcloudedge1,170.0,0.0
netcloudhost4,170.0,0.0
Switch: netcloudedge2,170.0,0.0
netcloudhost1,170.0,0.0
Switch: netcloudcore,170.0,0.0
Switch: internetgw,170.0,0.0
Switch: inter2,170.0,0.0
Switch: netcloudgw,170.0,0.0
Switch: edgegw,170.0,0.001881
Switch: edge2gw,170.0,0.0
internethost,170.0,0.0
Switch: internetedge,170.0,0.0
Switch: internetcore,170.0,0.0
Switch: edge2core,175.0,0.0
Switch: edge2edge1,175.0,0.0
edgeuser3,175.0,0.0
Switch: edgeedge2,175.0,0.001500496
edgeuser2,175.0,0.001500496
Switch: edgeedge3,175.0,0.003835496
edgeuser1,175.0,0.002296488
Switch: edgeedge1,175.0,0.002296488
edgenode3,175.0,0.001937
Switch: edgecore,175.0,0.003835496
edgenode4,175.0,0.002028496
edgenode1,175.0,0.001898496
edgenode2,175.0,0.002019504
netcloudhost2,175.0,0.0
netcloudhost3,175.0,0.0
Switch: netcloudedge1,175.0,0.0
netcloudhost4,175.0,0.0
Switch: netcloudedge2,175.0,0.0
netcloudhost1,175.0,0.0
Switch: netcloudcore,175.0,0.0
Switch: internetgw,175.0,0.0
Switch: inter2,175.0,0.0
Switch: netcloudgw,175.0,0.0
Switch: edgegw,175.0,0.003835496
Switch: edge2gw,175.0,0.0
internethost,175.0,0.0
Switch: internetedge,175.0,0.0
Switch: internetcore,175.0,0.0
Switch: edge2core,180.0,0.0
Switch: edge2edge1,180.0,0.0
edgeuser3,180.0,0.0
Switch: edgeedge2,180.0,0.001472504
edgeuser2,180.0,0.001472504
Switch: edgeedge3,180.0,0.00347
edgeuser1,180.0,0.001668504
Switch: edgeedge1,180.0,0.001668504
edgenode3,180.0,0.00175
Switch: edgecore,180.0,0.00347
edgenode4,180.0,0.00165
edgenode1,180.0,0.00172
edgenode2,180.0,0.00168
netcloudhost2,180.0,0.0
netcloudhost3,180.0,0.0
Switch: netcloudedge1,180.0,0.0
netcloudhost4,180.0,0.0
Switch: netcloudedge2,180.0,0.0
netcloudhost1,180.0,0.0
Switch: netcloudcore,180.0,0.0
Switch: internetgw,180.0,0.0
Switch: inter2,180.0,0.0
Switch: netcloudgw,180.0,0.0
Switch: edgegw,180.0,0.00347
Switch: edge2gw,180.0,0.0
internethost,180.0,0.0
Switch: internetedge,180.0,0.0
Switch: internetcore,180.0,0.0
Switch: edge2core,185.0,0.0
Switch: edge2edge1,185.0,0.0
edgeuser3,185.0,0.0
Switch: edgeedge2,185.0,0.001275
edgeuser2,185.0,0.001275
Switch: edgeedge3,185.0,0.002921008
edgeuser1,185.0,0.001508992
Switch: edgeedge1,185.0,0.001508992
edgenode3,185.0,0.001480504
Switch: edgecore,185.0,0.002921008
edgenode4,185.0,0.00139
edgenode1,185.0,0.001440504
edgenode2,185.0,0.001325
netcloudhost2,185.0,0.0
netcloudhost3,185.0,0.0
Switch: netcloudedge1,185.0,0.0
netcloudhost4,185.0,0.0
Switch: netcloudedge2,185.0,0.0
netcloudhost1,185.0,0.0
Switch: netcloudcore,185.0,0.0
Switch: internetgw,185.0,0.0
Switch: inter2,185.0,0.0
Switch: netcloudgw,185.0,0.0
Switch: edgegw,185.0,0.002921008
Switch: edge2gw,185.0,0.0
internethost,185.0,0.0
Switch: internetedge,185.0,0.0
Switch: internetcore,185.0,0.0
Switch: edge2core,190.0,0.0
Switch: edge2edge1,190.0,0.0
edgeuser3,190.0,0.0
Switch: edgeedge2,190.0,8.5E-4
edgeuser2,190.0,8.5E-4
Switch: edgeedge3,190.0,0.0027
edgeuser1,190.0,0.00165
Switch: edgeedge1,190.0,0.00165
edgenode3,190.0,0.00135
Switch: edgecore,190.0,0.0027
edgenode4,190.0,0.0013
edgenode1,190.0,0.00135
edgenode2,190.0,0.00135
netcloudhost2,190.0,0.0
netcloudhost3,190.0,0.0
Switch: netcloudedge1,190.0,0.0
netcloudhost4,190.0,0.0
Switch: netcloudedge2,190.0,0.0
netcloudhost1,190.0,0.0
Switch: netcloudcore,190.0,0.0
Switch: internetgw,190.0,0.0
Switch: inter2,190.0,0.0
Switch: netcloudgw,190.0,0.0
Switch: edgegw,190.0,0.0027
Switch: edge2gw,190.0,0.0
internethost,190.0,0.0
Switch: internetedge,190.0,0.0
Switch: internetcore,190.0,0.0
Switch: edge2core,195.0,0.0
Switch: edge2edge1,195.0,0.0
edgeuser3,195.0,0.0
Switch: edgeedge2,195.0,0.001098504
edgeuser2,195.0,0.001098504
Switch: edgeedge3,195.0,0.00237
edgeuser1,195.0,0.001501496
Switch: edgeedge1,195.0,0.001501496
edgenode3,195.0,0.0012
Switch: edgecore,195.0,0.00237
edgenode4,195.0,0.001278504
edgenode1,195.0,0.00117
edgenode2,195.0,0.00125
netcloudhost2,195.0,0.0
netcloudhost3,195.0,0.0
Switch: netcloudedge1,195.0,0.0
netcloudhost4,195.0,0.0
Switch: netcloudedge2,195.0,0.0
netcloudhost1,195.0,0.0
Switch: netcloudcore,195.0,0.0
Switch: internetgw,195.0,0.0
Switch: inter2,195.0,0.0
Switch: netcloudgw,195.0,0.0
Switch: edgegw,195.0,0.00237
Switch: edge2gw,195.0,0.0
internethost,195.0,0.0
Switch: internetedge,195.0,0.0
Switch: internetcore,195.0,0.0
Switch: edge2core,200.0,0.0
Switch: edge2edge1,200.0,0.0
edgeuser3,200.0,0.0
Switch: edgeedge2,200.0,7.01504E-4
edgeuser2,200.0,7.01504E-4
Switch: edgeedge3,200.0,0.0024
edgeuser1,200.0,0.0014
Switch: edgeedge1,200.0,0.0014
edgenode3,200.0,0.0012
Switch: edgecore,200.0,0.0024
edgenode4,200.0,0.0011
edgenode1,200.0,0.0012
edgenode2,200.0,0.0011
netcloudhost2,200.0,0.0
netcloudhost3,200.0,0.0
Switch: netcloudedge1,200.0,0.0
netcloudhost4,200.0,0.0
Switch: netcloudedge2,200.0,0.0
netcloudhost1,200.0,0.0
Switch: netcloudcore,200.0,0.0
Switch: internetgw,200.0,0.0
Switch: inter2,200.0,0.0
Switch: netcloudgw,200.0,0.0
Switch: edgegw,200.0,0.0024
Switch: edge2gw,200.0,0.0
internethost,200.0,0.0
Switch: internetedge,200.0,0.0
Switch: internetcore,200.0,0.0
Switch: edge2core,205.0,0.0
Switch: edge2edge1,205.0,0.0
edgeuser3,205.0,0.0
Switch: edgeedge2,205.0,0.002371496
edgeuser2,205.0,0.002371496
Switch: edgeedge3,205.0,0.003451496
edgeuser1,205.0,0.00142
Switch: edgeedge1,205.0,0.00142
edgenode3,205.0,0.001701496
Switch: edgecore,205.0,0.003451496
edgenode4,205.0,0.001695504
edgenode1,205.0,0.00175
edgenode2,205.0,0.0018
netcloudhost2,205.0,0.0
netcloudhost3,205.0,0.0
Switch: netcloudedge1,205.0,0.0
netcloudhost4,205.0,0.0
Switch: netcloudedge2,205.0,0.0
netcloudhost1,205.0,0.0
Switch: netcloudcore,205.0,0.0
Switch: internetgw,205.0,0.0
Switch: inter2,205.0,0.0
Switch: netcloudgw,205.0,0.0
Switch: edgegw,205.0,0.003451496
Switch: edge2gw,205.0,0.0
internethost,205.0,0.0
Switch: internetedge,205.0,0.0
Switch: internetcore,205.0,0.0
Switch: edge2core,210.0,0.0
Switch: edge2edge1,210.0,0.0
edgeuser3,210.0,0.0
Switch: edgeedge2,210.0,0.003111496
edgeuser2,210.0,0.003111496
Switch: edgeedge3,210.0,0.00372
edgeuser1,210.0,0.001647496
Switch: edgeedge1,210.0,0.001647496
edgenode3,210.0,0.0019
Switch: edgecore,210.0,0.00372
edgenode4,210.0,0.00235
edgenode1,210.0,0.00182
edgenode2,210.0,0.002295496
netcloudhost2,210.0,0.0
netcloudhost3,210.0,0.0
Switch: netcloudedge1,210.0,0.0
netcloudhost4,210.0,0.0
Switch: netcloudedge2,210.0,0.0
netcloudhost1,210.0,0.0
Switch: netcloudcore,210.0,0.0
Switch: internetgw,210.0,0.0
Switch: inter2,210.0,0.0
Switch: netcloudgw,210.0,0.0
Switch: edgegw,210.0,0.00372
Switch: edge2gw,210.0,0.0
internethost,210.0,0.0
Switch: internetedge,210.0,0.0
Switch: internetcore,210.0,0.0
Switch: edge2core,215.0,0.0
Switch: edge2edge1,215.0,0.0
edgeuser3,215.0,0.0
Switch: edgeedge2,215.0,0.00201
edgeuser2,215.0,0.00201
Switch: edgeedge3,215.0,0.003948
edgeuser1,215.0,0.00173
Switch: edgeedge1,215.0,0.00173
edgenode3,215.0,0.00195
Switch: edgecore,215.0,0.003948
edgenode4,215.0,0.001916
edgenode1,215.0,0.001998
edgenode2,215.0,0.001857504
netcloudhost2,215.0,0.0
netcloudhost3,215.0,0.0
Switch: netcloudedge1,215.0,0.0
netcloudhost4,215.0,0.0
Switch: netcloudedge2,215.0,0.0
netcloudhost1,215.0,0.0
Switch: netcloudcore,215.0,0.0
Switch: internetgw,215.0,0.0
Switch: inter2,215.0,0.0
Switch: netcloudgw,215.0,0.0
Switch: edgegw,215.0,0.003948
Switch: edge2gw,215.0,0.0
internethost,215.0,0.0
Switch: internetedge,215.0,0.0
Switch: internetcore,215.0,0.0
Switch: edge2core,220.0,0.0
Switch: edge2edge1,220.0,0.0
edgeuser3,220.0,0.0
Switch: edgeedge2,220.0,0.0013
edgeuser2,220.0,0.0013
Switch: edgeedge3,220.0,0.0039
edgeuser1,220.0,0.001520992
Switch: edgeedge1,220.0,0.001520992
edgenode3,220.0,0.001960496
Switch: edgecore,220.0,0.0039
edgenode4,220.0,0.0015
edgenode1,220.0,0.001939504
edgenode2,220.0,0.00155
netcloudhost2,220.0,0.0
netcloudhost3,220.0,0.0
Switch: netcloudedge1,220.0,0.0
netcloudhost4,220.0,0.0
Switch: netcloudedge2,220.0,0.0
netcloudhost1,220.0,0.0
Switch: netcloudcore,220.0,0.0
Switch: internetgw,220.0,0.0
Switch: inter2,220.0,0.0
Switch: netcloudgw,220.0,0.0
Switch: edgegw,220.0,0.0039
Switch: edge2gw,220.0,0.0
internethost,220.0,0.0
Switch: internetedge,220.0,0.0
Switch: internetcore,220.0,0.0
Switch: edge2core,225.0,0.0
Switch: edge2edge1,225.0,0.0
edgeuser3,225.0,0.0
Switch: edgeedge2,225.0,0.0014
edgeuser2,225.0,0.0014
Switch: edgeedge3,225.0,0.00315
edgeuser1,225.0,0.001569496
Switch: edgeedge1,225.0,0.001569496
edgenode3,225.0,0.00155
Switch: edgecore,225.0,0.00315
edgenode4,225.0,0.001585
edgenode1,225.0,0.0016
edgenode2,225.0,0.0016
netcloudhost2,225.0,0.0
netcloudhost3,225.0,0.0
Switch: netcloudedge1,225.0,0.0
netcloudhost4,225.0,0.0
Switch: netcloudedge2,225.0,0.0
netcloudhost1,225.0,0.0
Switch: netcloudcore,225.0,0.0
Switch: internetgw,225.0,0.0
Switch: inter2,225.0,0.0
Switch: netcloudgw,225.0,0.0
Switch: edgegw,225.0,0.00315
Switch: edge2gw,225.0,0.0
internethost,225.0,0.0
Switch: internetedge,225.0,0.0
Switch: internetcore,225.0,0.0
Switch: edge2core,230.0,0.0
Switch: edge2edge1,230.0,0.0
edgeuser3,230.0,0.0
Switch: edgeedge2,230.0,0.001559496
edgeuser2,230.0,0.001559496
Switch: edgeedge3,230.0,0.003382504
edgeuser1,230.0,0.001646
Switch: edgeedge1,230.0,0.001646
edgenode3,230.0,0.001682504
Switch: edgecore,230.0,0.003382504
edgenode4,230.0,0.001608504
edgenode1,230.0,0.0017
edgenode2,230.0,0.00165
netcloudhost2,230.0,0.0
netcloudhost3,230.0,0.0
Switch: netcloudedge1,230.0,0.0
netcloudhost4,230.0,0.0
Switch: netcloudedge2,230.0,0.0
netcloudhost1,230.0,0.0
Switch: netcloudcore,230.0,0.0
Switch: internetgw,230.0,0.0
Switch: inter2,230.0,0.0
Switch: netcloudgw,230.0,0.0
Switch: edgegw,230.0,0.003382504
Switch: edge2gw,230.0,0.0
internethost,230.0,0.0
Switch: internetedge,230.0,0.0
Switch: internetcore,230.0,0.0
Switch: edge2core,235.0,0.0
Switch: edge2edge1,235.0,0.0
edgeuser3,235.0,0.0
Switch: edgeedge2,235.0,0.001670008
edgeuser2,235.0,0.001670008
Switch: edgeedge3,235.0,0.002885
edgeuser1,235.0,0.001522496
Switch: edgeedge1,235.0,0.001522496
edgenode3,235.0,0.00149
Switch: edgecore,235.0,0.002885
edgenode4,235.0,0.001527496
edgenode1,235.0,0.001395
edgenode2,235.0,0.00155
netcloudhost2,235.0,0.0
netcloudhost3,235.0,0.0
Switch: netcloudedge1,235.0,0.0
netcloudhost4,235.0,0.0
Switch: netcloudedge2,235.0,0.0
netcloudhost1,235.0,0.0
Switch: netcloudcore,235.0,0.0
Switch: internetgw,235.0,0.0
Switch: inter2,235.0,0.0
Switch: netcloudgw,235.0,0.0
Switch: edgegw,235.0,0.002885
Switch: edge2gw,235.0,0.0
internethost,235.0,0.0
Switch: internetedge,235.0,0.0
Switch: internetcore,235.0,0.0
Switch: edge2core,240.0,0.0
Switch: edge2edge1,240.0,0.0
edgeuser3,240.0,0.0
Switch: edgeedge2,240.0,0.0014
edgeuser2,240.0,0.0014
Switch: edgeedge3,240.0,0.00325
edgeuser1,240.0,0.00175
Switch: edgeedge1,240.0,0.00175
edgenode3,240.0,0.0016
Switch: edgecore,240.0,0.00325
edgenode4,240.0,0.0016
edgenode1,240.0,0.00165
edgenode2,240.0,0.001639504
netcloudhost2,240.0,0.0
netcloudhost3,240.0,0.0
Switch: netcloudedge1,240.0,0.0
netcloudhost4,240.0,0.0
Switch: netcloudedge2,240.0,0.0
netcloudhost1,240.0,0.0
Switch: netcloudcore,240.0,0.0
Switch: internetgw,240.0,0.0
Switch: inter2,240.0,0.0
Switch: netcloudgw,240.0,0.0
Switch: edgegw,240.0,0.00325
Switch: edge2gw,240.0,0.0
internethost,240.0,0.0
Switch: internetedge,240.0,0.0
Switch: internetcore,240.0,0.0
Switch: edge2core,245.0,0.0
Switch: edge2edge1,245.0,0.0
edgeuser3,245.0,0.0
Switch: edgeedge2,245.0,0.00158
edgeuser2,245.0,0.00158
Switch: edgeedge3,245.0,0.003436504
edgeuser1,245.0,0.001577488
Switch: edgeedge1,245.0,0.001577488
edgenode3,245.0,0.00175
Switch: edgecore,245.0,0.003436504
edgenode4,245.0,0.001673504
edgenode1,245.0,0.001686504
edgenode2,245.0,0.001601504
netcloudhost2,245.0,0.0
netcloudhost3,245.0,0.0
Switch: netcloudedge1,245.0,0.0
netcloudhost4,245.0,0.0
Switch: netcloudedge2,245.0,0.0
netcloudhost1,245.0,0.0
Switch: netcloudcore,245.0,0.0
Switch: internetgw,245.0,0.0
Switch: inter2,245.0,0.0
Switch: netcloudgw,245.0,0.0
Switch: edgegw,245.0,0.003436504
Switch: edge2gw,245.0,0.0
internethost,245.0,0.0
Switch: internetedge,245.0,0.0
Switch: internetcore,245.0,0.0
Switch: edge2core,250.0,0.0
Switch: edge2edge1,250.0,0.0
edgeuser3,250.0,0.0
Switch: edgeedge2,250.0,0.00125
edgeuser2,250.0,0.00125
Switch: edgeedge3,250.0,0.002985008
edgeuser1,250.0,0.001698496
Switch: edgeedge1,250.0,0.001698496
edgenode3,250.0,0.001451504
Switch: edgecore,250.0,0.002985008
edgenode4,250.0,0.00145
edgenode1,250.0,0.001533504
edgenode2,250.0,0.0015
netcloudhost2,250.0,0.0
netcloudhost3,250.0,0.0
Switch: netcloudedge1,250.0,0.0
netcloudhost4,250.0,0.0
Switch: netcloudedge2,250.0,0.0
netcloudhost1,250.0,0.0
Switch: netcloudcore,250.0,0.0
Switch: internetgw,250.0,0.0
Switch: inter2,250.0,0.0
Switch: netcloudgw,250.0,0.0
Switch: edgegw,250.0,0.002985008
Switch: edge2gw,250.0,0.0
internethost,250.0,0.0
Switch: internetedge,250.0,0.0
Switch: internetcore,250.0,0.0
Switch: edge2core,255.0,0.0
Switch: edge2edge1,255.0,0.0
edgeuser3,255.0,0.0
Switch: edgeedge2,255.0,0.001
edgeuser2,255.0,0.001
Switch: edgeedge3,255.0,0.0029
edgeuser1,255.0,0.00174
Switch: edgeedge1,255.0,0.00174
edgenode3,255.0,0.00145
Switch: edgecore,255.0,0.0029
edgenode4,255.0,0.00143
edgenode1,255.0,0.00145
edgenode2,255.0,0.00138
netcloudhost2,255.0,0.0
netcloudhost3,255.0,0.0
Switch: netcloudedge1,255.0,0.0
netcloudhost4,255.0,0.0
Switch: netcloudedge2,255.0,0.0
netcloudhost1,255.0,0.0
Switch: netcloudcore,255.0,0.0
Switch: internetgw,255.0,0.0
Switch: inter2,255.0,0.0
Switch: netcloudgw,255.0,0.0
Switch: edgegw,255.0,0.0029
Switch: edge2gw,255.0,0.0
internethost,255.0,0.0
Switch: internetedge,255.0,0.0
Switch: internetcore,255.0,0.0
Switch: edge2core,260.0,0.0
Switch: edge2edge1,260.0,0.0
edgeuser3,260.0,0.0
Switch: edgeedge2,260.0,0.00235
edgeuser2,260.0,0.00235
Switch: edgeedge3,260.0,0.002947
edgeuser1,260.0,0.001656
Switch: edgeedge1,260.0,0.001656
edgenode3,260.0,0.001494
Switch: edgecore,260.0,0.002947
edgenode4,260.0,0.0018
edgenode1,260.0,0.001453
edgenode2,260.0,0.00185
netcloudhost2,260.0,0.0
netcloudhost3,260.0,0.0
Switch: netcloudedge1,260.0,0.0
netcloudhost4,260.0,0.0
Switch: netcloudedge2,260.0,0.0
netcloudhost1,260.0,0.0
Switch: netcloudcore,260.0,0.0
Switch: internetgw,260.0,0.0
Switch: inter2,260.0,0.0
Switch: netcloudgw,260.0,0.0
Switch: edgegw,260.0,0.002947
Switch: edge2gw,260.0,0.0
internethost,260.0,0.0
Switch: internetedge,260.0,0.0
Switch: internetcore,260.0,0.0
Switch: edge2core,265.0,0.0
Switch: edge2edge1,265.0,0.0
edgeuser3,265.0,0.0
Switch: edgeedge2,265.0,0.001599496
edgeuser2,265.0,0.001599496
Switch: edgeedge3,265.0,0.003926496
edgeuser1,265.0,0.00135
Switch: edgeedge1,265.0,0.00135
edgenode3,265.0,0.00195
Switch: edgecore,265.0,0.003926496
edgenode4,265.0,0.0017
edgenode1,265.0,0.001976496
edgenode2,265.0,0.001652504
netcloudhost2,265.0,0.0
netcloudhost3,265.0,0.0
Switch: netcloudedge1,265.0,0.0
netcloudhost4,265.0,0.0
Switch: netcloudedge2,265.0,0.0
netcloudhost1,265.0,0.0
Switch: netcloudcore,265.0,0.0
Switch: internetgw,265.0,0.0
Switch: inter2,265.0,0.0
Switch: netcloudgw,265.0,0.0
Switch: edgegw,265.0,0.003926496
Switch: edge2gw,265.0,0.0
internethost,265.0,0.0
Switch: internetedge,265.0,0.0
Switch: internetcore,265.0,0.0
Switch: edge2core,270.0,0.0
Switch: edge2edge1,270.0,0.0
edgeuser3,270.0,0.0
Switch: edgeedge2,270.0,0.001848496
edgeuser2,270.0,0.001848496
Switch: edgeedge3,270.0,0.003574
edgeuser1,270.0,0.001626
Switch: edgeedge1,270.0,0.001626
edgenode3,270.0,0.001774
Switch: edgecore,270.0,0.003574
edgenode4,270.0,0.00179
edgenode1,270.0,0.0018
edgenode2,270.0,0.0018
netcloudhost2,270.0,0.0
netcloudhost3,270.0,0.0
Switch: netcloudedge1,270.0,0.0
netcloudhost4,270.0,0.0
Switch: netcloudedge2,270.0,0.0
netcloudhost1,270.0,0.0
Switch: netcloudcore,270.0,0.0
Switch: internetgw,270.0,0.0
Switch: inter2,270.0,0.0
Switch: netcloudgw,270.0,0.0
Switch: edgegw,270.0,0.003574
Switch: edge2gw,270.0,0.0
internethost,270.0,0.0
Switch: internetedge,270.0,0.0
Switch: internetcore,270.0,0.0
Switch: edge2core,275.0,0.0
Switch: edge2edge1,275.0,0.0
edgeuser3,275.0,0.0
Switch: edgeedge2,275.0,0.001859496
edgeuser2,275.0,0.001859496
Switch: edgeedge3,275.0,0.00351
edgeuser1,275.0,0.001744
Switch: edgeedge1,275.0,0.001744
edgenode3,275.0,0.00177
Switch: edgecore,275.0,0.00351
edgenode4,275.0,0.001776496
edgenode1,275.0,0.00174
edgenode2,275.0,0.001792496
netcloudhost2,275.0,0.0
netcloudhost3,275.0,0.0
Switch: netcloudedge1,275.0,0.0
netcloudhost4,275.0,0.0
Switch: netcloudedge2,275.0,0.0
netcloudhost1,275.0,0.0
Switch: netcloudcore,275.0,0.0
Switch: internetgw,275.0,0.0
Switch: inter2,275.0,0.0
Switch: netcloudgw,275.0,0.0
Switch: edgegw,275.0,0.00351
Switch: edge2gw,275.0,0.0
internethost,275.0,0.0
Switch: internetedge,275.0,0.0
Switch: internetcore,275.0,0.0
Switch: edge2core,280.0,0.0
Switch: edge2edge1,280.0,0.0
edgeuser3,280.0,0.0
Switch: edgeedge2,280.0,0.0019
edgeuser2,280.0,0.0019
Switch: edgeedge3,280.0,0.0037
edgeuser1,280.0,0.001734496
Switch: edgeedge1,280.0,0.001734496
edgenode3,280.0,0.00185
Switch: edgecore,280.0,0.0037
edgenode4,280.0,0.001915504
edgenode1,280.0,0.00185
edgenode2,280.0,0.0019
netcloudhost2,280.0,0.0
netcloudhost3,280.0,0.0
Switch: netcloudedge1,280.0,0.0
netcloudhost4,280.0,0.0
Switch: netcloudedge2,280.0,0.0
netcloudhost1,280.0,0.0
Switch: netcloudcore,280.0,0.0
Switch: internetgw,280.0,0.0
Switch: inter2,280.0,0.0
Switch: netcloudgw,280.0,0.0
Switch: edgegw,280.0,0.0037
Switch: edge2gw,280.0,0.0
internethost,280.0,0.0
Switch: internetedge,280.0,0.0
Switch: internetcore,280.0,0.0
Switch: edge2core,285.0,0.0
Switch: edge2edge1,285.0,0.0
edgeuser3,285.0,0.0
Switch: edgeedge2,285.0,0.00125
edgeuser2,285.0,0.00125
Switch: edgeedge3,285.0,0.00275
edgeuser1,285.0,0.00145
Switch: edgeedge1,285.0,0.00145
edgenode3,285.0,0.00135
Switch: edgecore,285.0,0.00275
edgenode4,285.0,0.00125
edgenode1,285.0,0.0014
edgenode2,285.0,0.001288
netcloudhost2,285.0,0.0
netcloudhost3,285.0,0.0
Switch: netcloudedge1,285.0,0.0
netcloudhost4,285.0,0.0
Switch: netcloudedge2,285.0,0.0
netcloudhost1,285.0,0.0
Switch: netcloudcore,285.0,0.0
Switch: internetgw,285.0,0.0
Switch: inter2,285.0,0.0
Switch: netcloudgw,285.0,0.0
Switch: edgegw,285.0,0.00275
Switch: edge2gw,285.0,0.0
internethost,285.0,0.0
Switch: internetedge,285.0,0.0
Switch: internetcore,285.0,0.0
Switch: edge2core,290.0,0.0
Switch: edge2edge1,290.0,0.0
edgeuser3,290.0,0.0
Switch: edgeedge2,290.0,0.002097992
edgeuser2,290.0,0.002097992
Switch: edgeedge3,290.0,0.003828
edgeuser1,290.0,0.001693496
Switch: edgeedge1,290.0,0.001693496
edgenode3,290.0,0.001954504
Switch: edgecore,290.0,0.003828
edgenode4,290.0,0.001949008
edgenode1,290.0,0.001873496
edgenode2,290.0,0.001943
netcloudhost2,290.0,0.0
netcloudhost3,290.0,0.0
Switch: netcloudedge1,290.0,0.0
netcloudhost4,290.0,0.0
Switch: netcloudedge2,290.0,0.0
netcloudhost1,290.0,0.0
Switch: netcloudcore,290.0,0.0
Switch: internetgw,290.0,0.0
Switch: inter2,290.0,0.0
Switch: netcloudgw,290.0,0.0
Switch: edgegw,290.0,0.003828
Switch: edge2gw,290.0,0.0
internethost,290.0,0.0
Switch: internetedge,290.0,0.0
Switch: internetcore,290.0,0.0
Switch: edge2core,295.0,0.0
Switch: edge2edge1,295.0,0.0
edgeuser3,295.0,0.0
Switch: edgeedge2,295.0,0.00148
edgeuser2,295.0,0.00148
Switch: edgeedge3,295.0,0.003084
edgeuser1,295.0,0.001481496
Switch: edgeedge1,295.0,0.001481496
edgenode3,295.0,0.001538496
Switch: edgecore,295.0,0.003084
edgenode4,295.0,0.00155
edgenode1,295.0,0.001545504
edgenode2,295.0,0.001488496
netcloudhost2,295.0,0.0
netcloudhost3,295.0,0.0
Switch: netcloudedge1,295.0,0.0
netcloudhost4,295.0,0.0
Switch: netcloudedge2,295.0,0.0
netcloudhost1,295.0,0.0
Switch: netcloudcore,295.0,0.0
Switch: internetgw,295.0,0.0
Switch: inter2,295.0,0.0
Switch: netcloudgw,295.0,0.0
Switch: edgegw,295.0,0.003084
Switch: edge2gw,295.0,0.0
internethost,295.0,0.0
Switch: internetedge,295.0,0.0
Switch: internetcore,295.0,0.0
Switch: edge2core,300.0,0.0
Switch: edge2edge1,300.0,0.0
edgeuser3,300.0,0.0
Switch: edgeedge2,300.0,0.002043496
edgeuser2,300.0,0.002043496
Switch: edgeedge3,300.0,0.003660496
edgeuser1,300.0,0.001949
Switch: edgeedge1,300.0,0.001949
edgenode3,300.0,0.001810496
Switch: edgecore,300.0,0.003660496
edgenode4,300.0,0.00195
edgenode1,300.0,0.00185
edgenode2,300.0,0.002
netcloudhost2,300.0,0.0
netcloudhost3,300.0,0.0
Switch: netcloudedge1,300.0,0.0
netcloudhost4,300.0,0.0
Switch: netcloudedge2,300.0,0.0
netcloudhost1,300.0,0.0
Switch: netcloudcore,300.0,0.0
Switch: internetgw,300.0,0.0
Switch: inter2,300.0,0.0
Switch: netcloudgw,300.0,0.0
Switch: edgegw,300.0,0.003660496
Switch: edge2gw,300.0,0.0
internethost,300.0,0.0
Switch: internetedge,300.0,0.0
Switch: internetcore,300.0,0.0
Switch: edge2core,305.0,0.0
Switch: edge2edge1,305.0,0.0
edgeuser3,305.0,0.0
Switch: edgeedge2,305.0,0.001534496
edgeuser2,305.0,0.001534496
Switch: edgeedge3,305.0,0.0033
edgeuser1,305.0,0.001219496
Switch: edgeedge1,305.0,0.001219496
edgenode3,305.0,0.00165
Switch: edgecore,305.0,0.0033
edgenode4,305.0,0.001480504
edgenode1,305.0,0.00165
edgenode2,305.0,0.001465504
netcloudhost2,305.0,0.0
netcloudhost3,305.0,0.0
Switch: netcloudedge1,305.0,0.0
netcloudhost4,305.0,0.0
Switch: netcloudedge2,305.0,0.0
netcloudhost1,305.0,0.0
Switch: netcloudcore,305.0,0.0
Switch: internetgw,305.0,0.0
Switch: inter2,305.0,0.0
Switch: netcloudgw,305.0,0.0
Switch: edgegw,305.0,0.0033
Switch: edge2gw,305.0,0.0
internethost,305.0,0.0
Switch: internetedge,305.0,0.0
Switch: internetcore,305.0,0.0
Switch: edge2core,310.0,0.0
Switch: edge2edge1,310.0,0.0
edgeuser3,310.0,0.0
Switch: edgeedge2,310.0,0.001609008
edgeuser2,310.0,0.001609008
Switch: edgeedge3,310.0,0.002873496
edgeuser1,310.0,0.001559
Switch: edgeedge1,310.0,0.001559
edgenode3,310.0,0.001441
Switch: edgecore,310.0,0.002873496
edgenode4,310.0,0.001558496
edgenode1,310.0,0.001432496
edgenode2,310.0,0.00155
netcloudhost2,310.0,0.0
netcloudhost3,310.0,0.0
Switch: netcloudedge1,310.0,0.0
netcloudhost4,310.0,0.0
Switch: netcloudedge2,310.0,0.0
netcloudhost1,310.0,0.0
Switch: netcloudcore,310.0,0.0
Switch: internetgw,310.0,0.0
Switch: inter2,310.0,0.0
Switch: netcloudgw,310.0,0.0
Switch: edgegw,310.0,0.002873496
Switch: edge2gw,310.0,0.0
internethost,310.0,0.0
Switch: internetedge,310.0,0.0
Switch: internetcore,310.0,0.0
Switch: edge2core,315.0,0.0
Switch: edge2edge1,315.0,0.0
edgeuser3,315.0,0.0
Switch: edgeedge2,315.0,0.001165504
edgeuser2,315.0,0.001165504
Switch: edgeedge3,315.0,0.00325
edgeuser1,315.0,0.0015
Switch: edgeedge1,315.0,0.0015
edgenode3,315.0,0.0016
Switch: edgecore,315.0,0.00325
edgenode4,315.0,0.001384496
edgenode1,315.0,0.00165
edgenode2,315.0,0.00145
netcloudhost2,315.0,0.0
netcloudhost3,315.0,0.0
Switch: netcloudedge1,315.0,0.0
netcloudhost4,315.0,0.0
Switch: netcloudedge2,315.0,0.0
netcloudhost1,315.0,0.0
Switch: netcloudcore,315.0,0.0
Switch: internetgw,315.0,0.0
Switch: inter2,315.0,0.0
Switch: netcloudgw,315.0,0.0
Switch: edgegw,315.0,0.00325
Switch: edge2gw,315.0,0.0
internethost,315.0,0.0
Switch: internetedge,315.0,0.0
Switch: internetcore,315.0,0.0
Switch: edge2core,320.0,0.0
Switch: edge2edge1,320.0,0.0
edgeuser3,320.0,0.0
Switch: edgeedge2,320.0,0.001686
edgeuser2,320.0,0.001686
Switch: edgeedge3,320.0,0.0022
edgeuser1,320.0,0.001387496
Switch: edgeedge1,320.0,0.001387496
edgenode3,320.0,0.0011
Switch: edgecore,320.0,0.0022
edgenode4,320.0,0.00133
edgenode1,320.0,0.0011
edgenode2,320.0,0.001296496
netcloudhost2,320.0,0.0
netcloudhost3,320.0,0.0
Switch: netcloudedge1,320.0,0.0
netcloudhost4,320.0,0.0
Switch: netcloudedge2,320.0,0.0
netcloudhost1,320.0,0.0
Switch: netcloudcore,320.0,0.0
Switch: internetgw,320.0,0.0
Switch: inter2,320.0,0.0
Switch: netcloudgw,320.0,0.0
Switch: edgegw,320.0,0.0022
Switch: edge2gw,320.0,0.0
internethost,320.0,0.0
Switch: internetedge,320.0,0.0
Switch: internetcore,320.0,0.0
Switch: edge2core,325.0,0.0
Switch: edge2edge1,325.0,0.0
edgeuser3,325.0,0.0
Switch: edgeedge2,325.0,0.001693
edgeuser2,325.0,0.001693
Switch: edgeedge3,325.0,0.003877
edgeuser1,325.0,0.001553
Switch: edgeedge1,325.0,0.001553
edgenode3,325.0,0.001929
Switch: edgecore,325.0,0.003877
edgenode4,325.0,0.001844496
edgenode1,325.0,0.001948
edgenode2,325.0,0.001862
netcloudhost2,325.0,0.0
netcloudhost3,325.0,0.0
Switch: netcloudedge1,325.0,0.0
netcloudhost4,325.0,0.0
Switch: netcloudedge2,325.0,0.0
netcloudhost1,325.0,0.0
Switch: netcloudcore,325.0,0.0
Switch: internetgw,325.0,0.0
Switch: inter2,325.0,0.0
Switch: netcloudgw,325.0,0.0
Switch: edgegw,325.0,0.003877
Switch: edge2gw,325.0,0.0
internethost,325.0,0.0
Switch: internetedge,325.0,0.0
Switch: internetcore,325.0,0.0
Switch: edge2core,330.0,0.0
Switch: edge2edge1,330.0,0.0
edgeuser3,330.0,0.0
Switch: edgeedge2,330.0,0.001991488
edgeuser2,330.0,0.001991488
Switch: edgeedge3,330.0,0.003789504
edgeuser1,330.0,0.001287
Switch: edgeedge1,330.0,0.001287
edgenode3,330.0,0.001902
Switch: edgecore,330.0,0.003789504
edgenode4,330.0,0.001809
edgenode1,330.0,0.001887504
edgenode2,330.0,0.00185
netcloudhost2,330.0,0.0
netcloudhost3,330.0,0.0
Switch: netcloudedge1,330.0,0.0
netcloudhost4,330.0,0.0
Switch: netcloudedge2,330.0,0.0
netcloudhost1,330.0,0.0
Switch: netcloudcore,330.0,0.0
Switch: internetgw,330.0,0.0
Switch: inter2,330.0,0.0
Switch: netcloudgw,330.0,0.0
Switch: edgegw,330.0,0.003789504
Switch: edge2gw,330.0,0.0
internethost,330.0,0.0
Switch: internetedge,330.0,0.0
Switch: internetcore,330.0,0.0
Switch: edge2core,335.0,0.0
Switch: edge2edge1,335.0,0.0
edgeuser3,335.0,0.0
Switch: edgeedge2,335.0,0.0017
edgeuser2,335.0,0.0017
Switch: edgeedge3,335.0,0.002998
edgeuser1,335.0,0.00156
Switch: edgeedge1,335.0,0.00156
edgenode3,335.0,0.001498
Switch: edgecore,335.0,0.002998
edgenode4,335.0,0.001591
edgenode1,335.0,0.0015
edgenode2,335.0,0.001568
netcloudhost2,335.0,0.0
netcloudhost3,335.0,0.0
Switch: netcloudedge1,335.0,0.0
netcloudhost4,335.0,0.0
Switch: netcloudedge2,335.0,0.0
netcloudhost1,335.0,0.0
Switch: netcloudcore,335.0,0.0
Switch: internetgw,335.0,0.0
Switch: inter2,335.0,0.0
Switch: netcloudgw,335.0,0.0
Switch: edgegw,335.0,0.002998
Switch: edge2gw,335.0,0.0
internethost,335.0,0.0
Switch: internetedge,335.0,0.0
Switch: internetcore,335.0,0.0
Switch: edge2core,340.0,0.0
Switch: edge2edge1,340.0,0.0
edgeuser3,340.0,0.0
Switch: edgeedge2,340.0,0.001621992
edgeuser2,340.0,0.001621992
Switch: edgeedge3,340.0,0.003649496
edgeuser1,340.0,0.001928496
Switch: edgeedge1,340.0,0.001928496
edgenode3,340.0,0.001829496
Switch: edgecore,340.0,0.003649496
edgenode4,340.0,0.001752504
edgenode1,340.0,0.00182
edgenode2,340.0,0.00176
netcloudhost2,340.0,0.0
netcloudhost3,340.0,0.0
Switch: netcloudedge1,340.0,0.0
netcloudhost4,340.0,0.0
Switch: netcloudedge2,340.0,0.0
netcloudhost1,340.0,0.0
Switch: netcloudcore,340.0,0.0
Switch: internetgw,340.0,0.0
Switch: inter2,340.0,0.0
Switch: netcloudgw,340.0,0.0
Switch: edgegw,340.0,0.003649496
Switch: edge2gw,340.0,0.0
internethost,340.0,0.0
Switch: internetedge,340.0,0.0
Switch: internetcore,340.0,0.0
Switch: edge2core,345.0,0.0
Switch: edge2edge1,345.0,0.0
edgeuser3,345.0,0.0
Switch: edgeedge2,345.0,0.001469496
edgeuser2,345.0,0.001469496
Switch: edgeedge3,345.0,0.003494512
edgeuser1,345.0,0.001779992
Switch: edgeedge1,345.0,0.001779992
edgenode3,345.0,0.001778008
Switch: edgecore,345.0,0.003494512
edgenode4,345.0,0.001794
edgenode1,345.0,0.001716504
edgenode2,345.0,0.0018
netcloudhost2,345.0,0.0
netcloudhost3,345.0,0.0
Switch: netcloudedge1,345.0,0.0
netcloudhost4,345.0,0.0
Switch: netcloudedge2,345.0,0.0
netcloudhost1,345.0,0.0
Switch: netcloudcore,345.0,0.0
Switch: internetgw,345.0,0.0
Switch: inter2,345.0,0.0
Switch: netcloudgw,345.0,0.0
Switch: edgegw,345.0,0.003494512
Switch: edge2gw,345.0,0.0
internethost,345.0,0.0
Switch: internetedge,345.0,0.0
Switch: internetcore,345.0,0.0
Switch: edge2core,350.0,0.0
Switch: edge2edge1,350.0,0.0
edgeuser3,350.0,0.0
Switch: edgeedge2,350.0,0.001592504
edgeuser2,350.0,0.001592504
Switch: edgeedge3,350.0,0.003398496
edgeuser1,350.0,0.001599496
Switch: edgeedge1,350.0,0.001599496
edgenode3,350.0,0.001698496
Switch: edgecore,350.0,0.003398496
edgenode4,350.0,0.00165
edgenode1,350.0,0.0017
edgenode2,350.0,0.001607504
netcloudhost2,350.0,0.0
netcloudhost3,350.0,0.0
Switch: netcloudedge1,350.0,0.0
netcloudhost4,350.0,0.0
Switch: netcloudedge2,350.0,0.0
netcloudhost1,350.0,0.0
Switch: netcloudcore,350.0,0.0
Switch: internetgw,350.0,0.0
Switch: inter2,350.0,0.0
Switch: netcloudgw,350.0,0.0
Switch: edgegw,350.0,0.003398496
Switch: edge2gw,350.0,0.0
internethost,350.0,0.0
Switch: internetedge,350.0,0.0
Switch: internetcore,350.0,0.0
Switch: edge2core,355.0,0.0
Switch: edge2edge1,355.0,0.0
edgeuser3,355.0,0.0
Switch: edgeedge2,355.0,0.001761
edgeuser2,355.0,0.001761
Switch: edgeedge3,355.0,0.003198
edgeuser1,355.0,0.001652
Switch: edgeedge1,355.0,0.001652
edgenode3,355.0,0.0016
Switch: edgecore,355.0,0.003198
edgenode4,355.0,0.0016
edgenode1,355.0,0.001598
edgenode2,355.0,0.001586504
netcloudhost2,355.0,0.0
netcloudhost3,355.0,0.0
Switch: netcloudedge1,355.0,0.0
netcloudhost4,355.0,0.0
Switch: netcloudedge2,355.0,0.0
netcloudhost1,355.0,0.0
Switch: netcloudcore,355.0,0.0
Switch: internetgw,355.0,0.0
Switch: inter2,355.0,0.0
Switch: netcloudgw,355.0,0.0
Switch: edgegw,355.0,0.003198
Switch: edge2gw,355.0,0.0
internethost,355.0,0.0
Switch: internetedge,355.0,0.0
Switch: internetcore,355.0,0.0
Switch: edge2core,360.0,0.0
Switch: edge2edge1,360.0,0.0
edgeuser3,360.0,0.0
Switch: edgeedge2,360.0,0.001730008
edgeuser2,360.0,0.001730008
Switch: edgeedge3,360.0,0.00365
edgeuser1,360.0,0.001519992
Switch: edgeedge1,360.0,0.001519992
edgenode3,360.0,0.00185
Switch: edgecore,360.0,0.00365
edgenode4,360.0,0.0018
edgenode1,360.0,0.0018
edgenode2,360.0,0.0018
netcloudhost2,360.0,0.0
netcloudhost3,360.0,0.0
Switch: netcloudedge1,360.0,0.0
netcloudhost4,360.0,0.0
Switch: netcloudedge2,360.0,0.0
netcloudhost1,360.0,0.0
Switch: netcloudcore,360.0,0.0
Switch: internetgw,360.0,0.0
Switch: inter2,360.0,0.0
Switch: netcloudgw,360.0,0.0
Switch: edgegw,360.0,0.00365
Switch: edge2gw,360.0,0.0
internethost,360.0,0.0
Switch: internetedge,360.0,0.0
Switch: internetcore,360.0,0.0
Switch: edge2core,365.0,0.0
Switch: edge2edge1,365.0,0.0
edgeuser3,365.0,0.0
Switch: edgeedge2,365.0,0.0012
edgeuser2,365.0,0.0012
Switch: edgeedge3,365.0,0.001992
edgeuser1,365.0,5.19496E-4
Switch: edgeedge1,365.0,5.19496E-4
edgenode3,365.0,0.001
Switch: edgecore,365.0,0.001992
edgenode4,365.0,9.5E-4
edgenode1,365.0,9.92E-4
edgenode2,365.0,9.38496E-4
netcloudhost2,365.0,0.0
netcloudhost3,365.0,0.0
Switch: netcloudedge1,365.0,0.0
netcloudhost4,365.0,0.0
Switch: netcloudedge2,365.0,0.0
netcloudhost1,365.0,0.0
Switch: netcloudcore,365.0,0.0
Switch: internetgw,365.0,0.0
Switch: inter2,365.0,0.0
Switch: netcloudgw,365.0,0.0
Switch: edgegw,365.0,0.001992
Switch: edge2gw,365.0,0.0
internethost,365.0,0.0
Switch: internetedge,365.0,0.0
Switch: internetcore,365.0,0.0
Switch: edge2core,370.0,0.0
Switch: edge2edge1,370.0,0.0
edgeuser3,370.0,0.0
Switch: edgeedge2,370.0,0.001904
edgeuser2,370.0,0.001904
Switch: edgeedge3,370.0,0.003622504
edgeuser1,370.0,0.00233
Switch: edgeedge1,370.0,0.00233
edgenode3,370.0,0.001789504
Switch: edgecore,370.0,0.003622504
edgenode4,370.0,0.00205
edgenode1,370.0,0.001833
edgenode2,370.0,0.002028504
netcloudhost2,370.0,0.0
netcloudhost3,370.0,0.0
Switch: netcloudedge1,370.0,0.0
netcloudhost4,370.0,0.0
Switch: netcloudedge2,370.0,0.0
netcloudhost1,370.0,0.0
Switch: netcloudcore,370.0,0.0
Switch: internetgw,370.0,0.0
Switch: inter2,370.0,0.0
Switch: netcloudgw,370.0,0.0
Switch: edgegw,370.0,0.003622504
Switch: edge2gw,370.0,0.0
internethost,370.0,0.0
Switch: internetedge,370.0,0.0
Switch: internetcore,370.0,0.0
Switch: edge2core,375.0,0.0
Switch: edge2edge1,375.0,0.0
edgeuser3,375.0,0.0
Switch: edgeedge2,375.0,0.001515504
edgeuser2,375.0,0.001515504
Switch: edgeedge3,375.0,0.003348496
edgeuser1,375.0,0.001635
Switch: edgeedge1,375.0,0.001635
edgenode3,375.0,0.001698496
Switch: edgecore,375.0,0.003348496
edgenode4,375.0,0.00165
edgenode1,375.0,0.00165
edgenode2,375.0,0.001565
netcloudhost2,375.0,0.0
netcloudhost3,375.0,0.0
Switch: netcloudedge1,375.0,0.0
netcloudhost4,375.0,0.0
Switch: netcloudedge2,375.0,0.0
netcloudhost1,375.0,0.0
Switch: netcloudcore,375.0,0.0
Switch: internetgw,375.0,0.0
Switch: inter2,375.0,0.0
Switch: netcloudgw,375.0,0.0
Switch: edgegw,375.0,0.003348496
Switch: edge2gw,375.0,0.0
internethost,375.0,0.0
Switch: internetedge,375.0,0.0
Switch: internetcore,375.0,0.0
Switch: edge2core,380.0,0.0
Switch: edge2edge1,380.0,0.0
edgeuser3,380.0,0.0
Switch: edgeedge2,380.0,0.001899
edgeuser2,380.0,0.001899
Switch: edgeedge3,380.0,0.003651
edgeuser1,380.0,0.001343504
Switch: edgeedge1,380.0,0.001343504
edgenode3,380.0,0.001796504
Switch: edgecore,380.0,0.003651
edgenode4,380.0,0.001727
edgenode1,380.0,0.001854496
edgenode2,380.0,0.0018
netcloudhost2,380.0,0.0
netcloudhost3,380.0,0.0
Switch: netcloudedge1,380.0,0.0
netcloudhost4,380.0,0.0
Switch: netcloudedge2,380.0,0.0
netcloudhost1,380.0,0.0
Switch: netcloudcore,380.0,0.0
Switch: internetgw,380.0,0.0
Switch: inter2,380.0,0.0
Switch: netcloudgw,380.0,0.0
Switch: edgegw,380.0,0.003651
Switch: edge2gw,380.0,0.0
internethost,380.0,0.0
Switch: internetedge,380.0,0.0
Switch: internetcore,380.0,0.0
Switch: edge2core,385.0,0.0
Switch: edge2edge1,385.0,0.0
edgeuser3,385.0,0.0
Switch: edgeedge2,385.0,0.00165
edgeuser2,385.0,0.00165
Switch: edgeedge3,385.0,0.0035
edgeuser1,385.0,0.00185
Switch: edgeedge1,385.0,0.00185
edgenode3,385.0,0.00175
Switch: edgecore,385.0,0.0035
edgenode4,385.0,0.0017
edgenode1,385.0,0.00175
edgenode2,385.0,0.0017
netcloudhost2,385.0,0.0
netcloudhost3,385.0,0.0
Switch: netcloudedge1,385.0,0.0
netcloudhost4,385.0,0.0
Switch: netcloudedge2,385.0,0.0
netcloudhost1,385.0,0.0
Switch: netcloudcore,385.0,0.0
Switch: internetgw,385.0,0.0
Switch: inter2,385.0,0.0
Switch: netcloudgw,385.0,0.0
Switch: edgegw,385.0,0.0035
Switch: edge2gw,385.0,0.0
internethost,385.0,0.0
Switch: internetedge,385.0,0.0
Switch: internetcore,385.0,0.0
Switch: edge2core,390.0,0.0
Switch: edge2edge1,390.0,0.0
edgeuser3,390.0,0.0
Switch: edgeedge2,390.0,0.00157
edgeuser2,390.0,0.00157
Switch: edgeedge3,390.0,0.003197512
edgeuser1,390.0,0.001467496
Switch: edgeedge1,390.0,0.001467496
edgenode3,390.0,0.001615008
Switch: edgecore,390.0,0.003197512
edgenode4,390.0,0.001682504
edgenode1,390.0,0.001582504
edgenode2,390.0,0.00167
netcloudhost2,390.0,0.0
netcloudhost3,390.0,0.0
Switch: netcloudedge1,390.0,0.0
netcloudhost4,390.0,0.0
Switch: netcloudedge2,390.0,0.0
netcloudhost1,390.0,0.0
Switch: netcloudcore,390.0,0.0
Switch: internetgw,390.0,0.0
Switch: inter2,390.0,0.0
Switch: netcloudgw,390.0,0.0
Switch: edgegw,390.0,0.003197512
Switch: edge2gw,390.0,0.0
internethost,390.0,0.0
Switch: internetedge,390.0,0.0
Switch: internetcore,390.0,0.0
Switch: edge2core,395.0,0.0
Switch: edge2edge1,395.0,0.0
edgeuser3,395.0,0.0
Switch: edgeedge2,395.0,0.001722496
edgeuser2,395.0,0.001722496
Switch: edgeedge3,395.0,0.003129
edgeuser1,395.0,0.001442
Switch: edgeedge1,395.0,0.001442
edgenode3,395.0,0.0016
Switch: edgecore,395.0,0.003129
edgenode4,395.0,0.001606504
edgenode1,395.0,0.001529
edgenode2,395.0,0.00157
netcloudhost2,395.0,0.0
netcloudhost3,395.0,0.0
Switch: netcloudedge1,395.0,0.0
netcloudhost4,395.0,0.0
Switch: netcloudedge2,395.0,0.0
netcloudhost1,395.0,0.0
Switch: netcloudcore,395.0,0.0
Switch: internetgw,395.0,0.0
Switch: inter2,395.0,0.0
Switch: netcloudgw,395.0,0.0
Switch: edgegw,395.0,0.003129
Switch: edge2gw,395.0,0.0
internethost,395.0,0.0
Switch: internetedge,395.0,0.0
Switch: internetcore,395.0,0.0
Switch: edge2core,400.0,0.0
Switch: edge2edge1,400.0,0.0
edgeuser3,400.0,0.0
Switch: edgeedge2,400.0,0.001637496
edgeuser2,400.0,0.001637496
Switch: edgeedge3,400.0,0.003391
edgeuser1,400.0,0.001605496
Switch: edgeedge1,400.0,0.001605496
edgenode3,400.0,0.0017
Switch: edgecore,400.0,0.003391
edgenode4,400.0,0.0016
edgenode1,400.0,0.001691
edgenode2,400.0,0.0016
netcloudhost2,400.0,0.0
netcloudhost3,400.0,0.0
Switch: netcloudedge1,400.0,0.0
netcloudhost4,400.0,0.0
Switch: netcloudedge2,400.0,0.0
netcloudhost1,400.0,0.0
Switch: netcloudcore,400.0,0.0
Switch: internetgw,400.0,0.0
Switch: inter2,400.0,0.0
Switch: netcloudgw,400.0,0.0
Switch: edgegw,400.0,0.003391
Switch: edge2gw,400.0,0.0
internethost,400.0,0.0
Switch: internetedge,400.0,0.0
Switch: internetcore,400.0,0.0
Switch: edge2core,405.0,0.0
Switch: edge2edge1,405.0,0.0
edgeuser3,405.0,0.0
Switch: edgeedge2,405.0,0.001626504
edgeuser2,405.0,0.001626504
Switch: edgeedge3,405.0,0.003337992
edgeuser1,405.0,0.001746
Switch: edgeedge1,405.0,0.001746
edgenode3,405.0,0.0017
Switch: edgecore,405.0,0.003337992
edgenode4,405.0,0.001688496
edgenode1,405.0,0.001637992
edgenode2,405.0,0.001679488
netcloudhost2,405.0,0.0
netcloudhost3,405.0,0.0
Switch: netcloudedge1,405.0,0.0
netcloudhost4,405.0,0.0
Switch: netcloudedge2,405.0,0.0
netcloudhost1,405.0,0.0
Switch: netcloudcore,405.0,0.0
Switch: internetgw,405.0,0.0
Switch: inter2,405.0,0.0
Switch: netcloudgw,405.0,0.0
Switch: edgegw,405.0,0.003337992
Switch: edge2gw,405.0,0.0
internethost,405.0,0.0
Switch: internetedge,405.0,0.0
Switch: internetcore,405.0,0.0
Switch: edge2core,410.0,0.0
Switch: edge2edge1,410.0,0.0
edgeuser3,410.0,0.0
Switch: edgeedge2,410.0,0.0016
edgeuser2,410.0,0.0016
Switch: edgeedge3,410.0,0.003409504
edgeuser1,410.0,0.001874496
Switch: edgeedge1,410.0,0.001874496
edgenode3,410.0,0.0017
Switch: edgecore,410.0,0.003409504
edgenode4,410.0,0.00175
edgenode1,410.0,0.001709504
edgenode2,410.0,0.001716
netcloudhost2,410.0,0.0
netcloudhost3,410.0,0.0
Switch: netcloudedge1,410.0,0.0
netcloudhost4,410.0,0.0
Switch: netcloudedge2,410.0,0.0
netcloudhost1,410.0,0.0
Switch: netcloudcore,410.0,0.0
Switch: internetgw,410.0,0.0
Switch: inter2,410.0,0.0
Switch: netcloudgw,410.0,0.0
Switch: edgegw,410.0,0.003409504
Switch: edge2gw,410.0,0.0
internethost,410.0,0.0
Switch: internetedge,410.0,0.0
Switch: internetcore,410.0,0.0
Switch: edge2core,415.0,0.0
Switch: edge2edge1,415.0,0.0
edgeuser3,415.0,0.0
Switch: edgeedge2,415.0,0.002168496
edgeuser2,415.0,0.002168496
Switch: edgeedge3,415.0,0.00345
edgeuser1,415.0,0.001131504
Switch: edgeedge1,415.0,0.001131504
edgenode3,415.0,0.00175
Switch: edgecore,415.0,0.00345
edgenode4,415.0,0.0017
edgenode1,415.0,0.0017
edgenode2,415.0,0.001651
netcloudhost2,415.0,0.0
netcloudhost3,415.0,0.0
Switch: netcloudedge1,415.0,0.0
netcloudhost4,415.0,0.0
Switch: netcloudedge2,415.0,0.0
netcloudhost1,415.0,0.0
Switch: netcloudcore,415.0,0.0
Switch: internetgw,415.0,0.0
Switch: inter2,415.0,0.0
Switch: netcloudgw,415.0,0.0
Switch: edgegw,415.0,0.00345
Switch: edge2gw,415.0,0.0
internethost,415.0,0.0
Switch: internetedge,415.0,0.0
Switch: internetcore,415.0,0.0
Switch: edge2core,420.0,0.0
Switch: edge2edge1,420.0,0.0
edgeuser3,420.0,0.0
Switch: edgeedge2,420.0,0.001485496
edgeuser2,420.0,0.001485496
Switch: edgeedge3,420.0,0.002600992
edgeuser1,420.0,0.002076008
Switch: edgeedge1,420.0,0.002076008
edgenode3,420.0,0.001275496
Switch: edgecore,420.0,0.002600992
edgenode4,420.0,0.001442504
edgenode1,420.0,0.001325496
edgenode2,420.0,0.001564
netcloudhost2,420.0,0.0
netcloudhost3,420.0,0.0
Switch: netcloudedge1,420.0,0.0
netcloudhost4,420.0,0.0
Switch: netcloudedge2,420.0,0.0
netcloudhost1,420.0,0.0
Switch: netcloudcore,420.0,0.0
Switch: internetgw,420.0,0.0
Switch: inter2,420.0,0.0
Switch: netcloudgw,420.0,0.0
Switch: edgegw,420.0,0.002600992
Switch: edge2gw,420.0,0.0
internethost,420.0,0.0
Switch: internetedge,420.0,0.0
Switch: internetcore,420.0,0.0
Switch: edge2core,425.0,0.0
Switch: edge2edge1,425.0,0.0
edgeuser3,425.0,0.0
Switch: edgeedge2,425.0,0.001662504
edgeuser2,425.0,0.001662504
Switch: edgeedge3,425.0,0.003874
edgeuser1,425.0,0.001549496
Switch: edgeedge1,425.0,0.001549496
edgenode3,425.0,0.001966
Switch: edgecore,425.0,0.003874
edgenode4,425.0,0.00208
edgenode1,425.0,0.001908
edgenode2,425.0,0.0021
netcloudhost2,425.0,0.0
netcloudhost3,425.0,0.0
Switch: netcloudedge1,425.0,0.0
netcloudhost4,425.0,0.0
Switch: netcloudedge2,425.0,0.0
netcloudhost1,425.0,0.0
Switch: netcloudcore,425.0,0.0
Switch: internetgw,425.0,0.0
Switch: inter2,425.0,0.0
Switch: netcloudgw,425.0,0.0
Switch: edgegw,425.0,0.003874
Switch: edge2gw,425.0,0.0
internethost,425.0,0.0
Switch: internetedge,425.0,0.0
Switch: internetcore,425.0,0.0
Switch: edge2core,430.0,0.0
Switch: edge2edge1,430.0,0.0
edgeuser3,430.0,0.0
Switch: edgeedge2,430.0,0.001665992
edgeuser2,430.0,0.001665992
Switch: edgeedge3,430.0,0.00325
edgeuser1,430.0,0.0014
Switch: edgeedge1,430.0,0.0014
edgenode3,430.0,0.00165
Switch: edgecore,430.0,0.00325
edgenode4,430.0,0.001379504
edgenode1,430.0,0.0016
edgenode2,430.0,0.00135
netcloudhost2,430.0,0.0
netcloudhost3,430.0,0.0
Switch: netcloudedge1,430.0,0.0
netcloudhost4,430.0,0.0
Switch: netcloudedge2,430.0,0.0
netcloudhost1,430.0,0.0
Switch: netcloudcore,430.0,0.0
Switch: internetgw,430.0,0.0
Switch: inter2,430.0,0.0
Switch: netcloudgw,430.0,0.0
Switch: edgegw,430.0,0.00325
Switch: edge2gw,430.0,0.0
internethost,430.0,0.0
Switch: internetedge,430.0,0.0
Switch: internetcore,430.0,0.0
Switch: edge2core,435.0,0.0
Switch: edge2edge1,435.0,0.0
edgeuser3,435.0,0.0
Switch: edgeedge2,435.0,0.001697496
edgeuser2,435.0,0.001697496
Switch: edgeedge3,435.0,0.004
edgeuser1,435.0,0.00194
Switch: edgeedge1,435.0,0.00194
edgenode3,435.0,0.002
Switch: edgecore,435.0,0.004
edgenode4,435.0,0.001918
edgenode1,435.0,0.002
edgenode2,435.0,0.001949504
netcloudhost2,435.0,0.0
netcloudhost3,435.0,0.0
Switch: netcloudedge1,435.0,0.0
netcloudhost4,435.0,0.0
Switch: netcloudedge2,435.0,0.0
netcloudhost1,435.0,0.0
Switch: netcloudcore,435.0,0.0
Switch: internetgw,435.0,0.0
Switch: inter2,435.0,0.0
Switch: netcloudgw,435.0,0.0
Switch: edgegw,435.0,0.004
Switch: edge2gw,435.0,0.0
internethost,435.0,0.0
Switch: internetedge,435.0,0.0
Switch: internetcore,435.0,0.0
Switch: edge2core,440.0,0.0
Switch: edge2edge1,440.0,0.0
edgeuser3,440.0,0.0
Switch: edgeedge2,440.0,0.001711
edgeuser2,440.0,0.001711
Switch: edgeedge3,440.0,0.003629008
edgeuser1,440.0,0.001945496
Switch: edgeedge1,440.0,0.001945496
edgenode3,440.0,0.001801504
Switch: edgecore,440.0,0.003629008
edgenode4,440.0,0.001848
edgenode1,440.0,0.001827504
edgenode2,440.0,0.001849
netcloudhost2,440.0,0.0
netcloudhost3,440.0,0.0
Switch: netcloudedge1,440.0,0.0
netcloudhost4,440.0,0.0
Switch: netcloudedge2,440.0,0.0
netcloudhost1,440.0,0.0
Switch: netcloudcore,440.0,0.0
Switch: internetgw,440.0,0.0
Switch: inter2,440.0,0.0
Switch: netcloudgw,440.0,0.0
Switch: edgegw,440.0,0.003629008
Switch: edge2gw,440.0,0.0
internethost,440.0,0.0
Switch: internetedge,440.0,0.0
Switch: internetcore,440.0,0.0
Switch: edge2core,445.0,0.0
Switch: edge2edge1,445.0,0.0
edgeuser3,445.0,0.0
Switch: edgeedge2,445.0,0.001415488
edgeuser2,445.0,0.001415488
Switch: edgeedge3,445.0,0.002965496
edgeuser1,445.0,0.0016
Switch: edgeedge1,445.0,0.0016
edgenode3,445.0,0.001465496
Switch: edgecore,445.0,0.002965496
edgenode4,445.0,0.00148
edgenode1,445.0,0.0015
edgenode2,445.0,0.00142
netcloudhost2,445.0,0.0
netcloudhost3,445.0,0.0
Switch: netcloudedge1,445.0,0.0
netcloudhost4,445.0,0.0
Switch: netcloudedge2,445.0,0.0
netcloudhost1,445.0,0.0
Switch: netcloudcore,445.0,0.0
Switch: internetgw,445.0,0.0
Switch: inter2,445.0,0.0
Switch: netcloudgw,445.0,0.0
Switch: edgegw,445.0,0.002965496
Switch: edge2gw,445.0,0.0
internethost,445.0,0.0
Switch: internetedge,445.0,0.0
Switch: internetcore,445.0,0.0
Switch: edge2core,450.0,0.0
Switch: edge2edge1,450.0,0.0
edgeuser3,450.0,0.0
Switch: edgeedge2,450.0,0.002115008
edgeuser2,450.0,0.002115008
Switch: edgeedge3,450.0,0.003868992
edgeuser1,450.0,0.001320496
Switch: edgeedge1,450.0,0.001320496
edgenode3,450.0,0.00195
Switch: edgecore,450.0,0.003868992
edgenode4,450.0,0.0019
edgenode1,450.0,0.001918992
edgenode2,450.0,0.00195
netcloudhost2,450.0,0.0
netcloudhost3,450.0,0.0
Switch: netcloudedge1,450.0,0.0
netcloudhost4,450.0,0.0
Switch: netcloudedge2,450.0,0.0
netcloudhost1,450.0,0.0
Switch: netcloudcore,450.0,0.0
Switch: internetgw,450.0,0.0
Switch: inter2,450.0,0.0
Switch: netcloudgw,450.0,0.0
Switch: edgegw,450.0,0.003868992
Switch: edge2gw,450.0,0.0
internethost,450.0,0.0
Switch: internetedge,450.0,0.0
Switch: internetcore,450.0,0.0
Switch: edge2core,455.0,0.0
Switch: edge2edge1,455.0,0.0
edgeuser3,455.0,0.0
Switch: edgeedge2,455.0,0.001558
edgeuser2,455.0,0.001558
Switch: edgeedge3,455.0,0.003647992
edgeuser1,455.0,0.002074496
Switch: edgeedge1,455.0,0.002074496
edgenode3,455.0,0.001815992
Switch: edgecore,455.0,0.003647992
edgenode4,455.0,0.001901504
edgenode1,455.0,0.001832
edgenode2,455.0,0.00195
netcloudhost2,455.0,0.0
netcloudhost3,455.0,0.0
Switch: netcloudedge1,455.0,0.0
netcloudhost4,455.0,0.0
Switch: netcloudedge2,455.0,0.0
netcloudhost1,455.0,0.0
Switch: netcloudcore,455.0,0.0
Switch: internetgw,455.0,0.0
Switch: inter2,455.0,0.0
Switch: netcloudgw,455.0,0.0
Switch: edgegw,455.0,0.003647992
Switch: edge2gw,455.0,0.0
internethost,455.0,0.0
Switch: internetedge,455.0,0.0
Switch: internetcore,455.0,0.0
Switch: edge2core,460.0,0.0
Switch: edge2edge1,460.0,0.0
edgeuser3,460.0,0.0
Switch: edgeedge2,460.0,0.001156992
edgeuser2,460.0,0.001156992
Switch: edgeedge3,460.0,0.003225504
edgeuser1,460.0,0.001871504
Switch: edgeedge1,460.0,0.001871504
edgenode3,460.0,0.0016
Switch: edgecore,460.0,0.003225504
edgenode4,460.0,0.00155
edgenode1,460.0,0.001625504
edgenode2,460.0,0.00155
netcloudhost2,460.0,0.0
netcloudhost3,460.0,0.0
Switch: netcloudedge1,460.0,0.0
netcloudhost4,460.0,0.0
Switch: netcloudedge2,460.0,0.0
netcloudhost1,460.0,0.0
Switch: netcloudcore,460.0,0.0
Switch: internetgw,460.0,0.0
Switch: inter2,460.0,0.0
Switch: netcloudgw,460.0,0.0
Switch: edgegw,460.0,0.003225504
Switch: edge2gw,460.0,0.0
internethost,460.0,0.0
Switch: internetedge,460.0,0.0
Switch: internetcore,460.0,0.0
Switch: edge2core,465.0,0.0
Switch: edge2edge1,465.0,0.0
edgeuser3,465.0,0.0
Switch: edgeedge2,465.0,0.001752496
edgeuser2,465.0,0.001752496
Switch: edgeedge3,465.0,0.003672992
edgeuser1,465.0,0.001996504
Switch: edgeedge1,465.0,0.001996504
edgenode3,465.0,0.001836496
Switch: edgecore,465.0,0.003672992
edgenode4,465.0,0.001864504
edgenode1,465.0,0.001836496
edgenode2,465.0,0.0019
netcloudhost2,465.0,0.0
netcloudhost3,465.0,0.0
Switch: netcloudedge1,465.0,0.0
netcloudhost4,465.0,0.0
Switch: netcloudedge2,465.0,0.0
netcloudhost1,465.0,0.0
Switch: netcloudcore,465.0,0.0
Switch: internetgw,465.0,0.0
Switch: inter2,465.0,0.0
Switch: netcloudgw,465.0,0.0
Switch: edgegw,465.0,0.003672992
Switch: edge2gw,465.0,0.0
internethost,465.0,0.0
Switch: internetedge,465.0,0.0
Switch: internetcore,465.0,0.0
Switch: edge2core,470.0,0.0
Switch: edge2edge1,470.0,0.0
edgeuser3,470.0,0.0
Switch: edgeedge2,470.0,0.002063
edgeuser2,470.0,0.002063
Switch: edgeedge3,470.0,0.003730504
edgeuser1,470.0,0.001800008
Switch: edgeedge1,470.0,0.001800008
edgenode3,470.0,0.0019
Switch: edgecore,470.0,0.003730504
edgenode4,470.0,0.002
edgenode1,470.0,0.001830504
edgenode2,470.0,0.00195
netcloudhost2,470.0,0.0
netcloudhost3,470.0,0.0
Switch: netcloudedge1,470.0,0.0
netcloudhost4,470.0,0.0
Switch: netcloudedge2,470.0,0.0
netcloudhost1,470.0,0.0
Switch: netcloudcore,470.0,0.0
Switch: internetgw,470.0,0.0
Switch: inter2,470.0,0.0
Switch: netcloudgw,470.0,0.0
Switch: edgegw,470.0,0.003730504
Switch: edge2gw,470.0,0.0
internethost,470.0,0.0
Switch: internetedge,470.0,0.0
Switch: internetcore,470.0,0.0
Switch: edge2core,475.0,0.0
Switch: edge2edge1,475.0,0.0
edgeuser3,475.0,0.0
Switch: edgeedge2,475.0,0.001549496
edgeuser2,475.0,0.001549496
Switch: edgeedge3,475.0,0.003623496
edgeuser1,475.0,0.001748496
Switch: edgeedge1,475.0,0.001748496
edgenode3,475.0,0.0018
Switch: edgecore,475.0,0.003623496
edgenode4,475.0,0.00165
edgenode1,475.0,0.001823496
edgenode2,475.0,0.001683008
netcloudhost2,475.0,0.0
netcloudhost3,475.0,0.0
Switch: netcloudedge1,475.0,0.0
netcloudhost4,475.0,0.0
Switch: netcloudedge2,475.0,0.0
netcloudhost1,475.0,0.0
Switch: netcloudcore,475.0,0.0
Switch: internetgw,475.0,0.0
Switch: inter2,475.0,0.0
Switch: netcloudgw,475.0,0.0
Switch: edgegw,475.0,0.003623496
Switch: edge2gw,475.0,0.0
internethost,475.0,0.0
Switch: internetedge,475.0,0.0
Switch: internetcore,475.0,0.0
Switch: edge2core,480.0,0.0
Switch: edge2edge1,480.0,0.0
edgeuser3,480.0,0.0
Switch: edgeedge2,480.0,0.001397496
edgeuser2,480.0,0.001397496
Switch: edgeedge3,480.0,0.003542504
edgeuser1,480.0,0.00171
Switch: edgeedge1,480.0,0.00171
edgenode3,480.0,0.001766504
Switch: edgecore,480.0,0.003542504
edgenode4,480.0,0.00175
edgenode1,480.0,0.001776
edgenode2,480.0,0.00175
netcloudhost2,480.0,0.0
netcloudhost3,480.0,0.0
Switch: netcloudedge1,480.0,0.0
netcloudhost4,480.0,0.0
Switch: netcloudedge2,480.0,0.0
netcloudhost1,480.0,0.0
Switch: netcloudcore,480.0,0.0
Switch: internetgw,480.0,0.0
Switch: inter2,480.0,0.0
Switch: netcloudgw,480.0,0.0
Switch: edgegw,480.0,0.003542504
Switch: edge2gw,480.0,0.0
internethost,480.0,0.0
Switch: internetedge,480.0,0.0
Switch: internetcore,480.0,0.0
Switch: edge2core,485.0,0.0
Switch: edge2edge1,485.0,0.0
edgeuser3,485.0,0.0
Switch: edgeedge2,485.0,0.001834
edgeuser2,485.0,0.001834
Switch: edgeedge3,485.0,0.0028
edgeuser1,485.0,0.00195
Switch: edgeedge1,485.0,0.00195
edgenode3,485.0,0.0014
Switch: edgecore,485.0,0.0028
edgenode4,485.0,0.0017
edgenode1,485.0,0.0014
edgenode2,485.0,0.00165
netcloudhost2,485.0,0.0
netcloudhost3,485.0,0.0
Switch: netcloudedge1,485.0,0.0
netcloudhost4,485.0,0.0
Switch: netcloudedge2,485.0,0.0
netcloudhost1,485.0,0.0
Switch: netcloudcore,485.0,0.0
Switch: internetgw,485.0,0.0
Switch: inter2,485.0,0.0
Switch: netcloudgw,485.0,0.0
Switch: edgegw,485.0,0.0028
Switch: edge2gw,485.0,0.0
internethost,485.0,0.0
Switch: internetedge,485.0,0.0
Switch: internetcore,485.0,0.0
Switch: edge2core,490.0,0.0
Switch: edge2edge1,490.0,0.0
edgeuser3,490.0,0.0
Switch: edgeedge2,490.0,0.001465
edgeuser2,490.0,0.001465
Switch: edgeedge3,490.0,0.0039
edgeuser1,490.0,0.00167
Switch: edgeedge1,490.0,0.00167
edgenode3,490.0,0.00195
Switch: edgecore,490.0,0.0039
edgenode4,490.0,0.0017
edgenode1,490.0,0.00195
edgenode2,490.0,0.00173
netcloudhost2,490.0,0.0
netcloudhost3,490.0,0.0
Switch: netcloudedge1,490.0,0.0
netcloudhost4,490.0,0.0
Switch: netcloudedge2,490.0,0.0
netcloudhost1,490.0,0.0
Switch: netcloudcore,490.0,0.0
Switch: internetgw,490.0,0.0
Switch: inter2,490.0,0.0
Switch: netcloudgw,490.0,0.0
Switch: edgegw,490.0,0.0039
Switch: edge2gw,490.0,0.0
internethost,490.0,0.0
Switch: internetedge,490.0,0.0
Switch: internetcore,490.0,0.0
Switch: edge2core,495.0,0.0
Switch: edge2edge1,495.0,0.0
edgeuser3,495.0,0.0
Switch: edgeedge2,495.0,0.001627496
edgeuser2,495.0,0.001627496
Switch: edgeedge3,495.0,0.003158496
edgeuser1,495.0,0.001547496
Switch: edgeedge1,495.0,0.001547496
edgenode3,495.0,0.001558496
Switch: edgecore,495.0,0.003158496
edgenode4,495.0,0.001584
edgenode1,495.0,0.0016
edgenode2,495.0,0.00156
netcloudhost2,495.0,0.0
netcloudhost3,495.0,0.0
Switch: netcloudedge1,495.0,0.0
netcloudhost4,495.0,0.0
Switch: netcloudedge2,495.0,0.0
netcloudhost1,495.0,0.0
Switch: netcloudcore,495.0,0.0
Switch: internetgw,495.0,0.0
Switch: inter2,495.0,0.0
Switch: netcloudgw,495.0,0.0
Switch: edgegw,495.0,0.003158496
Switch: edge2gw,495.0,0.0
internethost,495.0,0.0
Switch: internetedge,495.0,0.0
Switch: internetcore,495.0,0.0
Switch: edge2core,500.0,0.0
Switch: edge2edge1,500.0,0.0
edgeuser3,500.0,0.0
Switch: edgeedge2,500.0,0.001555008
edgeuser2,500.0,0.001555008
Switch: edgeedge3,500.0,0.003588992
edgeuser1,500.0,0.001728488
Switch: edgeedge1,500.0,0.001728488
edgenode3,500.0,0.001819496
Switch: edgecore,500.0,0.003588992
edgenode4,500.0,0.001758504
edgenode1,500.0,0.001769496
edgenode2,500.0,0.0018
netcloudhost2,500.0,0.0
netcloudhost3,500.0,0.0
Switch: netcloudedge1,500.0,0.0
netcloudhost4,500.0,0.0
Switch: netcloudedge2,500.0,0.0
netcloudhost1,500.0,0.0
Switch: netcloudcore,500.0,0.0
Switch: internetgw,500.0,0.0
Switch: inter2,500.0,0.0
Switch: netcloudgw,500.0,0.0
Switch: edgegw,500.0,0.003588992
Switch: edge2gw,500.0,0.0
internethost,500.0,0.0
Switch: internetedge,500.0,0.0
Switch: internetcore,500.0,0.0
Switch: edge2core,505.0,0.0
Switch: edge2edge1,505.0,0.0
edgeuser3,505.0,0.0
Switch: edgeedge2,505.0,0.001713
edgeuser2,505.0,0.001713
Switch: edgeedge3,505.0,0.0027
edgeuser1,505.0,9.37E-4
Switch: edgeedge1,505.0,9.37E-4
edgenode3,505.0,0.00135
Switch: edgecore,505.0,0.0027
edgenode4,505.0,0.00127
edgenode1,505.0,0.00135
edgenode2,505.0,0.00128
netcloudhost2,505.0,0.0
netcloudhost3,505.0,0.0
Switch: netcloudedge1,505.0,0.0
netcloudhost4,505.0,0.0
Switch: netcloudedge2,505.0,0.0
netcloudhost1,505.0,0.0
Switch: netcloudcore,505.0,0.0
Switch: internetgw,505.0,0.0
Switch: inter2,505.0,0.0
Switch: netcloudgw,505.0,0.0
Switch: edgegw,505.0,0.0027
Switch: edge2gw,505.0,0.0
internethost,505.0,0.0
Switch: internetedge,505.0,0.0
Switch: internetcore,505.0,0.0
Switch: edge2core,510.0,0.0
Switch: edge2edge1,510.0,0.0
edgeuser3,510.0,0.0
Switch: edgeedge2,510.0,0.001426496
edgeuser2,510.0,0.001426496
Switch: edgeedge3,510.0,0.003065008
edgeuser1,510.0,0.002676496
Switch: edgeedge1,510.0,0.002676496
edgenode3,510.0,0.001511008
Switch: edgecore,510.0,0.003065008
edgenode4,510.0,0.00185
edgenode1,510.0,0.001554
edgenode2,510.0,0.001809504
netcloudhost2,510.0,0.0
netcloudhost3,510.0,0.0
Switch: netcloudedge1,510.0,0.0
netcloudhost4,510.0,0.0
Switch: netcloudedge2,510.0,0.0
netcloudhost1,510.0,0.0
Switch: netcloudcore,510.0,0.0
Switch: internetgw,510.0,0.0
Switch: inter2,510.0,0.0
Switch: netcloudgw,510.0,0.0
Switch: edgegw,510.0,0.003065008
Switch: edge2gw,510.0,0.0
internethost,510.0,0.0
Switch: internetedge,510.0,0.0
Switch: internetcore,510.0,0.0
Switch: edge2core,515.0,0.0
Switch: edge2edge1,515.0,0.0
edgeuser3,515.0,0.0
Switch: edgeedge2,515.0,0.0012
edgeuser2,515.0,0.0012
Switch: edgeedge3,515.0,0.003874
edgeuser1,515.0,0.001798504
Switch: edgeedge1,515.0,0.001798504
edgenode3,515.0,0.001924
Switch: edgecore,515.0,0.003874
edgenode4,515.0,0.0018
edgenode1,515.0,0.00195
edgenode2,515.0,0.001834496
netcloudhost2,515.0,0.0
netcloudhost3,515.0,0.0
Switch: netcloudedge1,515.0,0.0
netcloudhost4,515.0,0.0
Switch: netcloudedge2,515.0,0.0
netcloudhost1,515.0,0.0
Switch: netcloudcore,515.0,0.0
Switch: internetgw,515.0,0.0
Switch: inter2,515.0,0.0
Switch: netcloudgw,515.0,0.0
Switch: edgegw,515.0,0.003874
Switch: edge2gw,515.0,0.0
internethost,515.0,0.0
Switch: internetedge,515.0,0.0
Switch: internetcore,515.0,0.0
Switch: edge2core,520.0,0.0
Switch: edge2edge1,520.0,0.0
edgeuser3,520.0,0.0
Switch: edgeedge2,520.0,0.00145
edgeuser2,520.0,0.00145
Switch: edgeedge3,520.0,0.00295
edgeuser1,520.0,0.0012
Switch: edgeedge1,520.0,0.0012
edgenode3,520.0,0.00145
Switch: edgecore,520.0,0.00295
edgenode4,520.0,0.0013
edgenode1,520.0,0.0015
edgenode2,520.0,0.00125
netcloudhost2,520.0,0.0
netcloudhost3,520.0,0.0
Switch: netcloudedge1,520.0,0.0
netcloudhost4,520.0,0.0
Switch: netcloudedge2,520.0,0.0
netcloudhost1,520.0,0.0
Switch: netcloudcore,520.0,0.0
Switch: internetgw,520.0,0.0
Switch: inter2,520.0,0.0
Switch: netcloudgw,520.0,0.0
Switch: edgegw,520.0,0.00295
Switch: edge2gw,520.0,0.0
internethost,520.0,0.0
Switch: internetedge,520.0,0.0
Switch: internetcore,520.0,0.0
Switch: edge2core,525.0,0.0
Switch: edge2edge1,525.0,0.0
edgeuser3,525.0,0.0
Switch: edgeedge2,525.0,0.001835496
edgeuser2,525.0,0.001835496
Switch: edgeedge3,525.0,0.00324
edgeuser1,525.0,0.00155
Switch: edgeedge1,525.0,0.00155
edgenode3,525.0,0.00165
Switch: edgecore,525.0,0.00324
edgenode4,525.0,0.00175
edgenode1,525.0,0.00159
edgenode2,525.0,0.00175
netcloudhost2,525.0,0.0
netcloudhost3,525.0,0.0
Switch: netcloudedge1,525.0,0.0
netcloudhost4,525.0,0.0
Switch: netcloudedge2,525.0,0.0
netcloudhost1,525.0,0.0
Switch: netcloudcore,525.0,0.0
Switch: internetgw,525.0,0.0
Switch: inter2,525.0,0.0
Switch: netcloudgw,525.0,0.0
Switch: edgegw,525.0,0.00324
Switch: edge2gw,525.0,0.0
internethost,525.0,0.0
Switch: internetedge,525.0,0.0
Switch: internetcore,525.0,0.0
Switch: edge2core,530.0,0.0
Switch: edge2edge1,530.0,0.0
edgeuser3,530.0,0.0
Switch: edgeedge2,530.0,0.00165
edgeuser2,530.0,0.00165
Switch: edgeedge3,530.0,0.0033
edgeuser1,530.0,0.0014
Switch: edgeedge1,530.0,0.0014
edgenode3,530.0,0.00165
Switch: edgecore,530.0,0.0033
edgenode4,530.0,0.00155
edgenode1,530.0,0.00165
edgenode2,530.0,0.0016
netcloudhost2,530.0,0.0
netcloudhost3,530.0,0.0
Switch: netcloudedge1,530.0,0.0
netcloudhost4,530.0,0.0
Switch: netcloudedge2,530.0,0.0
netcloudhost1,530.0,0.0
Switch: netcloudcore,530.0,0.0
Switch: internetgw,530.0,0.0
Switch: inter2,530.0,0.0
Switch: netcloudgw,530.0,0.0
Switch: edgegw,530.0,0.0033
Switch: edge2gw,530.0,0.0
internethost,530.0,0.0
Switch: internetedge,530.0,0.0
Switch: internetcore,530.0,0.0
Switch: edge2core,535.0,0.0
Switch: edge2edge1,535.0,0.0
edgeuser3,535.0,0.0
Switch: edgeedge2,535.0,0.001778504
edgeuser2,535.0,0.001778504
Switch: edgeedge3,535.0,0.0023
edgeuser1,535.0,3.82496E-4
Switch: edgeedge1,535.0,3.82496E-4
edgenode3,535.0,0.00115
Switch: edgecore,535.0,0.0023
edgenode4,535.0,0.0011
edgenode1,535.0,0.00115
edgenode2,535.0,0.001067504
netcloudhost2,535.0,0.0
netcloudhost3,535.0,0.0
Switch: netcloudedge1,535.0,0.0
netcloudhost4,535.0,0.0
Switch: netcloudedge2,535.0,0.0
netcloudhost1,535.0,0.0
Switch: netcloudcore,535.0,0.0
Switch: internetgw,535.0,0.0
Switch: inter2,535.0,0.0
Switch: netcloudgw,535.0,0.0
Switch: edgegw,535.0,0.0023
Switch: edge2gw,535.0,0.0
internethost,535.0,0.0
Switch: internetedge,535.0,0.0
Switch: internetcore,535.0,0.0
Switch: edge2core,540.0,0.0
Switch: edge2edge1,540.0,0.0
edgeuser3,540.0,0.0
Switch: edgeedge2,540.0,0.001435496
edgeuser2,540.0,0.001435496
Switch: edgeedge3,540.0,0.00235
edgeuser1,540.0,0.00145
Switch: edgeedge1,540.0,0.00145
edgenode3,540.0,0.00115
Switch: edgecore,540.0,0.00235
edgenode4,540.0,0.001394504
edgenode1,540.0,0.0012
edgenode2,540.0,0.00136
netcloudhost2,540.0,0.0
netcloudhost3,540.0,0.0
Switch: netcloudedge1,540.0,0.0
netcloudhost4,540.0,0.0
Switch: netcloudedge2,540.0,0.0
netcloudhost1,540.0,0.0
Switch: netcloudcore,540.0,0.0
Switch: internetgw,540.0,0.0
Switch: inter2,540.0,0.0
Switch: netcloudgw,540.0,0.0
Switch: edgegw,540.0,0.00235
Switch: edge2gw,540.0,0.0
internethost,540.0,0.0
Switch: internetedge,540.0,0.0
Switch: internetcore,540.0,0.0
Switch: edge2core,545.0,0.0
Switch: edge2edge1,545.0,0.0
edgeuser3,545.0,0.0
Switch: edgeedge2,545.0,0.001376496
edgeuser2,545.0,0.001376496
Switch: edgeedge3,545.0,0.003924
edgeuser1,545.0,0.002968
Switch: edgeedge1,545.0,0.002968
edgenode3,545.0,0.001958
Switch: edgecore,545.0,0.003924
edgenode4,545.0,0.00218
edgenode1,545.0,0.001966
edgenode2,545.0,0.002201504
netcloudhost2,545.0,0.0
netcloudhost3,545.0,0.0
Switch: netcloudedge1,545.0,0.0
netcloudhost4,545.0,0.0
Switch: netcloudedge2,545.0,0.0
netcloudhost1,545.0,0.0
Switch: netcloudcore,545.0,0.0
Switch: internetgw,545.0,0.0
Switch: inter2,545.0,0.0
Switch: netcloudgw,545.0,0.0
Switch: edgegw,545.0,0.003924
Switch: edge2gw,545.0,0.0
internethost,545.0,0.0
Switch: internetedge,545.0,0.0
Switch: internetcore,545.0,0.0
Switch: edge2core,550.0,0.0
Switch: edge2edge1,550.0,0.0
edgeuser3,550.0,0.0
Switch: edgeedge2,550.0,0.00148
edgeuser2,550.0,0.00148
Switch: edgeedge3,550.0,0.0039
edgeuser1,550.0,0.001697
Switch: edgeedge1,550.0,0.001697
edgenode3,550.0,0.00195
Switch: edgecore,550.0,0.0039
edgenode4,550.0,0.001541496
edgenode1,550.0,0.00195
edgenode2,550.0,0.001491
netcloudhost2,550.0,0.0
netcloudhost3,550.0,0.0
Switch: netcloudedge1,550.0,0.0
netcloudhost4,550.0,0.0
Switch: netcloudedge2,550.0,0.0
netcloudhost1,550.0,0.0
Switch: netcloudcore,550.0,0.0
Switch: internetgw,550.0,0.0
Switch: inter2,550.0,0.0
Switch: netcloudgw,550.0,0.0
Switch: edgegw,550.0,0.0039
Switch: edge2gw,550.0,0.0
internethost,550.0,0.0
Switch: internetedge,550.0,0.0
Switch: internetcore,550.0,0.0
Switch: edge2core,555.0,0.0
Switch: edge2edge1,555.0,0.0
edgeuser3,555.0,0.0
Switch: edgeedge2,555.0,0.001589496
edgeuser2,555.0,0.001589496
Switch: edgeedge3,555.0,0.003155488
edgeuser1,555.0,0.001360504
Switch: edgeedge1,555.0,0.001360504
edgenode3,555.0,0.00156
Switch: edgecore,555.0,0.003155488
edgenode4,555.0,0.001518
edgenode1,555.0,0.001595488
edgenode2,555.0,0.001465
netcloudhost2,555.0,0.0
netcloudhost3,555.0,0.0
Switch: netcloudedge1,555.0,0.0
netcloudhost4,555.0,0.0
Switch: netcloudedge2,555.0,0.0
netcloudhost1,555.0,0.0
Switch: netcloudcore,555.0,0.0
Switch: internetgw,555.0,0.0
Switch: inter2,555.0,0.0
Switch: netcloudgw,555.0,0.0
Switch: edgegw,555.0,0.003155488
Switch: edge2gw,555.0,0.0
internethost,555.0,0.0
Switch: internetedge,555.0,0.0
Switch: internetcore,555.0,0.0
Switch: edge2core,560.0,0.0
Switch: edge2edge1,560.0,0.0
edgeuser3,560.0,0.0
Switch: edgeedge2,560.0,0.001730496
edgeuser2,560.0,0.001730496
Switch: edgeedge3,560.0,0.003135008
edgeuser1,560.0,0.00137
Switch: edgeedge1,560.0,0.00137
edgenode3,560.0,0.001567504
Switch: edgecore,560.0,0.003135008
edgenode4,560.0,0.001634
edgenode1,560.0,0.001567504
edgenode2,560.0,0.001665504
netcloudhost2,560.0,0.0
netcloudhost3,560.0,0.0
Switch: netcloudedge1,560.0,0.0
netcloudhost4,560.0,0.0
Switch: netcloudedge2,560.0,0.0
netcloudhost1,560.0,0.0
Switch: netcloudcore,560.0,0.0
Switch: internetgw,560.0,0.0
Switch: inter2,560.0,0.0
Switch: netcloudgw,560.0,0.0
Switch: edgegw,560.0,0.003135008
Switch: edge2gw,560.0,0.0
internethost,560.0,0.0
Switch: internetedge,560.0,0.0
Switch: internetcore,560.0,0.0
Switch: edge2core,565.0,0.0
Switch: edge2edge1,565.0,0.0
edgeuser3,565.0,0.0
Switch: edgeedge2,565.0,0.001803
edgeuser2,565.0,0.001803
Switch: edgeedge3,565.0,0.003427
edgeuser1,565.0,0.001743
Switch: edgeedge1,565.0,0.001743
edgenode3,565.0,0.001727
Switch: edgecore,565.0,0.003427
edgenode4,565.0,0.00175
edgenode1,565.0,0.0017
edgenode2,565.0,0.0017
netcloudhost2,565.0,0.0
netcloudhost3,565.0,0.0
Switch: netcloudedge1,565.0,0.0
netcloudhost4,565.0,0.0
Switch: netcloudedge2,565.0,0.0
netcloudhost1,565.0,0.0
Switch: netcloudcore,565.0,0.0
Switch: internetgw,565.0,0.0
Switch: inter2,565.0,0.0
Switch: netcloudgw,565.0,0.0
Switch: edgegw,565.0,0.003427
Switch: edge2gw,565.0,0.0
internethost,565.0,0.0
Switch: internetedge,565.0,0.0
Switch: internetcore,565.0,0.0
Switch: edge2core,570.0,0.0
Switch: edge2edge1,570.0,0.0
edgeuser3,570.0,0.0
Switch: edgeedge2,570.0,0.001558
edgeuser2,570.0,0.001558
Switch: edgeedge3,570.0,0.0032
edgeuser1,570.0,0.001392
Switch: edgeedge1,570.0,0.001392
edgenode3,570.0,0.0016
Switch: edgecore,570.0,0.0032
edgenode4,570.0,0.0016
edgenode1,570.0,0.0016
edgenode2,570.0,0.0016
netcloudhost2,570.0,0.0
netcloudhost3,570.0,0.0
Switch: netcloudedge1,570.0,0.0
netcloudhost4,570.0,0.0
Switch: netcloudedge2,570.0,0.0
netcloudhost1,570.0,0.0
Switch: netcloudcore,570.0,0.0
Switch: internetgw,570.0,0.0
Switch: inter2,570.0,0.0
Switch: netcloudgw,570.0,0.0
Switch: edgegw,570.0,0.0032
Switch: edge2gw,570.0,0.0
internethost,570.0,0.0
Switch: internetedge,570.0,0.0
Switch: internetcore,570.0,0.0
Switch: edge2core,575.0,0.0
Switch: edge2edge1,575.0,0.0
edgeuser3,575.0,0.0
Switch: edgeedge2,575.0,0.001658992
edgeuser2,575.0,0.001658992
Switch: edgeedge3,575.0,0.003030504
edgeuser1,575.0,0.001633504
Switch: edgeedge1,575.0,0.001633504
edgenode3,575.0,0.001486504
Switch: edgecore,575.0,0.003030504
edgenode4,575.0,0.00155
edgenode1,575.0,0.001544
edgenode2,575.0,0.0016
netcloudhost2,575.0,0.0
netcloudhost3,575.0,0.0
Switch: netcloudedge1,575.0,0.0
netcloudhost4,575.0,0.0
Switch: netcloudedge2,575.0,0.0
netcloudhost1,575.0,0.0
Switch: netcloudcore,575.0,0.0
Switch: internetgw,575.0,0.0
Switch: inter2,575.0,0.0
Switch: netcloudgw,575.0,0.0
Switch: edgegw,575.0,0.003030504
Switch: edge2gw,575.0,0.0
internethost,575.0,0.0
Switch: internetedge,575.0,0.0
Switch: internetcore,575.0,0.0
Switch: edge2core,580.0,0.0
Switch: edge2edge1,580.0,0.0
edgeuser3,580.0,0.0
Switch: edgeedge2,580.0,0.0013
edgeuser2,580.0,0.0013
Switch: edgeedge3,580.0,0.003293
edgeuser1,580.0,0.001607
Switch: edgeedge1,580.0,0.001607
edgenode3,580.0,0.001643
Switch: edgecore,580.0,0.003293
edgenode4,580.0,0.00155
edgenode1,580.0,0.00165
edgenode2,580.0,0.00155
netcloudhost2,580.0,0.0
netcloudhost3,580.0,0.0
Switch: netcloudedge1,580.0,0.0
netcloudhost4,580.0,0.0
Switch: netcloudedge2,580.0,0.0
netcloudhost1,580.0,0.0
Switch: netcloudcore,580.0,0.0
Switch: internetgw,580.0,0.0
Switch: inter2,580.0,0.0
Switch: netcloudgw,580.0,0.0
Switch: edgegw,580.0,0.003293
Switch: edge2gw,580.0,0.0
internethost,580.0,0.0
Switch: internetedge,580.0,0.0
Switch: internetcore,580.0,0.0
Switch: edge2core,585.0,0.0
Switch: edge2edge1,585.0,0.0
edgeuser3,585.0,0.0
Switch: edgeedge2,585.0,0.001487
edgeuser2,585.0,0.001487
Switch: edgeedge3,585.0,0.00294
edgeuser1,585.0,0.001627496
Switch: edgeedge1,585.0,0.001627496
edgenode3,585.0,0.0015
Switch: edgecore,585.0,0.00294
edgenode4,585.0,0.001568
edgenode1,585.0,0.00144
edgenode2,585.0,0.001483008
netcloudhost2,585.0,0.0
netcloudhost3,585.0,0.0
Switch: netcloudedge1,585.0,0.0
netcloudhost4,585.0,0.0
Switch: netcloudedge2,585.0,0.0
netcloudhost1,585.0,0.0
Switch: netcloudcore,585.0,0.0
Switch: internetgw,585.0,0.0
Switch: inter2,585.0,0.0
Switch: netcloudgw,585.0,0.0
Switch: edgegw,585.0,0.00294
Switch: edge2gw,585.0,0.0
internethost,585.0,0.0
Switch: internetedge,585.0,0.0
Switch: internetcore,585.0,0.0
Switch: edge2core,590.0,0.0
Switch: edge2edge1,590.0,0.0
edgeuser3,590.0,0.0
Switch: edgeedge2,590.0,0.001541496
edgeuser2,590.0,0.001541496
Switch: edgeedge3,590.0,0.003411504
edgeuser1,590.0,0.001691496
Switch: edgeedge1,590.0,0.001691496
edgenode3,590.0,0.001695504
Switch: edgecore,590.0,0.003411504
edgenode4,590.0,0.001597504
edgenode1,590.0,0.001716
edgenode2,590.0,0.001608
netcloudhost2,590.0,0.0
netcloudhost3,590.0,0.0
Switch: netcloudedge1,590.0,0.0
netcloudhost4,590.0,0.0
Switch: netcloudedge2,590.0,0.0
netcloudhost1,590.0,0.0
Switch: netcloudcore,590.0,0.0
Switch: internetgw,590.0,0.0
Switch: inter2,590.0,0.0
Switch: netcloudgw,590.0,0.0
Switch: edgegw,590.0,0.003411504
Switch: edge2gw,590.0,0.0
internethost,590.0,0.0
Switch: internetedge,590.0,0.0
Switch: internetcore,590.0,0.0
Switch: edge2core,595.0,0.0
Switch: edge2edge1,595.0,0.0
edgeuser3,595.0,0.0
Switch: edgeedge2,595.0,0.00165
edgeuser2,595.0,0.00165
Switch: edgeedge3,595.0,0.003032504
edgeuser1,595.0,0.00155
Switch: edgeedge1,595.0,0.00155
edgenode3,595.0,0.00154
Switch: edgecore,595.0,0.003032504
edgenode4,595.0,0.00155
edgenode1,595.0,0.001492504
edgenode2,595.0,0.00155
netcloudhost2,595.0,0.0
netcloudhost3,595.0,0.0
Switch: netcloudedge1,595.0,0.0
netcloudhost4,595.0,0.0
Switch: netcloudedge2,595.0,0.0
netcloudhost1,595.0,0.0
Switch: netcloudcore,595.0,0.0
Switch: internetgw,595.0,0.0
Switch: inter2,595.0,0.0
Switch: netcloudgw,595.0,0.0
Switch: edgegw,595.0,0.003032504
Switch: edge2gw,595.0,0.0
internethost,595.0,0.0
Switch: internetedge,595.0,0.0
Switch: internetcore,595.0,0.0
Switch: edge2core,600.0,0.0
Switch: edge2edge1,600.0,0.0
edgeuser3,600.0,0.0
Switch: edgeedge2,600.0,0.001469
edgeuser2,600.0,0.001469
Switch: edgeedge3,600.0,0.002891496
edgeuser1,600.0,0.001411
Switch: edgeedge1,600.0,0.001411
edgenode3,600.0,0.00145
Switch: edgecore,600.0,0.002891496
edgenode4,600.0,0.001498504
edgenode1,600.0,0.001441496
edgenode2,600.0,0.00148
netcloudhost2,600.0,0.0
netcloudhost3,600.0,0.0
Switch: netcloudedge1,600.0,0.0
netcloudhost4,600.0,0.0
Switch: netcloudedge2,600.0,0.0
netcloudhost1,600.0,0.0
Switch: netcloudcore,600.0,0.0
Switch: internetgw,600.0,0.0
Switch: inter2,600.0,0.0
Switch: netcloudgw,600.0,0.0
Switch: edgegw,600.0,0.002891496
Switch: edge2gw,600.0,0.0
internethost,600.0,0.0
Switch: internetedge,600.0,0.0
Switch: internetcore,600.0,0.0
Switch: edge2core,605.0,0.0
Switch: edge2edge1,605.0,0.0
edgeuser3,605.0,0.0
Switch: edgeedge2,605.0,3.5E-4
edgeuser2,605.0,3.5E-4
Switch: edgeedge3,605.0,9.97504E-4
edgeuser1,605.0,3.0E-4
Switch: edgeedge1,605.0,3.0E-4
edgenode3,605.0,4.97504E-4
Switch: edgecore,605.0,9.97504E-4
edgenode4,605.0,4.0E-4
edgenode1,605.0,5.0E-4
edgenode2,605.0,3.5E-4
netcloudhost2,605.0,0.0
netcloudhost3,605.0,0.0
Switch: netcloudedge1,605.0,0.0
netcloudhost4,605.0,0.0
Switch: netcloudedge2,605.0,0.0
netcloudhost1,605.0,0.0
Switch: netcloudcore,605.0,0.0
Switch: internetgw,605.0,0.0
Switch: inter2,605.0,0.0
Switch: netcloudgw,605.0,0.0
Switch: edgegw,605.0,9.97504E-4
Switch: edge2gw,605.0,0.0
internethost,605.0,0.0
Switch: internetedge,605.0,0.0
Switch: internetcore,605.0,0.0
