vnf1,5.0,118950.0
vnf2,5.0,90000.0
user2,5.0,111050.0
user1,5.0,165000.0
webserver,5.0,0.0
webserver2,5.0,0.0
vnf1,10.0,119250.0
vnf2,10.0,99100.0
user2,10.0,155000.0
user1,10.0,141650.0
webserver,10.0,0.0
webserver2,10.0,0.0
vnf1,15.0,123950.0
vnf2,15.0,95000.0
user2,15.0,168200.0
user1,15.0,153400.0
webserver,15.0,0.0
webserver2,15.0,0.0
vnf1,20.0,42500.0
vnf2,20.0,50000.0
vnf1-dup6,20.0,55000.0
vnf2-dup7,20.0,42500.0
user2,20.0,75000.0
user1,20.0,77500.0
webserver,20.0,0.0
webserver2,20.0,0.0
vnf1,25.0,14449.4
vnf1-dup8,25.0,36382.0
vnf2,25.0,33332.0
vnf2-dup9,25.0,29848.8
vnf1-dup6,25.0,41381.8
vnf2-dup7,25.0,33332.0
user2,25.0,46114.8
user1,25.0,65264.4
webserver,25.0,0.0
webserver2,25.0,0.0
vnf1,30.0,22112.6
vnf1-dup8,30.0,16250.0
vnf2,30.0,19250.0
vnf2-dup9,30.0,18750.0
vnf1-dup6,30.0,22500.0
vnf1-dup10,30.0,14500.0
vnf2-dup7,30.0,25000.0
vnf2-dup11,30.0,12500.0
user2,30.0,28562.6
user1,30.0,32887.4
webserver,30.0,0.0
webserver2,30.0,0.0
vnf1,35.0,29812.4
vnf1-dup8,35.0,17187.6
vnf2,35.0,25000.0
vnf2-dup9,35.0,20000.0
vnf1-dup6,35.0,17500.0
vnf1-dup10,35.0,16250.0
vnf2-dup7,35.0,24700.0
vnf2-dup11,35.0,17900.0
user2,35.0,39137.6
user1,35.0,22837.6
webserver,35.0,0.0
webserver2,35.0,0.0
vnf1,40.0,30562.6
vnf1-dup8,40.0,21250.0
vnf2,40.0,23850.0
vnf2-dup9,40.0,17725.0
vnf1-dup6,40.0,21425.0
vnf1-dup10,40.0,22500.0
vnf2-dup7,40.0,20000.0
vnf2-dup11,40.0,18575.0
user2,40.0,40262.4
user1,40.0,49350.0
webserver,40.0,0.0
webserver2,40.0,0.0
vnf1,45.0,31250.0
vnf1-dup8,45.0,22250.0
vnf2,45.0,23750.0
vnf2-dup9,45.0,22800.0
vnf1-dup6,45.0,21075.0
vnf1-dup10,45.0,22500.0
vnf2-dup7,45.0,24075.0
vnf2-dup11,45.0,22800.0
user2,45.0,30774.8
user1,45.0,55912.4
webserver,45.0,0.0
webserver2,45.0,0.0
vnf1,50.0,23412.6
vnf1-dup8,50.0,17775.0
vnf2,50.0,25000.0
vnf2-dup9,50.0,18750.0
vnf1-dup6,50.0,18750.0
vnf1-dup10,50.0,18462.6
vnf2-dup7,50.0,17500.0
vnf2-dup11,50.0,18750.0
user2,50.0,33700.0
user1,50.0,32337.4
webserver,50.0,0.0
webserver2,50.0,0.0
vnf1,55.0,21250.0
vnf1-dup8,55.0,20000.0
vnf2,55.0,25000.0
vnf2-dup9,55.0,21250.0
vnf1-dup6,55.0,20000.0
vnf1-dup10,55.0,19937.6
vnf2-dup7,55.0,22437.6
vnf2-dup11,55.0,21150.0
user2,55.0,36862.6
user1,55.0,41974.8
webserver,55.0,0.0
webserver2,55.0,0.0
vnf1,60.0,18750.0
vnf1-dup8,60.0,18750.0
vnf2,60.0,23725.0
vnf2-dup9,60.0,18750.0
vnf1-dup6,60.0,20000.0
vnf1-dup10,60.0,18750.0
vnf2-dup7,60.0,16662.6
vnf2-dup11,60.0,18750.0
user2,60.0,38362.4
user1,60.0,37500.0
webserver,60.0,0.0
webserver2,60.0,0.0
vnf1,65.0,21250.0
vnf1-dup8,65.0,21250.0
vnf2,65.0,25000.0
vnf2-dup9,65.0,21250.0
vnf1-dup6,65.0,21250.0
vnf1-dup10,65.0,21062.6
vnf2-dup7,65.0,22500.0
vnf2-dup11,65.0,20812.6
user2,65.0,46874.8
user1,65.0,38562.6
webserver,65.0,0.0
webserver2,65.0,0.0
vnf1,70.0,18750.0
vnf1-dup8,70.0,18275.0
vnf2,70.0,25000.0
vnf2-dup9,70.0,18975.0
vnf1-dup6,70.0,17500.0
vnf1-dup10,70.0,18750.0
vnf2-dup7,70.0,18750.0
vnf2-dup11,70.0,20000.0
user2,70.0,33687.6
user1,70.0,38750.0
webserver,70.0,0.0
webserver2,70.0,0.0
vnf1,75.0,20000.0
vnf1-dup8,75.0,19862.4
vnf2,75.0,22500.0
vnf2-dup9,75.0,20000.0
vnf1-dup6,75.0,20000.0
vnf1-dup10,75.0,20000.0
vnf2-dup7,75.0,20000.0
vnf2-dup11,75.0,20000.0
user2,75.0,36250.0
user1,75.0,45137.6
webserver,75.0,0.0
webserver2,75.0,0.0
vnf1,80.0,21250.0
vnf1-dup8,80.0,22500.0
vnf2,80.0,21250.0
vnf2-dup9,80.0,20500.0
vnf1-dup6,80.0,21487.4
vnf1-dup10,80.0,22500.0
vnf2-dup7,80.0,21250.0
vnf2-dup11,80.0,21250.0
user2,80.0,51250.0
user1,80.0,36762.6
webserver,80.0,0.0
webserver2,80.0,0.0
vnf1,85.0,17387.6
vnf1-dup8,85.0,16250.0
vnf2,85.0,18750.0
vnf2-dup9,85.0,17500.0
vnf1-dup6,85.0,17112.4
vnf1-dup10,85.0,16250.0
vnf2-dup7,85.0,17387.6
vnf2-dup11,85.0,17500.0
user2,85.0,36350.0
user1,85.0,33650.0
webserver,85.0,0.0
webserver2,85.0,0.0
vnf1,90.0,22000.0
vnf1-dup8,90.0,22500.0
vnf2,90.0,20000.0
vnf2-dup9,90.0,21250.0
vnf1-dup6,90.0,22500.0
vnf1-dup10,90.0,22187.4
vnf2-dup7,90.0,20500.0
vnf2-dup11,90.0,19687.6
user2,90.0,38650.2
user1,90.0,51662.4
webserver,90.0,0.0
webserver2,90.0,0.0
vnf1,95.0,21250.0
vnf1-dup8,95.0,22500.0
vnf2,95.0,21737.4
vnf2-dup9,95.0,21250.0
vnf1-dup6,95.0,21250.0
vnf1-dup10,95.0,22037.4
vnf2-dup7,95.0,21150.0
vnf2-dup11,95.0,22500.0
user2,95.0,40762.6
user1,95.0,35000.0
webserver,95.0,0.0
webserver2,95.0,0.0
vnf1,100.0,20000.0
vnf1-dup8,100.0,18750.0
vnf2,100.0,20000.0
vnf2-dup9,100.0,21250.0
vnf1-dup6,100.0,18750.0
vnf1-dup10,100.0,18750.0
vnf2-dup7,100.0,21250.0
vnf2-dup11,100.0,20000.0
user2,100.0,35000.0
user1,100.0,42487.6
webserver,100.0,0.0
webserver2,100.0,0.0
vnf1,105.0,21425.0
vnf1-dup8,105.0,21250.0
vnf2,105.0,21250.0
vnf2-dup9,105.0,20587.4
vnf1-dup6,105.0,21075.0
vnf1-dup10,105.0,21250.0
vnf2-dup7,105.0,21250.0
vnf2-dup11,105.0,21250.0
user2,105.0,38337.6
user1,105.0,45000.0
webserver,105.0,0.0
webserver2,105.0,0.0
vnf1,110.0,21250.0
vnf1-dup8,110.0,22350.0
vnf2,110.0,20450.0
vnf2-dup9,110.0,20000.0
vnf1-dup6,110.0,22050.0
vnf1-dup10,110.0,22200.0
vnf2-dup7,110.0,20862.4
vnf2-dup11,110.0,21250.0
user2,110.0,49050.0
user1,110.0,37275.0
webserver,110.0,0.0
webserver2,110.0,0.0
vnf1,115.0,22500.0
vnf1-dup8,115.0,21250.0
vnf2,115.0,20637.4
vnf2-dup9,115.0,21250.0
vnf1-dup6,115.0,20325.0
vnf1-dup10,115.0,21250.0
vnf2-dup7,115.0,21250.0
vnf2-dup11,115.0,20550.0
user2,115.0,39550.0
user1,115.0,39937.6
webserver,115.0,0.0
webserver2,115.0,0.0
vnf1,120.0,19700.0
vnf1-dup8,120.0,20000.0
vnf2,120.0,21300.0
vnf2-dup9,120.0,21250.0
vnf1-dup6,120.0,19900.0
vnf1-dup10,120.0,19137.4
vnf2-dup7,120.0,21250.0
vnf2-dup11,120.0,21250.0
user2,120.0,42962.6
user1,120.0,39500.0
webserver,120.0,0.0
webserver2,120.0,0.0
vnf1,125.0,18750.0
vnf1-dup8,125.0,20000.0
vnf2,125.0,18500.0
vnf2-dup9,125.0,18750.0
vnf1-dup6,125.0,19337.4
vnf1-dup10,125.0,17750.0
vnf2-dup7,125.0,18750.0
vnf2-dup11,125.0,18000.0
user2,125.0,38750.0
user1,125.0,39425.0
webserver,125.0,0.0
webserver2,125.0,0.0
vnf1,130.0,17500.0
vnf1-dup8,130.0,16250.0
vnf2,130.0,18750.0
vnf2-dup9,130.0,18750.0
vnf1-dup6,130.0,15812.4
vnf1-dup10,130.0,17412.4
vnf2-dup7,130.0,17500.0
vnf2-dup11,130.0,18750.0
user2,130.0,29987.6
user1,130.0,30275.2
webserver,130.0,0.0
webserver2,130.0,0.0
vnf1,135.0,21250.0
vnf1-dup8,135.0,21250.0
vnf2,135.0,18750.0
vnf2-dup9,135.0,18750.0
vnf1-dup6,135.0,21250.0
vnf1-dup10,135.0,21250.0
vnf2-dup7,135.0,18750.0
vnf2-dup11,135.0,18750.0
user2,135.0,45000.0
user1,135.0,37500.0
webserver,135.0,0.0
webserver2,135.0,0.0
vnf1,140.0,21250.0
vnf1-dup8,140.0,20750.0
vnf2,140.0,22500.0
vnf2-dup9,140.0,22500.0
vnf1-dup6,140.0,20287.6
vnf1-dup10,140.0,21250.0
vnf2-dup7,140.0,22500.0
vnf2-dup11,140.0,22500.0
user2,140.0,41250.0
user1,140.0,42500.0
webserver,140.0,0.0
webserver2,140.0,0.0
vnf1,145.0,21900.0
vnf1-dup8,145.0,22500.0
vnf2,145.0,21250.0
vnf2-dup9,145.0,21500.0
vnf1-dup6,145.0,22000.0
vnf1-dup10,145.0,22500.0
vnf2-dup7,145.0,21750.0
vnf2-dup11,145.0,21000.0
user2,145.0,46250.0
user1,145.0,45600.0
webserver,145.0,0.0
webserver2,145.0,0.0
vnf1,150.0,17500.0
vnf1-dup8,150.0,17500.0
vnf2,150.0,18750.0
vnf2-dup9,150.0,17500.0
vnf1-dup6,150.0,17500.0
vnf1-dup10,150.0,17500.0
vnf2-dup7,150.0,17500.0
vnf2-dup11,150.0,18750.0
user2,150.0,33712.6
user1,150.0,37537.4
webserver,150.0,0.0
webserver2,150.0,0.0
vnf1,155.0,18500.0
vnf1-dup8,155.0,18750.0
vnf2,155.0,18750.0
vnf2-dup9,155.0,18750.0
vnf1-dup6,155.0,20000.0
vnf1-dup10,155.0,18750.0
vnf2-dup7,155.0,20000.0
vnf2-dup11,155.0,18750.0
user2,155.0,37499.8
user1,155.0,41500.0
webserver,155.0,0.0
webserver2,155.0,0.0
vnf1,160.0,22500.0
vnf1-dup8,160.0,23750.0
vnf2,160.0,22500.0
vnf2-dup9,160.0,21687.4
vnf1-dup6,160.0,22500.0
vnf1-dup10,160.0,21625.2
vnf2-dup7,160.0,22500.0
vnf2-dup11,160.0,22500.0
user2,160.0,37075.0
user1,160.0,49775.0
webserver,160.0,0.0
webserver2,160.0,0.0
vnf1,165.0,23512.6
vnf1-dup8,165.0,22500.0
vnf2,165.0,23750.0
vnf2-dup9,165.0,22887.4
vnf1-dup6,165.0,23750.0
vnf1-dup10,165.0,23750.0
vnf2-dup7,165.0,23750.0
vnf2-dup11,165.0,23075.0
user2,165.0,42249.6
user1,165.0,47787.4
webserver,165.0,0.0
webserver2,165.0,0.0
vnf1,170.0,12500.0
vnf1-dup8,170.0,12500.0
vnf2,170.0,11250.0
vnf2-dup9,170.0,12500.0
vnf1-dup6,170.0,11250.0
vnf1-dup10,170.0,12500.0
vnf2-dup7,170.0,11250.0
vnf2-dup11,170.0,12025.0
user2,170.0,37500.0
user1,170.0,16250.0
webserver,170.0,0.0
webserver2,170.0,0.0
vnf1,175.0,24500.0
vnf1-dup8,175.0,26212.4
vnf2,175.0,24962.6
vnf2-dup9,175.0,23462.4
vnf1-dup6,175.0,25487.6
vnf1-dup10,175.0,25000.0
vnf2-dup7,175.0,24250.0
vnf2-dup11,175.0,23212.4
user2,175.0,37512.4
user1,175.0,57412.2
webserver,175.0,0.0
webserver2,175.0,0.0
vnf1,180.0,21250.0
vnf1-dup8,180.0,20000.0
vnf2,180.0,21250.0
vnf2-dup9,180.0,22500.0
vnf1-dup6,180.0,20750.0
vnf1-dup10,180.0,21250.0
vnf2-dup7,180.0,21250.0
vnf2-dup11,180.0,21750.0
user2,180.0,36812.6
user1,180.0,41712.6
webserver,180.0,0.0
webserver2,180.0,0.0
vnf1,185.0,17500.0
vnf1-dup8,185.0,17250.0
vnf2,185.0,18750.0
vnf2-dup9,185.0,18262.6
vnf1-dup6,185.0,16250.0
vnf1-dup10,185.0,16875.0
vnf2-dup7,185.0,18512.6
vnf2-dup11,185.0,17500.0
user2,185.0,31875.0
user1,185.0,37724.8
webserver,185.0,0.0
webserver2,185.0,0.0
vnf1,190.0,16250.0
vnf1-dup8,190.0,16250.0
vnf2,190.0,17500.0
vnf2-dup9,190.0,16250.0
vnf1-dup6,190.0,17500.0
vnf1-dup10,190.0,16250.0
vnf2-dup7,190.0,16250.0
vnf2-dup11,190.0,17500.0
user2,190.0,21250.0
user1,190.0,41250.0
webserver,190.0,0.0
webserver2,190.0,0.0
vnf1,195.0,15750.0
vnf1-dup8,195.0,16212.6
vnf2,195.0,15000.0
vnf2-dup9,195.0,15000.0
vnf1-dup6,195.0,15000.0
vnf1-dup10,195.0,16250.0
vnf2-dup7,195.0,14250.0
vnf2-dup11,195.0,15000.0
user2,195.0,27462.6
user1,195.0,37537.4
webserver,195.0,0.0
webserver2,195.0,0.0
vnf1,200.0,13750.0
vnf1-dup8,200.0,13750.0
vnf2,200.0,15000.0
vnf2-dup9,200.0,15000.0
vnf1-dup6,200.0,13750.0
vnf1-dup10,200.0,13750.0
vnf2-dup7,200.0,15000.0
vnf2-dup11,200.0,15000.0
user2,200.0,17537.6
user1,200.0,35000.0
webserver,200.0,0.0
webserver2,200.0,0.0
vnf1,205.0,20175.0
vnf1-dup8,205.0,22212.6
vnf2,205.0,21250.0
vnf2-dup9,205.0,21287.4
vnf1-dup6,205.0,22500.0
vnf1-dup10,205.0,22500.0
vnf2-dup7,205.0,22500.0
vnf2-dup11,205.0,21250.0
user2,205.0,59287.4
user1,205.0,35500.0
webserver,205.0,0.0
webserver2,205.0,0.0
vnf1,210.0,30000.0
vnf1-dup8,210.0,28750.0
vnf2,210.0,23750.0
vnf2-dup9,210.0,23750.0
vnf1-dup6,210.0,29500.0
vnf1-dup10,210.0,27887.4
vnf2-dup7,210.0,21750.0
vnf2-dup11,210.0,23750.0
user2,210.0,77787.4
user1,210.0,41187.4
webserver,210.0,0.0
webserver2,210.0,0.0
vnf1,215.0,25250.0
vnf1-dup8,215.0,22650.0
vnf2,215.0,23750.0
vnf2-dup9,215.0,25000.0
vnf1-dup6,215.0,22237.6
vnf1-dup10,215.0,24200.0
vnf2-dup7,215.0,25000.0
vnf2-dup11,215.0,24950.0
user2,215.0,50250.0
user1,215.0,43250.0
webserver,215.0,0.0
webserver2,215.0,0.0
vnf1,220.0,18750.0
vnf1-dup8,220.0,18750.0
vnf2,220.0,25000.0
vnf2-dup9,220.0,24012.4
vnf1-dup6,220.0,20000.0
vnf1-dup10,220.0,18750.0
vnf2-dup7,220.0,24737.6
vnf2-dup11,220.0,23750.0
user2,220.0,32500.0
user1,220.0,38024.8
webserver,220.0,0.0
webserver2,220.0,0.0
vnf1,225.0,20000.0
vnf1-dup8,225.0,19625.0
vnf2,225.0,20000.0
vnf2-dup9,225.0,18750.0
vnf1-dup6,225.0,20000.0
vnf1-dup10,225.0,20000.0
vnf2-dup7,225.0,20000.0
vnf2-dup11,225.0,20000.0
user2,225.0,35000.0
user1,225.0,39237.4
webserver,225.0,0.0
webserver2,225.0,0.0
vnf1,230.0,20000.0
vnf1-dup8,230.0,20212.6
vnf2,230.0,20812.6
vnf2-dup9,230.0,21250.0
vnf1-dup6,230.0,20000.0
vnf1-dup10,230.0,21250.0
vnf2-dup7,230.0,21250.0
vnf2-dup11,230.0,21250.0
user2,230.0,38987.4
user1,230.0,41150.0
webserver,230.0,0.0
webserver2,230.0,0.0
vnf1,235.0,18187.4
vnf1-dup8,235.0,20000.0
vnf2,235.0,18500.0
vnf2-dup9,235.0,18750.0
vnf1-dup6,235.0,20000.0
vnf1-dup10,235.0,18750.0
vnf2-dup7,235.0,16825.0
vnf2-dup11,235.0,18050.0
user2,235.0,41750.2
user1,235.0,38062.4
webserver,235.0,0.0
webserver2,235.0,0.0
vnf1,240.0,20000.0
vnf1-dup8,240.0,20000.0
vnf2,240.0,20000.0
vnf2-dup9,240.0,20000.0
vnf1-dup6,240.0,20000.0
vnf1-dup10,240.0,20987.6
vnf2-dup7,240.0,21250.0
vnf2-dup11,240.0,20000.0
user2,240.0,35000.0
user1,240.0,43750.0
webserver,240.0,0.0
webserver2,240.0,0.0
vnf1,245.0,20825.0
vnf1-dup8,245.0,21012.6
vnf2,245.0,21250.0
vnf2-dup9,245.0,22500.0
vnf1-dup6,245.0,20825.0
vnf1-dup10,245.0,19212.6
vnf2-dup7,245.0,20912.6
vnf2-dup11,245.0,21250.0
user2,245.0,39500.0
user1,245.0,39437.2
webserver,245.0,0.0
webserver2,245.0,0.0
vnf1,250.0,18750.0
vnf1-dup8,250.0,17500.0
vnf2,250.0,18487.6
vnf2-dup9,250.0,17800.0
vnf1-dup6,250.0,18750.0
vnf1-dup10,250.0,18750.0
vnf2-dup7,250.0,18750.0
vnf2-dup11,250.0,19587.6
user2,250.0,31250.0
user1,250.0,42462.4
webserver,250.0,0.0
webserver2,250.0,0.0
vnf1,255.0,17000.0
vnf1-dup8,255.0,18750.0
vnf2,255.0,18750.0
vnf2-dup9,255.0,17500.0
vnf1-dup6,255.0,17000.0
vnf1-dup10,255.0,17500.0
vnf2-dup7,255.0,18750.0
vnf2-dup11,255.0,17500.0
user2,255.0,25000.0
user1,255.0,43500.0
webserver,255.0,0.0
webserver2,255.0,0.0
vnf1,260.0,22500.0
vnf1-dup8,260.0,22500.0
vnf2,260.0,18600.0
vnf2-dup9,260.0,18750.0
vnf1-dup6,260.0,22500.0
vnf1-dup10,260.0,23750.0
vnf2-dup7,260.0,17575.0
vnf2-dup11,260.0,18750.0
user2,260.0,58750.0
user1,260.0,41400.0
webserver,260.0,0.0
webserver2,260.0,0.0
vnf1,265.0,21250.0
vnf1-dup8,265.0,21250.0
vnf2,265.0,23750.0
vnf2-dup9,265.0,25000.0
vnf1-dup6,265.0,21250.0
vnf1-dup10,265.0,20062.6
vnf2-dup7,265.0,24412.4
vnf2-dup11,265.0,25000.0
user2,265.0,39987.4
user1,265.0,33750.0
webserver,265.0,0.0
webserver2,265.0,0.0
vnf1,270.0,22500.0
vnf1-dup8,270.0,22250.0
vnf2,270.0,21850.0
vnf2-dup9,270.0,22500.0
vnf1-dup6,270.0,22500.0
vnf1-dup10,270.0,22500.0
vnf2-dup7,270.0,22500.0
vnf2-dup11,270.0,22500.0
user2,270.0,46212.4
user1,270.0,40650.0
webserver,270.0,0.0
webserver2,270.0,0.0
vnf1,275.0,21912.4
vnf1-dup8,275.0,22500.0
vnf2,275.0,22500.0
vnf2-dup9,275.0,21750.0
vnf1-dup6,275.0,22500.0
vnf1-dup10,275.0,22312.4
vnf2-dup7,275.0,22500.0
vnf2-dup11,275.0,21000.0
user2,275.0,46487.4
user1,275.0,43600.0
webserver,275.0,0.0
webserver2,275.0,0.0
vnf1,280.0,25000.0
vnf1-dup8,280.0,22887.6
vnf2,280.0,23750.0
vnf2-dup9,280.0,22500.0
vnf1-dup6,280.0,23750.0
vnf1-dup10,280.0,23750.0
vnf2-dup7,280.0,22500.0
vnf2-dup11,280.0,23750.0
user2,280.0,47500.0
user1,280.0,43362.4
webserver,280.0,0.0
webserver2,280.0,0.0
vnf1,285.0,15200.0
vnf1-dup8,285.0,16050.0
vnf2,285.0,16250.0
vnf2-dup9,285.0,17500.0
vnf1-dup6,285.0,16250.0
vnf1-dup10,285.0,15950.0
vnf2-dup7,285.0,17500.0
vnf2-dup11,285.0,17500.0
user2,285.0,31250.0
user1,285.0,36250.0
webserver,285.0,0.0
webserver2,285.0,0.0
vnf1,290.0,24975.2
vnf1-dup8,290.0,23750.0
vnf2,290.0,25112.6
vnf2-dup9,290.0,23750.0
vnf1-dup6,290.0,25000.0
vnf1-dup10,290.0,23575.0
vnf2-dup7,290.0,23087.4
vnf2-dup11,290.0,23750.0
user2,290.0,52449.8
user1,290.0,42337.4
webserver,290.0,0.0
webserver2,290.0,0.0
vnf1,295.0,18750.0
vnf1-dup8,295.0,20000.0
vnf2,295.0,18750.0
vnf2-dup9,295.0,19712.4
vnf1-dup6,295.0,18750.0
vnf1-dup10,295.0,18462.4
vnf2-dup7,295.0,19887.6
vnf2-dup11,295.0,18750.0
user2,295.0,37000.0
user1,295.0,37037.4
webserver,295.0,0.0
webserver2,295.0,0.0
vnf1,300.0,25000.0
vnf1-dup8,300.0,23750.0
vnf2,300.0,23212.4
vnf2-dup9,300.0,22050.0
vnf1-dup6,300.0,25000.0
vnf1-dup10,300.0,25000.0
vnf2-dup7,300.0,22500.0
vnf2-dup11,300.0,23750.0
user2,300.0,51087.4
user1,300.0,48725.0
webserver,300.0,0.0
webserver2,300.0,0.0
vnf1,305.0,18750.0
vnf1-dup8,305.0,18262.6
vnf2,305.0,20000.0
vnf2-dup9,305.0,21250.0
vnf1-dup6,305.0,17887.6
vnf1-dup10,305.0,18750.0
vnf2-dup7,305.0,21250.0
vnf2-dup11,305.0,20000.0
user2,305.0,38362.4
user1,305.0,30487.4
webserver,305.0,0.0
webserver2,305.0,0.0
vnf1,310.0,18962.4
vnf1-dup8,310.0,20000.0
vnf2,310.0,18525.0
vnf2-dup9,310.0,17500.0
vnf1-dup6,310.0,18750.0
vnf1-dup10,310.0,20000.0
vnf2-dup7,310.0,17062.4
vnf2-dup11,310.0,18750.0
user2,310.0,40225.2
user1,310.0,38975.0
webserver,310.0,0.0
webserver2,310.0,0.0
vnf1,315.0,17500.0
vnf1-dup8,315.0,17112.4
vnf2,315.0,20000.0
vnf2-dup9,315.0,20000.0
vnf1-dup6,315.0,18750.0
vnf1-dup10,315.0,17500.0
vnf2-dup7,315.0,21250.0
vnf2-dup11,315.0,20000.0
user2,315.0,29137.6
user1,315.0,37500.0
webserver,315.0,0.0
webserver2,315.0,0.0
vnf1,320.0,16250.0
vnf1-dup8,320.0,17000.0
vnf2,320.0,13750.0
vnf2-dup9,320.0,13750.0
vnf1-dup6,320.0,16250.0
vnf1-dup10,320.0,16162.4
vnf2-dup7,320.0,13750.0
vnf2-dup11,320.0,13750.0
user2,320.0,42150.0
user1,320.0,34687.4
webserver,320.0,0.0
webserver2,320.0,0.0
vnf1,325.0,23750.0
vnf1-dup8,325.0,22362.4
vnf2,325.0,23750.0
vnf2-dup9,325.0,24475.0
vnf1-dup6,325.0,23450.0
vnf1-dup10,325.0,23100.0
vnf2-dup7,325.0,23750.0
vnf2-dup11,325.0,24950.0
user2,325.0,42325.0
user1,325.0,38825.0
webserver,325.0,0.0
webserver2,325.0,0.0
vnf1,330.0,22500.0
vnf1-dup8,330.0,22725.0
vnf2,330.0,23800.0
vnf2-dup9,330.0,23750.0
vnf1-dup6,330.0,22500.0
vnf1-dup10,330.0,23750.0
vnf2-dup7,330.0,23750.0
vnf2-dup11,330.0,23437.6
user2,330.0,49787.2
user1,330.0,32175.0
webserver,330.0,0.0
webserver2,330.0,0.0
vnf1,335.0,20000.0
vnf1-dup8,335.0,19775.0
vnf2,335.0,18700.0
vnf2-dup9,335.0,18750.0
vnf1-dup6,335.0,19975.0
vnf1-dup10,335.0,19225.0
vnf2-dup7,335.0,18750.0
vnf2-dup11,335.0,18750.0
user2,335.0,42500.0
user1,335.0,39000.0
webserver,335.0,0.0
webserver2,335.0,0.0
vnf1,340.0,21312.6
vnf1-dup8,340.0,22500.0
vnf2,340.0,23237.4
vnf2-dup9,340.0,22500.0
vnf1-dup6,340.0,22000.0
vnf1-dup10,340.0,22000.0
vnf2-dup7,340.0,23000.0
vnf2-dup11,340.0,22500.0
user2,340.0,40549.8
user1,340.0,48212.4
webserver,340.0,0.0
webserver2,340.0,0.0
vnf1,345.0,22350.0
vnf1-dup8,345.0,22500.0
vnf2,345.0,22287.6
vnf2-dup9,345.0,22162.6
vnf1-dup6,345.0,22500.0
vnf1-dup10,345.0,22500.0
vnf2-dup7,345.0,21650.0
vnf2-dup11,345.0,21262.6
user2,345.0,36737.4
user1,345.0,44499.8
webserver,345.0,0.0
webserver2,345.0,0.0
vnf1,350.0,21250.0
vnf1-dup8,350.0,20000.0
vnf2,350.0,21212.4
vnf2-dup9,350.0,21250.0
vnf1-dup6,350.0,20375.0
vnf1-dup10,350.0,19812.6
vnf2-dup7,350.0,21250.0
vnf2-dup11,350.0,21250.0
user2,350.0,39812.6
user1,350.0,39987.4
webserver,350.0,0.0
webserver2,350.0,0.0
vnf1,355.0,20000.0
vnf1-dup8,355.0,20000.0
vnf2,355.0,20000.0
vnf2-dup9,355.0,20000.0
vnf1-dup6,355.0,19662.6
vnf1-dup10,355.0,20000.0
vnf2-dup7,355.0,20000.0
vnf2-dup11,355.0,19950.0
user2,355.0,44025.0
user1,355.0,41300.0
webserver,355.0,0.0
webserver2,355.0,0.0
vnf1,360.0,22500.0
vnf1-dup8,360.0,22500.0
vnf2,360.0,22500.0
vnf2-dup9,360.0,23750.0
vnf1-dup6,360.0,22500.0
vnf1-dup10,360.0,22500.0
vnf2-dup7,360.0,22500.0
vnf2-dup11,360.0,22500.0
user2,360.0,43250.2
user1,360.0,37999.8
webserver,360.0,0.0
webserver2,360.0,0.0
vnf1,365.0,11250.0
vnf1-dup8,365.0,12500.0
vnf2,365.0,12500.0
vnf2-dup9,365.0,12500.0
vnf1-dup6,365.0,11250.0
vnf1-dup10,365.0,12212.4
vnf2-dup7,365.0,12500.0
vnf2-dup11,365.0,12300.0
user2,365.0,30000.0
user1,365.0,12987.4
webserver,365.0,0.0
webserver2,365.0,0.0
vnf1,370.0,26250.0
vnf1-dup8,370.0,25000.0
vnf2,370.0,22500.0
vnf2-dup9,370.0,22237.6
vnf1-dup6,370.0,25712.6
vnf1-dup10,370.0,25000.0
vnf2-dup7,370.0,21950.0
vnf2-dup11,370.0,23875.0
user2,370.0,47600.0
user1,370.0,58250.0
webserver,370.0,0.0
webserver2,370.0,0.0
vnf1,375.0,20000.0
vnf1-dup8,375.0,21250.0
vnf2,375.0,21250.0
vnf2-dup9,375.0,21212.4
vnf1-dup6,375.0,19125.0
vnf1-dup10,375.0,20000.0
vnf2-dup7,375.0,21250.0
vnf2-dup11,375.0,20000.0
user2,375.0,37887.6
user1,375.0,40875.0
webserver,375.0,0.0
webserver2,375.0,0.0
vnf1,380.0,22500.0
vnf1-dup8,380.0,20675.0
vnf2,380.0,23362.6
vnf2-dup9,380.0,21550.0
vnf1-dup6,380.0,22500.0
vnf1-dup10,380.0,22500.0
vnf2-dup7,380.0,23750.0
vnf2-dup11,380.0,22612.4
user2,380.0,47475.0
user1,380.0,33587.6
webserver,380.0,0.0
webserver2,380.0,0.0
vnf1,385.0,21250.0
vnf1-dup8,385.0,21250.0
vnf2,385.0,21250.0
vnf2-dup9,385.0,22500.0
vnf1-dup6,385.0,21250.0
vnf1-dup10,385.0,21250.0
vnf2-dup7,385.0,21250.0
vnf2-dup11,385.0,22500.0
user2,385.0,41250.0
user1,385.0,46250.0
webserver,385.0,0.0
webserver2,385.0,0.0
vnf1,390.0,20812.6
vnf1-dup8,390.0,21250.0
vnf2,390.0,21062.6
vnf2-dup9,390.0,19312.6
vnf1-dup6,390.0,21000.0
vnf1-dup10,390.0,20750.0
vnf2-dup7,390.0,19562.6
vnf2-dup11,390.0,20000.0
user2,390.0,39250.0
user1,390.0,36687.4
webserver,390.0,0.0
webserver2,390.0,0.0
vnf1,395.0,19500.0
vnf1-dup8,395.0,20662.6
vnf2,395.0,20000.0
vnf2-dup9,395.0,20000.0
vnf1-dup6,395.0,20000.0
vnf1-dup10,395.0,19250.0
vnf2-dup7,395.0,18525.0
vnf2-dup11,395.0,19700.0
user2,395.0,43062.4
user1,395.0,36050.0
webserver,395.0,0.0
webserver2,395.0,0.0
vnf1,400.0,20000.0
vnf1-dup8,400.0,20000.0
vnf2,400.0,21250.0
vnf2-dup9,400.0,21250.0
vnf1-dup6,400.0,20000.0
vnf1-dup10,400.0,20000.0
vnf2-dup7,400.0,21875.0
vnf2-dup11,400.0,20400.0
user2,400.0,40937.4
user1,400.0,40137.4
webserver,400.0,0.0
webserver2,400.0,0.0
vnf1,405.0,21250.0
vnf1-dup8,405.0,20962.4
vnf2,405.0,21250.0
vnf2-dup9,405.0,21250.0
vnf1-dup6,405.0,20287.4
vnf1-dup10,405.0,21699.8
vnf2-dup7,405.0,20000.0
vnf2-dup11,405.0,20949.8
user2,405.0,40662.6
user1,405.0,43650.0
webserver,405.0,0.0
webserver2,405.0,0.0
vnf1,410.0,22500.0
vnf1-dup8,410.0,21250.0
vnf2,410.0,21250.0
vnf2-dup9,410.0,21250.0
vnf1-dup6,410.0,21650.0
vnf1-dup10,410.0,21250.0
vnf2-dup7,410.0,21487.6
vnf2-dup11,410.0,21250.0
user2,410.0,40000.0
user1,410.0,46862.4
webserver,410.0,0.0
webserver2,410.0,0.0
vnf1,415.0,21250.0
vnf1-dup8,415.0,21250.0
vnf2,415.0,21250.0
vnf2-dup9,415.0,22500.0
vnf1-dup6,415.0,20025.0
vnf1-dup10,415.0,21250.0
vnf2-dup7,415.0,21250.0
vnf2-dup11,415.0,21250.0
user2,415.0,54212.4
user1,415.0,28287.6
webserver,415.0,0.0
webserver2,415.0,0.0
vnf1,420.0,17562.6
vnf1-dup8,420.0,18500.0
vnf2,420.0,15637.4
vnf2-dup9,420.0,16250.0
vnf1-dup6,420.0,19350.0
vnf1-dup10,420.0,19750.0
vnf2-dup7,420.0,16250.0
vnf2-dup11,420.0,16887.4
user2,420.0,37137.4
user1,420.0,51900.2
webserver,420.0,0.0
webserver2,420.0,0.0
vnf1,425.0,26250.0
vnf1-dup8,425.0,25750.0
vnf2,425.0,25000.0
vnf2-dup9,425.0,24150.0
vnf1-dup6,425.0,26250.0
vnf1-dup10,425.0,26250.0
vnf2-dup7,425.0,23550.0
vnf2-dup11,425.0,24150.0
user2,425.0,41562.6
user1,425.0,38737.4
webserver,425.0,0.0
webserver2,425.0,0.0
vnf1,430.0,16987.6
vnf1-dup8,430.0,17500.0
vnf2,430.0,21250.0
vnf2-dup9,430.0,20000.0
vnf1-dup6,430.0,17500.0
vnf1-dup10,430.0,16250.0
vnf2-dup7,430.0,20000.0
vnf2-dup11,430.0,20000.0
user2,430.0,41649.8
user1,430.0,35000.0
webserver,430.0,0.0
webserver2,430.0,0.0
vnf1,435.0,25000.0
vnf1-dup8,435.0,22950.0
vnf2,435.0,25000.0
vnf2-dup9,435.0,25000.0
vnf1-dup6,435.0,23737.6
vnf1-dup10,435.0,25000.0
vnf2-dup7,435.0,25000.0
vnf2-dup11,435.0,25000.0
user2,435.0,42437.4
user1,435.0,48500.0
webserver,435.0,0.0
webserver2,435.0,0.0
vnf1,440.0,22450.0
vnf1-dup8,440.0,23750.0
vnf2,440.0,22300.0
vnf2-dup9,440.0,22737.6
vnf1-dup6,440.0,22475.0
vnf1-dup10,440.0,23750.0
vnf2-dup7,440.0,23362.6
vnf2-dup11,440.0,22325.0
user2,440.0,42775.0
user1,440.0,48637.4
webserver,440.0,0.0
webserver2,440.0,0.0
vnf1,445.0,18250.0
vnf1-dup8,445.0,18750.0
vnf2,445.0,18175.0
vnf2-dup9,445.0,18462.4
vnf1-dup6,445.0,18750.0
vnf1-dup10,445.0,16750.0
vnf2-dup7,445.0,18750.0
vnf2-dup11,445.0,18750.0
user2,445.0,35387.2
user1,445.0,40000.0
webserver,445.0,0.0
webserver2,445.0,0.0
vnf1,450.0,23750.0
vnf1-dup8,450.0,23750.0
vnf2,450.0,25000.0
vnf2-dup9,450.0,23750.0
vnf1-dup6,450.0,23750.0
vnf1-dup10,450.0,25000.0
vnf2-dup7,450.0,23750.0
vnf2-dup11,450.0,24224.8
user2,450.0,52875.2
user1,450.0,33012.4
webserver,450.0,0.0
webserver2,450.0,0.0
vnf1,455.0,24337.6
vnf1-dup8,455.0,23200.0
vnf2,455.0,22050.0
vnf2-dup9,455.0,23349.8
vnf1-dup6,455.0,25000.0
vnf1-dup10,455.0,23750.0
vnf2-dup7,455.0,23750.0
vnf2-dup11,455.0,22050.0
user2,455.0,38950.0
user1,455.0,51862.4
webserver,455.0,0.0
webserver2,455.0,0.0
vnf1,460.0,18750.0
vnf1-dup8,460.0,20000.0
vnf2,460.0,20000.0
vnf2-dup9,460.0,20000.0
vnf1-dup6,460.0,18750.0
vnf1-dup10,460.0,20000.0
vnf2-dup7,460.0,20000.0
vnf2-dup11,460.0,20637.6
user2,460.0,28924.8
user1,460.0,46787.6
webserver,460.0,0.0
webserver2,460.0,0.0
vnf1,465.0,23750.0
vnf1-dup8,465.0,22862.6
vnf2,465.0,23412.4
vnf2-dup9,465.0,22500.0
vnf1-dup6,465.0,23750.0
vnf1-dup10,465.0,23750.0
vnf2-dup7,465.0,23412.4
vnf2-dup11,465.0,22500.0
user2,465.0,43812.4
user1,465.0,49912.6
webserver,465.0,0.0
webserver2,465.0,0.0
vnf1,470.0,25000.0
vnf1-dup8,470.0,25000.0
vnf2,470.0,23750.0
vnf2-dup9,470.0,23750.0
vnf1-dup6,470.0,25000.0
vnf1-dup10,470.0,23750.0
vnf2-dup7,470.0,22500.0
vnf2-dup11,470.0,23262.6
user2,470.0,51575.0
user1,470.0,45000.2
webserver,470.0,0.0
webserver2,470.0,0.0
vnf1,475.0,21250.0
vnf1-dup8,475.0,20000.0
vnf2,475.0,22500.0
vnf2-dup9,475.0,22500.0
vnf1-dup6,475.0,20825.2
vnf1-dup10,475.0,21250.0
vnf2-dup7,475.0,23637.4
vnf2-dup11,475.0,21950.0
user2,475.0,38737.4
user1,475.0,43712.4
webserver,475.0,0.0
webserver2,475.0,0.0
vnf1,480.0,21250.0
vnf1-dup8,480.0,22500.0
vnf2,480.0,22075.0
vnf2-dup9,480.0,22087.6
vnf1-dup6,480.0,21250.0
vnf1-dup10,480.0,22500.0
vnf2-dup7,480.0,22500.0
vnf2-dup11,480.0,21900.0
user2,480.0,34937.4
user1,480.0,42750.0
webserver,480.0,0.0
webserver2,480.0,0.0
vnf1,485.0,21250.0
vnf1-dup8,485.0,21250.0
vnf2,485.0,17500.0
vnf2-dup9,485.0,17500.0
vnf1-dup6,485.0,21250.0
vnf1-dup10,485.0,20000.0
vnf2-dup7,485.0,17500.0
vnf2-dup11,485.0,17500.0
user2,485.0,45850.0
user1,485.0,48750.0
webserver,485.0,0.0
webserver2,485.0,0.0
vnf1,490.0,21250.0
vnf1-dup8,490.0,21250.0
vnf2,490.0,23750.0
vnf2-dup9,490.0,25000.0
vnf1-dup6,490.0,21250.0
vnf1-dup10,490.0,22000.0
vnf2-dup7,490.0,23750.0
vnf2-dup11,490.0,25000.0
user2,490.0,36625.0
user1,490.0,41750.0
webserver,490.0,0.0
webserver2,490.0,0.0
vnf1,495.0,20100.0
vnf1-dup8,495.0,19500.0
vnf2,495.0,19250.0
vnf2-dup9,495.0,19712.4
vnf1-dup6,495.0,19000.0
vnf1-dup10,495.0,20000.0
vnf2-dup7,495.0,20000.0
vnf2-dup11,495.0,20000.0
user2,495.0,40687.4
user1,495.0,38687.4
webserver,495.0,0.0
webserver2,495.0,0.0
vnf1,500.0,21462.6
vnf1-dup8,500.0,22500.0
vnf2,500.0,23750.0
vnf2-dup9,500.0,21737.4
vnf1-dup6,500.0,22500.0
vnf1-dup10,500.0,22500.0
vnf2-dup7,500.0,22500.0
vnf2-dup11,500.0,21737.4
user2,500.0,38875.2
user1,500.0,43212.2
webserver,500.0,0.0
webserver2,500.0,0.0
vnf1,505.0,16250.0
vnf1-dup8,505.0,15500.0
vnf2,505.0,16250.0
vnf2-dup9,505.0,17500.0
vnf1-dup6,505.0,16250.0
vnf1-dup10,505.0,15750.0
vnf2-dup7,505.0,17500.0
vnf2-dup11,505.0,16250.0
user2,505.0,42825.0
user1,505.0,23425.0
webserver,505.0,0.0
webserver2,505.0,0.0
vnf1,510.0,22500.0
vnf1-dup8,510.0,23750.0
vnf2,510.0,19337.6
vnf2-dup9,510.0,18437.6
vnf1-dup6,510.0,22737.6
vnf1-dup10,510.0,22500.0
vnf2-dup7,510.0,18750.0
vnf2-dup11,510.0,20100.0
user2,510.0,35662.4
user1,510.0,66912.4
webserver,510.0,0.0
webserver2,510.0,0.0
vnf1,515.0,22500.0
vnf1-dup8,515.0,22500.0
vnf2,515.0,23750.0
vnf2-dup9,515.0,24350.0
vnf1-dup6,515.0,22500.0
vnf1-dup10,515.0,23362.4
vnf2-dup7,515.0,25000.0
vnf2-dup11,515.0,23750.0
user2,515.0,30000.0
user1,515.0,44962.6
webserver,515.0,0.0
webserver2,515.0,0.0
vnf1,520.0,16250.0
vnf1-dup8,520.0,16250.0
vnf2,520.0,18750.0
vnf2-dup9,520.0,17500.0
vnf1-dup6,520.0,16250.0
vnf1-dup10,520.0,15000.0
vnf2-dup7,520.0,18750.0
vnf2-dup11,520.0,18750.0
user2,520.0,36250.0
user1,520.0,30000.0
webserver,520.0,0.0
webserver2,520.0,0.0
vnf1,525.0,22500.0
vnf1-dup8,525.0,21250.0
vnf2,525.0,20000.0
vnf2-dup9,525.0,21250.0
vnf1-dup6,525.0,21250.0
vnf1-dup10,525.0,22500.0
vnf2-dup7,525.0,19750.0
vnf2-dup11,525.0,20000.0
user2,525.0,45887.4
user1,525.0,38750.0
webserver,525.0,0.0
webserver2,525.0,0.0
vnf1,530.0,18750.0
vnf1-dup8,530.0,20000.0
vnf2,530.0,21250.0
vnf2-dup9,530.0,20000.0
vnf1-dup6,530.0,20000.0
vnf1-dup10,530.0,20000.0
vnf2-dup7,530.0,20000.0
vnf2-dup11,530.0,21250.0
user2,530.0,41250.0
user1,530.0,35000.0
webserver,530.0,0.0
webserver2,530.0,0.0
vnf1,535.0,13750.0
vnf1-dup8,535.0,13750.0
vnf2,535.0,13750.0
vnf2-dup9,535.0,15000.0
vnf1-dup6,535.0,12937.6
vnf1-dup10,535.0,13750.0
vnf2-dup7,535.0,15000.0
vnf2-dup11,535.0,13750.0
user2,535.0,44462.6
user1,535.0,9562.4
webserver,535.0,0.0
webserver2,535.0,0.0
vnf1,540.0,18250.0
vnf1-dup8,540.0,16612.6
vnf2,540.0,15000.0
vnf2-dup9,540.0,13750.0
vnf1-dup6,540.0,17250.0
vnf1-dup10,540.0,16750.0
vnf2-dup7,540.0,15000.0
vnf2-dup11,540.0,15000.0
user2,540.0,35887.4
user1,540.0,36250.0
webserver,540.0,0.0
webserver2,540.0,0.0
vnf1,545.0,27500.0
vnf1-dup8,545.0,27000.0
vnf2,545.0,23950.0
vnf2-dup9,545.0,25000.0
vnf1-dup6,545.0,27537.6
vnf1-dup10,545.0,27500.0
vnf2-dup7,545.0,24150.0
vnf2-dup11,545.0,25000.0
user2,545.0,34412.4
user1,545.0,74200.0
webserver,545.0,0.0
webserver2,545.0,0.0
vnf1,550.0,18537.4
vnf1-dup8,550.0,20000.0
vnf2,550.0,23750.0
vnf2-dup9,550.0,25000.0
vnf1-dup6,550.0,18750.0
vnf1-dup10,550.0,18525.0
vnf2-dup7,550.0,23750.0
vnf2-dup11,550.0,25000.0
user2,550.0,37000.0
user1,550.0,42425.0
webserver,550.0,0.0
webserver2,550.0,0.0
vnf1,555.0,20000.0
vnf1-dup8,555.0,17950.0
vnf2,555.0,19000.0
vnf2-dup9,555.0,20000.0
vnf1-dup6,555.0,18125.0
vnf1-dup10,555.0,18500.0
vnf2-dup7,555.0,19887.4
vnf2-dup11,555.0,19999.8
user2,555.0,39737.4
user1,555.0,34012.6
webserver,555.0,0.0
webserver2,555.0,0.0
vnf1,560.0,19600.0
vnf1-dup8,560.0,21250.0
vnf2,560.0,20000.0
vnf2-dup9,560.0,19187.6
vnf1-dup6,560.0,20887.6
vnf1-dup10,560.0,20750.0
vnf2-dup7,560.0,20000.0
vnf2-dup11,560.0,19187.6
user2,560.0,43262.4
user1,560.0,34250.0
webserver,560.0,0.0
webserver2,560.0,0.0
vnf1,565.0,22500.0
vnf1-dup8,565.0,21250.0
vnf2,565.0,22500.0
vnf2-dup9,565.0,20675.0
vnf1-dup6,565.0,21250.0
vnf1-dup10,565.0,21250.0
vnf2-dup7,565.0,21250.0
vnf2-dup11,565.0,21250.0
user2,565.0,45075.0
user1,565.0,43575.0
webserver,565.0,0.0
webserver2,565.0,0.0
vnf1,570.0,20000.0
vnf1-dup8,570.0,20000.0
vnf2,570.0,20000.0
vnf2-dup9,570.0,20000.0
vnf1-dup6,570.0,20000.0
vnf1-dup10,570.0,20000.0
vnf2-dup7,570.0,20000.0
vnf2-dup11,570.0,20000.0
user2,570.0,38950.0
user1,570.0,34800.0
webserver,570.0,0.0
webserver2,570.0,0.0
vnf1,575.0,18750.0
vnf1-dup8,575.0,20000.0
vnf2,575.0,18600.0
vnf2-dup9,575.0,18562.6
vnf1-dup6,575.0,20000.0
vnf1-dup10,575.0,20000.0
vnf2-dup7,575.0,19850.0
vnf2-dup11,575.0,18750.0
user2,575.0,41474.8
user1,575.0,40837.6
webserver,575.0,0.0
webserver2,575.0,0.0
vnf1,580.0,20000.0
vnf1-dup8,580.0,18750.0
vnf2,580.0,19825.0
vnf2-dup9,580.0,21250.0
vnf1-dup6,580.0,20000.0
vnf1-dup10,580.0,18750.0
vnf2-dup7,580.0,20000.0
vnf2-dup11,580.0,21250.0
user2,580.0,32500.0
user1,580.0,40175.0
webserver,580.0,0.0
webserver2,580.0,0.0
vnf1,585.0,19200.0
vnf1-dup8,585.0,20000.0
vnf2,585.0,18750.0
vnf2-dup9,585.0,18750.0
vnf1-dup6,585.0,17137.6
vnf1-dup10,585.0,19937.6
vnf2-dup7,585.0,18500.0
vnf2-dup11,585.0,17500.0
user2,585.0,37175.0
user1,585.0,40687.4
webserver,585.0,0.0
webserver2,585.0,0.0
vnf1,590.0,20000.0
vnf1-dup8,590.0,19937.6
vnf2,590.0,21137.6
vnf2-dup9,590.0,21250.0
vnf1-dup6,590.0,21062.6
vnf1-dup10,590.0,19137.4
vnf2-dup7,590.0,21250.0
vnf2-dup11,590.0,21650.0
user2,590.0,38537.4
user1,590.0,42287.4
webserver,590.0,0.0
webserver2,590.0,0.0
vnf1,595.0,18750.0
vnf1-dup8,595.0,20000.0
vnf2,595.0,19750.0
vnf2-dup9,595.0,18750.0
vnf1-dup6,595.0,18750.0
vnf1-dup10,595.0,20000.0
vnf2-dup7,595.0,18562.6
vnf2-dup11,595.0,18750.0
user2,595.0,41250.0
user1,595.0,38750.0
webserver,595.0,0.0
webserver2,595.0,0.0
vnf1,600.0,18712.6
vnf1-dup8,600.0,18750.0
vnf2,600.0,17500.0
vnf2-dup9,600.0,18750.0
vnf1-dup6,600.0,18750.0
vnf1-dup10,600.0,18250.0
vnf2-dup7,600.0,18750.0
vnf2-dup11,600.0,17287.4
user2,600.0,36725.0
user1,600.0,35275.0
webserver,600.0,0.0
webserver2,600.0,0.0
vnf1,605.0,5000.0
vnf1-dup8,605.0,5000.0
vnf2,605.0,6250.0
vnf2-dup9,605.0,6187.6
vnf1-dup6,605.0,5000.0
vnf1-dup10,605.0,3750.0
vnf2-dup7,605.0,6250.0
vnf2-dup11,605.0,6250.0
user2,605.0,8750.0
user1,605.0,7500.0
webserver,605.0,0.0
webserver2,605.0,0.0
