Workload_ID,    App_ID,SubmitTime,Pr:StartTime,Pr:EndTime,Pr:CPUTime,   Pr:Size,Tr:StartTime,Tr:EndTime,Tr:NetworkTime,   Tr:Size,Tr:Channel,Pr:StartTime,Pr:EndTime,Pr:CPUTime,   Pr:Size,ResponseTime,
 0, 0, 0, 0, 0.01, 0.01, 5, 0.01, 0.673, 0.663, 10000, 0, 0.673, 0.683, 0.01, 5,     0.683,
 1, 0, 0.4, 0.4, 0.41, 0.01, 5, 0.41, 1.073, 0.663, 10000, 0, 1.073, 1.083, 0.01, 5,     0.683,
 2, 0, 0.4, 0.4, 0.43, 0.03, 5, 0.43, 1.323, 0.893, 10000, 0, 1.323, 1.333, 0.01, 5,     0.933,
 3, 0, 0.4, 0.4, 0.45, 0.05, 5, 0.45, 1.573, 1.123, 10000, 0, 1.573, 1.583, 0.01, 5,     1.183,
 4, 0, 0.4, 0.4, 0.47, 0.07, 5, 0.47, 1.823, 1.353, 10000, 0, 1.823, 1.829, 0.006, 5,     1.429,
 5, 0, 0.8, 0.8, 0.81, 0.01, 5, 0.81, 2.043, 1.233, 10000, 0, 2.043, 2.049, 0.006, 5,     1.249,
 6, 0, 1.2, 1.2, 1.21, 0.01, 5, 1.21, 2.143, 0.933, 10000, 0, 2.143, 2.153, 0.01, 5,     0.953,
 7, 0, 1.5, 1.5, 1.51, 0.01, 5, 1.51, 2.243, 0.733, 10000, 0, 2.243, 2.253, 0.01, 5,     0.753,
 8, 0, 1.5, 1.5, 1.53, 0.03, 5, 1.53, 2.343, 0.813, 10000, 0, 2.343, 2.353, 0.01, 5,     0.853,
 9, 0, 1.5, 1.5, 1.55, 0.05, 5, 1.55, 2.443, 0.893, 10000, 0, 2.443, 2.453, 0.01, 5,     0.953,
 10, 0, 1.5, 1.5, 1.57, 0.07, 5, 1.57, 2.585, 1.015, 10000, 0, 2.585, 2.595, 0.01, 5,     1.095,
 11, 0, 1.8, 1.8, 1.81, 0.01, 5, 1.81, 2.785, 0.975, 10000, 0, 2.785, 2.795, 0.01, 5,     0.995,
 12, 0, 2.1, 2.1, 2.11, 0.01, 5, 2.11, 2.985, 0.875, 10000, 0, 2.985, 2.995, 0.01, 5,     0.895,
 13, 0, 2.4, 2.4, 2.41, 0.01, 5, 2.41, 3.152, 0.742, 10000, 0, 3.152, 3.162, 0.01, 5,     0.762,
 14, 0, 2.4, 2.4, 2.43, 0.03, 5, 2.43, 3.352, 0.922, 10000, 0, 3.352, 3.362, 0.01, 5,     0.962,
 15, 0, 2.7, 2.7, 2.71, 0.01, 5, 2.71, 3.552, 0.842, 10000, 0, 3.552, 3.562, 0.01, 5,     0.862,
 16, 0, 3, 3, 3.01, 0.01, 5, 3.01, 3.752, 0.742, 10000, 0, 3.752, 3.762, 0.01, 5,     0.762,
 17, 0, 3.5, 3.5, 3.51, 0.01, 5, 3.51, 3.952, 0.442, 10000, 0, 3.952, 3.962, 0.01, 5,     0.462,
 18, 0, 4, 4, 4.01, 0.01, 5, 4.01, 5.826, 1.816, 110000, 0, 5.826, 5.836, 0.01, 5,     1.836,
 19, 0, 4.8, 4.8, 4.81, 0.01, 5, 4.81, 5.926, 1.116, 10000, 0, 5.926, 5.936, 0.01, 5,     1.136,
 20, 0, 5.6, 5.6, 5.61, 0.01, 5, 5.61, 7.776, 2.166, 110000, 0, 7.776, 7.786, 0.01, 5,     2.186,
 21, 0, 6.4, 6.4, 6.41, 0.01, 5, 6.41, 7.876, 1.466, 10000, 0, 7.876, 7.886, 0.01, 5,     1.486,
 22, 0, 6.5, 6.5, 6.51, 0.01, 5, 6.51, 7.976, 1.466, 10000, 0, 7.976, 7.986, 0.01, 5,     1.486,
 23, 0, 6.6, 6.6, 6.61, 0.01, 5, 6.61, 8.076, 1.466, 10000, 0, 8.076, 8.086, 0.01, 5,     1.486,
 24, 0, 6.7, 6.7, 6.71, 0.01, 5, 6.71, 8.143, 1.433, 10000, 0, 8.143, 8.153, 0.01, 5,     1.453,
 25, 0, 6.8, 6.8, 6.81, 0.01, 5, 6.81, 8.21, 1.4, 10000, 0, 8.21, 8.22, 0.01, 5,     1.420,
 26, 0, 6.9, 6.9, 6.91, 0.01, 5, 6.91, 8.276, 1.366, 10000, 0, 8.276, 8.286, 0.01, 5,     1.386,
 27, 0, 7, 7, 7.01, 0.01, 5, 7.01, 8.343, 1.333, 10000, 0, 8.343, 8.353, 0.01, 5,     1.353,
 28, 0, 7.1, 7.1, 7.11, 0.01, 5, 7.11, 8.41, 1.3, 10000, 0, 8.41, 8.42, 0.01, 5,     1.320,
 29, 0, 7.3, 7.3, 7.31, 0.01, 5, 7.31, 8.476, 1.166, 10000, 0, 8.476, 8.486, 0.01, 5,     1.186,
 30, 0, 7.5, 7.5, 7.51, 0.01, 5, 7.51, 8.543, 1.033, 10000, 0, 8.543, 8.553, 0.01, 5,     1.053,
 31, 0, 8, 8, 8.01, 0.01, 5, 8.01, 8.61, 0.6, 10000, 0, 8.61, 8.62, 0.01, 5,     0.620,
 32, 0, 8.2, 8.2, 8.21, 0.01, 5, 8.21, 8.676, 0.466, 10000, 0, 8.676, 8.686, 0.01, 5,     0.486,
 33, 0, 8.6, 8.6, 8.61, 0.01, 5, 8.61, 8.809, 0.199, 10000, 0, 8.809, 8.819, 0.01, 5,     0.219,
 34, 0, 9.2, 9.2, 9.21, 0.01, 5, 9.21, 9.386, 0.176, 10000, 0, 9.386, 9.396, 0.01, 5,     0.196,
 35, 0, 9.6, 9.6, 9.61, 0.01, 5, 9.61, 9.786, 0.176, 10000, 0, 9.786, 9.796, 0.01, 5,     0.196,
 36, 0, 10.2, 10.2, 10.21, 0.01, 5, 10.21, 10.419, 0.209, 10000, 0, 10.419, 10.429, 0.01, 5,     0.229,
 37, 0, 11.3, 11.3, 11.31, 0.01, 5, 11.31, 11.585, 0.275, 10000, 0, 11.585, 11.595, 0.01, 5,     0.295,
 38, 0, 12.1, 12.1, 12.11, 0.01, 5, 12.11, 12.585, 0.475, 10000, 0, 12.585, 12.595, 0.01, 5,     0.495,
 39, 0, 12.3, 12.3, 12.31, 0.01, 5, 12.31, 12.785, 0.475, 10000, 0, 12.785, 12.795, 0.01, 5,     0.495,
 40, 0, 12.5, 12.5, 12.51, 0.01, 5, 12.51, 12.985, 0.475, 10000, 0, 12.985, 12.995, 0.01, 5,     0.495,
 41, 0, 13.1, 13.1, 13.11, 0.01, 5, 13.11, 13.585, 0.475, 10000, 0, 13.585, 13.595, 0.01, 5,     0.495,
 42, 0, 14.5, 14.5, 14.51, 0.01, 5, 14.51, 14.985, 0.475, 10000, 0, 14.985, 14.995, 0.01, 5,     0.495,
 43, 0, 14.6, 14.6, 14.61, 0.01, 5, 14.61, 15.185, 0.575, 10000, 0, 15.185, 15.195, 0.01, 5,     0.595,
 44, 0, 15.5, 15.5, 15.51, 0.01, 5, 15.51, 15.985, 0.475, 10000, 0, 15.985, 15.995, 0.01, 5,     0.495,
 45, 0, 16.1, 16.1, 16.11, 0.01, 5, 16.11, 16.586, 0.476, 10000, 0, 16.586, 16.596, 0.01, 5,     0.496,
 46, 0, 16.2, 16.2, 16.21, 0.01, 5, 16.21, 16.786, 0.576, 10000, 0, 16.786, 16.796, 0.01, 5,     0.596,
 47, 0, 17.2, 17.2, 17.21, 0.01, 5, 17.21, 17.686, 0.476, 10000, 0, 17.686, 17.696, 0.01, 5,     0.496,
 48, 0, 17.5, 17.5, 17.51, 0.01, 5, 17.51, 17.986, 0.476, 10000, 0, 17.986, 17.996, 0.01, 5,     0.496,
 49, 0, 17.6, 17.6, 17.61, 0.01, 5, 17.61, 18.186, 0.575, 10000, 0, 18.186, 18.196, 0.01, 5,     0.596,
 50, 0, 17.7, 17.7, 17.71, 0.01, 5, 17.71, 18.386, 0.675, 10000, 0, 18.386, 18.396, 0.01, 5,     0.696,
 51, 0, 20, 20, 20.01, 0.01, 5, 20.01, 20.029, 0.019, 10000, -1, 20.029, 20.039, 0.01, 5,     0.039,
 52, 0, 30, 30, 30.01, 0.01, 5, 30.01, 30.029, 0.019, 10000, -1, 30.029, 30.039, 0.01, 5,     0.039,
 53, 0, 100, 100, 100.01, 0.01, 5, 100.01, 100.673, 0.663, 10000, 0, 100.673, 100.683, 0.01, 5,     0.683,
 54, 0, 100, 100, 100.03, 0.03, 5, 100.03, 100.923, 0.893, 10000, 0, 100.923, 100.933, 0.01, 5,     0.933,
 55, 0, 100, 100, 100.05, 0.05, 5, 100.05, 101.173, 1.123, 10000, 0, 101.173, 101.183, 0.01, 5,     1.183,
 56, 0, 100, 100, 100.07, 0.07, 5, 100.07, 101.423, 1.353, 10000, 0, 101.423, 101.433, 0.01, 5,     1.433,
#======================================
#Number of workloads:57
#Timeout workloads:0
#Timeout workloads per cent:0
#Over workloads:0
#Over workloads per cent:0
#Number of Cloudlets:114
#Over Cloudlets:0
#Over Cloudlets per cent:0
#Number of transmissions:57
#Over transmissions:57
#Over transmissions per cent:1
#======================================
#Total serve time:48.74924833333334
#CPU serve time:1.5120000000001117
#Network serve time:47.23724833333321
#Average total serve time:0.855249970760234
#Average CPU serve time per workload:0.026526315789475643
#Average network serve time per workload:0.8287236549707582
#Average CPU serve time per Cloudlet:0.013263157894737821
#Average network serve time per transmission:0.8287236549707582
