Workload_ID,    App_ID,SubmitTime,Pr:StartTime,Pr:EndTime,Pr:CPUTime,   Pr:Size,ResponseTime,
 1, 0, 0.017, 0.017, 56.298, 56.281, 32626,TimeOut
 2, 0, 0.023, 0.023, 56.298, 56.275, 254,TimeOut
 0, 0, 0.009, 0.009, 9.87, 9.861, 4931, 9.87, 56.3, 46.43, 4642800, -1, 56.3, 75.122, 18.822, 43663,TimeOut
#======================================
#Number of workloads:0
#Timeout workloads:3
#Timeout workloads per cent:1
#Over workloads:0
#Number of Cloudlets:0
#Over Cloudlets:0
#Number of transmissions:0
#Over transmissions:0
#======================================
#Total serve time:0.0
#CPU serve time:0.0
#Network serve time:0.0
