edge2edge1,5.0,0.0
edge2core,5.0,0.0
edge2gw,5.0,0.0
edgeedge3,5.0,0.01756777777777752
edgeedge2,5.0,0.004238408333333248
edgeedge1,5.0,0.006297499999999921
edgecore,5.0,0.013594797222222012
edgegw,5.0,0.0034349999999999524
netcloudedge2,5.0,0.0
netcloudedge1,5.0,0.0
netcloudcore,5.0,0.0
netcloudgw,5.0,0.0
edgegw,5.0,0.0
netcloudgw,5.0,0.0
inter2,5.0,0.0034349999999999524
inter1,5.0,0.0034349999999999524
internetgw,5.0,0.0034349999999999524
edge2gw,5.0,0.0
internetedge,5.0,0.0034349999999999524
internetcore,5.0,0.0034349999999999524
internetgw,5.0,0.0
edge2edge1,10.0,0.0
edge2core,10.0,0.0
edge2gw,10.0,0.0
edgeedge3,10.0,0.017764166666666147
edgeedge2,10.0,0.005915833333333208
edgeedge1,10.0,0.00540630833333316
edgecore,10.0,0.013976124999999557
edgegw,10.0,0.003782316666666598
netcloudedge2,10.0,0.0
netcloudedge1,10.0,0.0
netcloudcore,10.0,0.0
netcloudgw,10.0,0.0
edgegw,10.0,0.0
netcloudgw,10.0,0.0
inter2,10.0,0.003782316666666598
inter1,10.0,0.003782316666666598
internetgw,10.0,0.003782316666666598
edge2gw,10.0,0.0
internetedge,10.0,0.003782316666666598
internetcore,10.0,0.003782316666666598
internetgw,10.0,0.0
edge2edge1,15.0,0.0
edge2core,15.0,0.0
edge2gw,15.0,0.0
edgeedge3,15.0,0.019288055555555003
edgeedge2,15.0,0.006419633333333112
edgeedge1,15.0,0.00585476666666653
edgecore,15.0,0.014751213888888452
edgegw,15.0,0.003625833333333256
netcloudedge2,15.0,0.0
netcloudedge1,15.0,0.0
netcloudcore,15.0,0.0
netcloudgw,15.0,0.0
edgegw,15.0,0.0
netcloudgw,15.0,0.0
inter2,15.0,0.003625833333333256
inter1,15.0,0.003625833333333256
internetgw,15.0,0.003625833333333256
edge2gw,15.0,0.0
internetedge,15.0,0.003625833333333256
internetcore,15.0,0.003625833333333256
internetgw,15.0,0.0
edge2edge1,20.0,0.0
edge2core,20.0,0.0
edge2gw,20.0,0.0
edgeedge3,20.0,0.024378980555558358
edgeedge2,20.0,0.0057250000000007295
edgeedge1,20.0,0.005915833333334057
edgecore,20.0,0.0177641666666689
edgegw,20.0,0.007251666666667602
netcloudedge2,20.0,0.0
netcloudedge1,20.0,0.0
netcloudcore,20.0,0.0
netcloudgw,20.0,0.0
edgegw,20.0,0.0
netcloudgw,20.0,0.0
inter2,20.0,0.007251666666667602
inter1,20.0,0.007251666666667602
internetgw,20.0,0.007251666666667602
edge2gw,20.0,0.0
internetedge,20.0,0.007251666666667602
internetcore,20.0,0.007251666666667602
internetgw,20.0,0.0
edge2edge1,25.0,0.0
edge2core,25.0,0.0
edge2gw,25.0,0.0
edgeedge3,25.0,0.027924888888893204
edgeedge2,25.0,0.005047541666667488
edgeedge1,25.0,0.0072383083333344665
edgecore,25.0,0.02048056944444765
edgegw,25.0,0.009121833333334745
netcloudedge2,25.0,0.0
netcloudedge1,25.0,0.0
netcloudcore,25.0,0.0
netcloudgw,25.0,0.0
edgegw,25.0,0.0
netcloudgw,25.0,0.0
inter2,25.0,0.009121833333334745
inter1,25.0,0.009121833333334745
internetgw,25.0,0.009121833333334745
edge2gw,25.0,0.0
internetedge,25.0,0.009121833333334745
internetcore,25.0,0.009121833333334745
internetgw,25.0,0.0
edge2edge1,30.0,0.0
edge2core,30.0,0.0
edge2gw,30.0,0.0
edgeedge3,30.0,0.02735416666667087
edgeedge2,30.0,0.0041983333333339735
edgeedge1,30.0,0.004961666666667416
edgecore,30.0,0.018329444444447243
edgegw,30.0,0.009808833333334765
netcloudedge2,30.0,0.0
netcloudedge1,30.0,0.0
netcloudcore,30.0,0.0
netcloudgw,30.0,0.0
edgegw,30.0,0.0
netcloudgw,30.0,0.0
inter2,30.0,0.009808833333334765
inter1,30.0,0.009808833333334765
internetgw,30.0,0.009808833333334765
edge2gw,30.0,0.0
internetedge,30.0,0.009808833333334765
internetcore,30.0,0.009808833333334765
internetgw,30.0,0.0
edge2edge1,35.0,0.0
edge2core,35.0,0.0
edge2gw,35.0,0.0
edgeedge3,35.0,0.023385291666666558
edgeedge2,35.0,0.005879574999999464
edgeedge1,35.0,0.0031926416666672036
edgecore,35.0,0.01934982222222159
edgegw,35.0,0.013633133333332548
netcloudedge2,35.0,0.004007499999999679
netcloudedge1,35.0,0.004141083333332972
netcloudcore,35.0,0.00604941666666613
netcloudgw,35.0,0.003950249999999609
edgegw,35.0,0.0
netcloudgw,35.0,0.0
inter2,35.0,0.01540508333333216
inter1,35.0,0.013633133333332548
internetgw,35.0,0.013549166666665738
edge2gw,35.0,0.0
internetedge,35.0,0.013549166666665738
internetcore,35.0,0.013549166666665738
internetgw,35.0,0.0
edge2edge1,40.0,0.0
edge2core,40.0,0.0
edge2gw,40.0,0.0
edgeedge3,40.0,0.025515499999996416
edgeedge2,40.0,0.006106666666665379
edgeedge1,40.0,0.007633333333331722
edgecore,40.0,0.023229777777774047
edgegw,40.0,0.015571999999996734
netcloudedge2,40.0,0.008681008333331592
netcloudedge1,40.0,0.008587499999998274
netcloudcore,40.0,0.012597691666664218
netcloudgw,40.0,0.00848826666666504
edgegw,40.0,0.0
netcloudgw,40.0,0.0
inter2,40.0,0.01863956388888427
inter1,40.0,0.015571999999996734
internetgw,40.0,0.014295324999996271
edge2gw,40.0,0.0
internetedge,40.0,0.014295324999996271
internetcore,40.0,0.014295324999996271
internetgw,40.0,0.0
edge2edge1,45.0,0.0
edge2core,45.0,0.0
edge2gw,45.0,0.0
edgeedge3,45.0,0.021322744444441627
edgeedge2,45.0,0.004247949999998724
edgeedge1,45.0,0.00823636666666474
edgecore,45.0,0.021024999999996907
edgegw,45.0,0.014854466666663721
netcloudedge2,45.0,0.012015724999998407
netcloudedge1,45.0,0.011885911111109353
netcloudcore,45.0,0.01706826388888651
netcloudgw,45.0,0.01140419999999799
edgegw,45.0,0.0
netcloudgw,45.0,0.0
inter2,45.0,0.02064780555555304
inter1,45.0,0.014854466666663721
internetgw,45.0,0.016285716666664854
edge2gw,45.0,0.0
internetedge,45.0,0.016285716666664854
internetcore,45.0,0.016285716666664854
internetgw,45.0,0.0
edge2edge1,50.0,0.0
edge2core,50.0,0.0
edge2gw,50.0,0.0
edgeedge3,50.0,0.014884852777775737
edgeedge2,50.0,0.005379591666665393
edgeedge1,50.0,0.005343333333332201
edgecore,50.0,0.015128758333330994
edgegw,50.0,0.009768758333331115
netcloudedge2,50.0,0.008801233333331545
netcloudedge1,50.0,0.0087477999999982
netcloudcore,50.0,0.012804097222220381
netcloudgw,50.0,0.008640933333332473
edgegw,50.0,0.0
netcloudgw,50.0,0.0
inter2,50.0,0.013432927777775494
inter1,50.0,0.009768758333331115
internetgw,50.0,0.0093584666666644
edge2gw,50.0,0.0
internetedge,50.0,0.0093584666666644
internetcore,50.0,0.0093584666666644
internetgw,50.0,0.0
edge2edge1,55.0,0.0
edge2core,55.0,0.0
edge2gw,55.0,0.0
edgeedge3,55.0,0.01851903055555265
edgeedge2,55.0,0.0052231083333322825
edgeedge1,55.0,0.006091399999998089
edgecore,55.0,0.01814878333333078
edgegw,55.0,0.011824033333331666
netcloudedge2,55.0,0.010294177777775769
netcloudedge1,55.0,0.0099656472222212
netcloudcore,55.0,0.014389058333331615
netcloudgw,55.0,0.009434799999999327
edgegw,55.0,0.0
netcloudgw,55.0,0.0
inter2,55.0,0.015506922222220262
inter1,55.0,0.011824033333331666
internetgw,55.0,0.011014899999997677
edge2gw,55.0,0.0
internetedge,55.0,0.011014899999997677
internetcore,55.0,0.011014899999997677
internetgw,55.0,0.0
edge2edge1,60.0,0.0
edge2core,60.0,0.0
edge2gw,60.0,0.0
edgeedge3,60.0,0.01628436111110876
edgeedge2,60.0,0.00589674999999866
edgeedge1,60.0,0.005724999999998787
edgecore,60.0,0.01660008333333085
edgegw,60.0,0.010667583333330982
netcloudedge2,60.0,0.00973527777777572
netcloudedge1,60.0,0.009498644444442955
netcloudcore,60.0,0.013845758333331251
netcloudgw,60.0,0.009280224999998268
edgegw,60.0,0.0
netcloudgw,60.0,0.0
inter2,60.0,0.014882669444442331
inter1,60.0,0.010667583333330982
internetgw,60.0,0.010553083333331256
edge2gw,60.0,0.0
internetedge,60.0,0.010553083333331256
internetcore,60.0,0.010553083333331256
internetgw,60.0,0.0
edge2edge1,65.0,0.0
edge2core,65.0,0.0
edge2gw,65.0,0.0
edgeedge3,65.0,0.01776406111111062
edgeedge2,65.0,0.006980683333332183
edgeedge1,65.0,0.005835683333332967
edgecore,65.0,0.01853188888888821
edgegw,65.0,0.012320199999998921
netcloudedge2,65.0,0.010906994444443756
netcloudedge1,65.0,0.010741116666666495
netcloudcore,65.0,0.01607306388888788
netcloudgw,65.0,0.010959558333332037
edgegw,65.0,0.0
netcloudgw,65.0,0.0
inter2,65.0,0.017367216666666047
inter1,65.0,0.012320199999998921
internetgw,65.0,0.01231065833333321
edge2gw,65.0,0.0
internetedge,65.0,0.01231065833333321
internetcore,65.0,0.01231065833333321
internetgw,65.0,0.0
edge2edge1,70.0,0.0
edge2core,70.0,0.0
edge2gw,70.0,0.0
edgeedge3,70.0,0.016624722222229715
edgeedge2,70.0,0.005152500000002655
edgeedge1,70.0,0.00572500000000295
edgecore,70.0,0.015858611111118248
edgegw,70.0,0.01030500000000456
netcloudedge2,70.0,0.00973631666667181
netcloudedge1,70.0,0.009553116666671968
netcloudcore,70.0,0.014333100000007884
netcloudgw,70.0,0.009732500000005008
edgegw,70.0,0.0
netcloudgw,70.0,0.0
inter2,70.0,0.014657194444449573
inter1,70.0,0.01030500000000456
internetgw,70.0,0.010629416666669902
edge2gw,70.0,0.0
internetedge,70.0,0.010629416666669902
internetcore,70.0,0.010629416666669902
internetgw,70.0,0.0
edge2edge1,75.0,0.0
edge2core,75.0,0.0
edge2gw,75.0,0.0
edgeedge3,75.0,0.020615219444454325
edgeedge2,75.0,0.005534166666669518
edgeedge1,75.0,0.00687000000000354
edgecore,75.0,0.01990156944445423
edgegw,75.0,0.013753358333339405
netcloudedge2,75.0,0.006297500000003245
netcloudedge1,75.0,0.00897177500000336
netcloudcore,75.0,0.012036477777783522
netcloudgw,75.0,0.01069811666667174
edgegw,75.0,0.0
netcloudgw,75.0,0.0
inter2,75.0,0.016993305555564303
inter1,75.0,0.013753358333339405
internetgw,75.0,0.011417558333339572
edge2gw,75.0,0.0
internetedge,75.0,0.011417558333339572
internetcore,75.0,0.011417558333339572
internetgw,75.0,0.0
edge2edge1,80.0,0.0
edge2core,80.0,0.0
edge2gw,80.0,0.0
edgeedge3,80.0,0.02166474722223022
edgeedge2,80.0,0.007251666666670403
edgeedge1,80.0,0.00572500000000295
edgecore,80.0,0.021707744444453725
edgegw,80.0,0.01578191666667375
netcloudedge2,80.0,0.00730978611111506
netcloudedge1,80.0,0.010231425000006497
netcloudcore,80.0,0.01353081111111891
netcloudgw,80.0,0.012188525000007375
edgegw,80.0,0.0
netcloudgw,80.0,0.0
inter2,80.0,0.019693786111122158
inter1,80.0,0.01578191666667375
internetgw,80.0,0.012803008333340138
edge2gw,80.0,0.0
internetedge,80.0,0.012803008333340138
internetcore,80.0,0.012803008333340138
internetgw,80.0,0.0
edge2edge1,85.0,0.0
edge2core,85.0,0.0
edge2gw,85.0,0.0
edgeedge3,85.0,0.01872854722222944
edgeedge2,85.0,0.00554943333333642
edgeedge1,85.0,0.005137233333335753
edgecore,85.0,0.01924663333334148
edgegw,85.0,0.013705650000005815
netcloudedge2,85.0,0.005727777777780704
netcloudedge1,85.0,0.009130133333338411
netcloudcore,85.0,0.011868069444449708
netcloudgw,85.0,0.010308816666671827
edgegw,85.0,0.0
netcloudgw,85.0,0.0
inter2,85.0,0.016623069444450356
inter1,85.0,0.013705650000005815
internetgw,85.0,0.009967225000003188
edge2gw,85.0,0.0
internetedge,85.0,0.009967225000003188
internetcore,85.0,0.009967225000003188
internetgw,85.0,0.0
edge2edge1,90.0,0.0
edge2core,90.0,0.0
edge2gw,90.0,0.0
edgeedge3,90.0,0.023020066666675554
edgeedge2,90.0,0.00612765833333663
edgeedge1,90.0,0.008268808333337485
edgecore,90.0,0.02429754444445581
edgegw,90.0,0.01749941666667451
netcloudedge2,90.0,0.007323533333335838
netcloudedge1,90.0,0.010572286111117046
netcloudcore,90.0,0.015067125000004095
netcloudgw,90.0,0.013921291666671068
edgegw,90.0,0.0
netcloudgw,90.0,0.0
inter2,90.0,0.021234488888896563
inter1,90.0,0.01749941666667451
internetgw,90.0,0.012224783333338901
edge2gw,90.0,0.0
internetedge,90.0,0.012224783333338901
internetcore,90.0,0.012224783333338901
internetgw,90.0,0.0
edge2edge1,95.0,0.0
edge2core,95.0,0.0
edge2gw,95.0,0.0
edgeedge3,95.0,0.022639861111118542
edgeedge2,95.0,0.006373833333337756
edgeedge1,95.0,0.005343333333336087
edgecore,95.0,0.021625716666675232
edgegw,95.0,0.016350600000007542
netcloudedge2,95.0,0.007241650000003791
netcloudedge1,95.0,0.010181355555560753
netcloudcore,95.0,0.013655538888895341
netcloudgw,95.0,0.012280125000005943
edgegw,95.0,0.0
netcloudgw,95.0,0.0
inter2,95.0,0.020040694444452528
inter1,95.0,0.016350600000007542
internetgw,95.0,0.012936591666670938
edge2gw,95.0,0.0
internetedge,95.0,0.012936591666670938
internetcore,95.0,0.012936591666670938
internetgw,95.0,0.0
edge2edge1,100.0,0.0
edge2core,100.0,0.0
edge2gw,100.0,0.0
edgeedge3,100.0,0.019957188888897914
edgeedge2,100.0,0.005343333333336087
edgeedge1,100.0,0.006492150000003194
edgecore,100.0,0.020358844444454016
edgegw,100.0,0.014671266666673816
netcloudedge2,100.0,0.006603944444447785
netcloudedge1,100.0,0.009305288888893273
netcloudcore,100.0,0.011880775000005978
netcloudgw,100.0,0.01048247500000482
edgegw,100.0,0.0
netcloudgw,100.0,0.0
inter2,100.0,0.01794865277778729
inter1,100.0,0.014671266666673816
internetgw,100.0,0.01206830000000636
edge2gw,100.0,0.0
internetedge,100.0,0.01206830000000636
internetcore,100.0,0.01206830000000636
internetgw,100.0,0.0
edge2edge1,105.0,0.0
edge2core,105.0,0.0
edge2gw,105.0,0.0
edgeedge3,105.0,0.020972086111120447
edgeedge2,105.0,0.005681108333336182
edgeedge1,105.0,0.006629550000003745
edgecore,105.0,0.02068665555556437
edgegw,105.0,0.015388800000006031
netcloudedge2,105.0,0.007442500000003835
netcloudedge1,105.0,0.010014227777782186
netcloudcore,105.0,0.013940483333340081
netcloudgw,105.0,0.012253408333339322
edgegw,105.0,0.0
netcloudgw,105.0,0.0
inter2,105.0,0.019024802777785565
inter1,105.0,0.015388800000006031
internetgw,105.0,0.011976700000004281
edge2gw,105.0,0.0
internetedge,105.0,0.011976700000004281
internetcore,105.0,0.011976700000004281
internetgw,105.0,0.0
edge2edge1,110.0,0.0
edge2core,110.0,0.0
edge2gw,110.0,0.0
edgeedge3,110.0,0.02233450000000875
edgeedge2,110.0,0.0074997500000043155
edgeedge1,110.0,0.005774616666671478
edgecore,110.0,0.022593833333342528
edgegw,110.0,0.01613877500000438
netcloudedge2,110.0,0.007440591666670132
netcloudedge1,110.0,0.01090612500000554
netcloudcore,110.0,0.01370352500000721
netcloudgw,110.0,0.012226691666673423
edgegw,110.0,0.0
netcloudgw,110.0,0.0
inter2,110.0,0.019752530555563086
inter1,110.0,0.01613877500000438
internetgw,110.0,0.012116008333336425
edge2gw,110.0,0.0
internetedge,110.0,0.012116008333336425
internetcore,110.0,0.012116008333336425
internetgw,110.0,0.0
edge2edge1,115.0,0.0
edge2core,115.0,0.0
edge2gw,115.0,0.0
edgeedge3,115.0,0.02274706666667542
edgeedge2,115.0,0.006120025000003165
edgeedge1,115.0,0.006335666666670209
edgecore,115.0,0.0216667611111222
edgegw,115.0,0.0158468000000076
netcloudedge2,115.0,0.006395694444447181
netcloudedge1,115.0,0.00979815000000453
netcloudcore,115.0,0.012469838888893525
netcloudgw,115.0,0.01160839166667138
edgegw,115.0,0.0
netcloudgw,115.0,0.0
inter2,115.0,0.01987589722223071
inter1,115.0,0.0158468000000076
internetgw,115.0,0.013100708333338706
edge2gw,115.0,0.0
internetedge,115.0,0.013100708333338706
internetcore,115.0,0.013100708333338706
internetgw,115.0,0.0
edge2edge1,120.0,0.0
edge2core,120.0,0.0
edge2gw,120.0,0.0
edgeedge3,120.0,0.020204152777786755
edgeedge2,120.0,0.006165825000003622
edgeedge1,120.0,0.005873850000002595
edgecore,120.0,0.021115241666676277
edgegw,120.0,0.015463225000006908
netcloudedge2,120.0,0.007320366666670547
netcloudedge1,120.0,0.010146477777781687
netcloudcore,120.0,0.013876655555563056
netcloudgw,120.0,0.012343100000006824
edgegw,120.0,0.0
netcloudgw,120.0,0.0
inter2,120.0,0.019340663888897547
inter1,120.0,0.015463225000006908
internetgw,120.0,0.011873650000004066
edge2gw,120.0,0.0
internetedge,120.0,0.011873650000004066
internetcore,120.0,0.011873650000004066
internetgw,120.0,0.0
edge2edge1,125.0,0.0
edge2core,125.0,0.0
edge2gw,125.0,0.0
edgeedge3,125.0,0.020476916666679945
edgeedge2,125.0,0.005534166666669144
edgeedge1,125.0,0.006106666666669369
edgecore,125.0,0.019291977777785796
edgegw,125.0,0.012591183333338307
netcloudedge2,125.0,0.0071510138888924435
netcloudedge1,125.0,0.006112816666668491
netcloudcore,125.0,0.010693261111114932
netcloudgw,125.0,0.00954548333333663
edgegw,125.0,0.0
netcloudgw,125.0,0.0
inter2,125.0,0.015835741666672065
inter1,125.0,0.012591183333338307
internetgw,125.0,0.01045194166667096
edge2gw,125.0,0.0
internetedge,125.0,0.01045194166667096
internetcore,125.0,0.01045194166667096
internetgw,125.0,0.0
edge2edge1,130.0,0.0
edge2core,130.0,0.0
edge2gw,130.0,0.0
edgeedge3,130.0,0.01854893888889353
edgeedge2,130.0,0.00463724999999704
edgeedge1,130.0,0.0045399250000016655
edgecore,130.0,0.01758773055555579
edgegw,130.0,0.011976700000000229
netcloudedge2,130.0,0.00689289999999973
netcloudedge1,130.0,0.006474975000000466
netcloudcore,130.0,0.010506180555554856
netcloudgw,130.0,0.008652383333332042
edgegw,130.0,0.0
netcloudgw,130.0,0.0
inter2,130.0,0.015127155555554606
inter1,130.0,0.011976700000000229
internetgw,130.0,0.010757275000000899
edge2gw,130.0,0.0
internetedge,130.0,0.010757275000000899
internetcore,130.0,0.010757275000000899
internetgw,130.0,0.0
edge2edge1,135.0,0.0
edge2core,135.0,0.0
edge2gw,135.0,0.0
edgeedge3,135.0,0.022802061111086847
edgeedge2,135.0,0.0070608333333272155
edgeedge1,135.0,0.005549433333327941
edgecore,135.0,0.02117749999997659
edgegw,135.0,0.01406823333331736
netcloudedge2,135.0,0.008046152777770627
netcloudedge1,135.0,0.0069238861111036165
netcloudcore,135.0,0.011935341666651444
netcloudgw,135.0,0.010728649999988848
edgegw,135.0,0.0
netcloudgw,135.0,0.0
inter2,135.0,0.01767507777775762
inter1,135.0,0.01406823333331736
internetgw,135.0,0.011577858333323532
edge2gw,135.0,0.0
internetedge,135.0,0.011577858333323532
internetcore,135.0,0.011577858333323532
internetgw,135.0,0.0
edge2edge1,140.0,0.0
edge2core,140.0,0.0
edge2gw,140.0,0.0
edgeedge3,140.0,0.02255737222219878
edgeedge2,140.0,0.006228799999993873
edgeedge1,140.0,0.0064883333333277116
edgecore,140.0,0.021039194444422593
edgegw,140.0,0.014064416666653201
netcloudedge2,140.0,0.0074791277777680465
netcloudedge1,140.0,0.0071359694444336486
netcloudcore,140.0,0.011438572222206178
netcloudgw,140.0,0.009988216666655864
edgegw,140.0,0.0
netcloudgw,140.0,0.0
inter2,140.0,0.01706868333330752
inter1,140.0,0.014064416666653201
internetgw,140.0,0.010885133333315644
edge2gw,140.0,0.0
internetedge,140.0,0.010885133333315644
internetcore,140.0,0.010885133333315644
internetgw,140.0,0.0
edge2edge1,145.0,0.0
edge2core,145.0,0.0
edge2gw,145.0,0.0
edgeedge3,145.0,0.022471563888868062
edgeedge2,145.0,0.006942516666659321
edgeedge1,145.0,0.006797483333328774
edgecore,145.0,0.021893027777759144
edgegw,145.0,0.014825841666654571
netcloudedge2,145.0,0.008816008333322023
netcloudedge1,145.0,0.007753741666661679
netcloudcore,145.0,0.013103955555541669
netcloudgw,145.0,0.011430916666656576
edgegw,145.0,0.0
netcloudgw,145.0,0.0
inter2,145.0,0.019291158333313463
inter1,145.0,0.014825841666654571
internetgw,145.0,0.013331616666650725
edge2gw,145.0,0.0
internetedge,145.0,0.013331616666650725
internetcore,145.0,0.013331616666650725
internetgw,145.0,0.0
edge2edge1,150.0,0.0
edge2core,150.0,0.0
edge2gw,150.0,0.0
edgeedge3,150.0,0.019113822222202814
edgeedge2,150.0,0.00512387499999567
edgeedge1,150.0,0.005539891666661523
edgecore,150.0,0.01870593333331405
edgegw,150.0,0.012024408333320802
netcloudedge2,150.0,0.006818241666661007
netcloudedge1,150.0,0.00614715833332824
netcloudcore,150.0,0.010417591666656234
netcloudgw,150.0,0.008700091666659138
edgegw,150.0,0.0
netcloudgw,150.0,0.0
inter2,150.0,0.015055558333318786
inter1,150.0,0.012024408333320802
internetgw,150.0,0.010198133333323811
edge2gw,150.0,0.0
internetedge,150.0,0.010198133333323811
internetcore,150.0,0.010198133333323811
internetgw,150.0,0.0
edge2edge1,155.0,0.0
edge2core,155.0,0.0
edge2gw,155.0,0.0
edgeedge3,155.0,0.020428561111090926
edgeedge2,155.0,0.0054177583333300805
edgeedge1,155.0,0.006203991666660802
edgecore,155.0,0.019342919444425455
edgegw,155.0,0.012528208333321689
netcloudedge2,155.0,0.0070608333333272155
netcloudedge1,155.0,0.005726166666661703
netcloudcore,155.0,0.009916708333323088
netcloudgw,155.0,0.009341291666657009
edgegw,155.0,0.0
netcloudgw,155.0,0.0
inter2,155.0,0.016138047222206575
inter1,155.0,0.012528208333321689
internetgw,155.0,0.011121766666655708
edge2gw,155.0,0.0
internetedge,155.0,0.011121766666655708
internetcore,155.0,0.011121766666655708
internetgw,155.0,0.0
edge2edge1,160.0,0.0
edge2core,160.0,0.0
edge2gw,160.0,0.0
edgeedge3,160.0,0.022259419444423445
edgeedge2,160.0,0.0053242499999958115
edgeedge1,160.0,0.007223041666659935
edgecore,160.0,0.02143185555553495
edgegw,160.0,0.014501424999989687
netcloudedge2,160.0,0.008814961111100889
netcloudedge1,160.0,0.0088638555555485
netcloudcore,160.0,0.01367595555554002
netcloudgw,160.0,0.011005358333322335
edgegw,160.0,0.0
netcloudgw,160.0,0.0
inter2,160.0,0.01828695555553561
inter1,160.0,0.014501424999989687
internetgw,160.0,0.012427066666646336
edge2gw,160.0,0.0
internetedge,160.0,0.012427066666646336
internetcore,160.0,0.012427066666646336
internetgw,160.0,0.0
edge2edge1,165.0,0.0
edge2core,165.0,0.0
edge2gw,165.0,0.0
edgeedge3,165.0,0.022974966666641672
edgeedge2,165.0,0.006452074999993673
edgeedge1,165.0,0.006786033333327834
edgecore,165.0,0.021604119444419756
edgegw,165.0,0.015146441666650579
netcloudedge2,165.0,0.009106491666659527
netcloudedge1,165.0,0.008326483333324725
netcloudcore,165.0,0.01374890833331921
netcloudgw,165.0,0.011490074999987165
edgegw,165.0,0.0
netcloudgw,165.0,0.0
inter2,165.0,0.019508441666647613
inter1,165.0,0.015146441666650579
internetgw,165.0,0.013114066666655988
edge2gw,165.0,0.0
internetedge,165.0,0.013114066666655988
internetcore,165.0,0.013114066666655988
internetgw,165.0,0.0
edge2edge1,170.0,0.0
edge2core,170.0,0.0
edge2gw,170.0,0.0
edgeedge3,170.0,0.014893333333318326
edgeedge2,170.0,0.005412033333328264
edgeedge1,170.0,0.002480833333331184
edgecore,170.0,0.013814255555541277
edgegw,170.0,0.008656199999990899
netcloudedge2,170.0,0.0050303666666619284
netcloudedge1,170.0,0.004521952777771787
netcloudcore,170.0,0.007648180555545558
netcloudgw,170.0,0.006862366666658459
edgegw,170.0,0.0
netcloudgw,170.0,0.0
inter2,170.0,0.011064588888876403
inter1,170.0,0.008656199999990899
internetgw,170.0,0.006869999999993048
edge2gw,170.0,0.0
internetedge,170.0,0.006869999999993048
internetcore,170.0,0.006869999999993048
internetgw,170.0,0.0
edge2edge1,175.0,0.0
edge2core,175.0,0.0
edge2gw,175.0,0.0
edgeedge3,175.0,0.027269805555528603
edgeedge2,175.0,0.005915833333328208
edgeedge1,175.0,0.008969166666658895
edgecore,175.0,0.025446994444420223
edgegw,175.0,0.017470791666649443
netcloudedge2,175.0,0.010009383333323102
netcloudedge1,175.0,0.009123749999995628
netcloudcore,175.0,0.015126522222209393
netcloudgw,175.0,0.012785833333322283
edgegw,175.0,0.0
netcloudgw,175.0,0.0
inter2,175.0,0.022200713888864576
inter1,175.0,0.017470791666649443
internetgw,175.0,0.01574374999998257
edge2gw,175.0,0.0
internetedge,175.0,0.01574374999998257
internetcore,175.0,0.01574374999998257
internetgw,175.0,0.0
edge2edge1,180.0,0.0
edge2core,180.0,0.0
edge2gw,180.0,0.0
edgeedge3,180.0,0.021477230555533522
edgeedge2,180.0,0.005667749999993671
edgeedge1,180.0,0.006471158333329841
edgecore,180.0,0.0210635638888671
edgegw,180.0,0.013671299999985509
netcloudedge2,180.0,0.007644652777768185
netcloudedge1,180.0,0.006502752777770515
netcloudcore,180.0,0.010969677777764308
netcloudgw,180.0,0.009953866666655597
edgegw,180.0,0.0
netcloudgw,180.0,0.0
inter2,180.0,0.017006577777759935
inter1,180.0,0.013671299999985509
internetgw,180.0,0.011373666666655902
edge2gw,180.0,0.0
internetedge,180.0,0.011373666666655902
internetcore,180.0,0.011373666666655902
internetgw,180.0,0.0
edge2edge1,185.0,0.0
edge2core,185.0,0.0
edge2gw,185.0,0.0
edgeedge3,185.0,0.0179007249999813
edgeedge2,185.0,0.004984566666661472
edgeedge1,185.0,0.005335699999995641
edgecore,185.0,0.017300583333313857
edgegw,185.0,0.01107024166665399
netcloudedge2,185.0,0.006578024999993548
netcloudedge1,185.0,0.0061941527777718
netcloudcore,185.0,0.01010051111110044
netcloudgw,185.0,0.00849208333332424
edgegw,185.0,0.0
netcloudgw,185.0,0.0
inter2,185.0,0.014417147222206439
inter1,185.0,0.01107024166665399
internetgw,185.0,0.01001493333332365
edge2gw,185.0,0.0
internetedge,185.0,0.01001493333332365
internetcore,185.0,0.01001493333332365
internetgw,185.0,0.0
edge2edge1,190.0,0.0
edge2core,190.0,0.0
edge2gw,190.0,0.0
edgeedge3,190.0,0.019279722222202755
edgeedge2,190.0,0.0032441666666638558
edgeedge1,190.0,0.006106666666661376
edgecore,190.0,0.017191666666649397
edgegw,190.0,0.011449999999988414
netcloudedge2,190.0,0.006152466666660722
netcloudedge1,190.0,0.005772911111105727
netcloudcore,190.0,0.009253711111101681
netcloudgw,190.0,0.007679133333326038
edgegw,190.0,0.0
netcloudgw,190.0,0.0
inter2,190.0,0.014354683333319018
inter1,190.0,0.011449999999988414
internetgw,190.0,0.010102716666656075
edge2gw,190.0,0.0
internetedge,190.0,0.010102716666656075
internetcore,190.0,0.010102716666656075
internetgw,190.0,0.0
edge2edge1,195.0,0.0
edge2core,195.0,0.0
edge2gw,195.0,0.0
edgeedge3,195.0,0.016744777777758624
edgeedge2,195.0,0.004198333333329668
edgeedge1,195.0,0.00572499999999504
edgecore,195.0,0.016621861111091762
edgegw,195.0,0.010904216666650646
netcloudedge2,195.0,0.005946366666660818
netcloudedge1,195.0,0.005724999999994207
netcloudcore,195.0,0.009714138888876955
netcloudgw,195.0,0.00895008333332209
edgegw,195.0,0.0
netcloudgw,195.0,0.0
inter2,195.0,0.0141088027777585
inter1,195.0,0.010904216666650646
internetgw,195.0,0.009159999999990731
edge2gw,195.0,0.0
internetedge,195.0,0.009159999999990731
internetcore,195.0,0.009159999999990731
internetgw,195.0,0.0
edge2edge1,200.0,0.0
edge2core,200.0,0.0
edge2gw,200.0,0.0
edgeedge3,200.0,0.015743086111095317
edgeedge2,200.0,0.002749908333331441
edgeedge1,200.0,0.005343333333328704
edgecore,200.0,0.015058244444430047
edgegw,200.0,0.010400416666656698
netcloudedge2,200.0,0.005039908333328735
netcloudedge1,200.0,0.005053727777771855
netcloudcore,200.0,0.007986374999990442
netcloudgw,200.0,0.007223041666657881
edgegw,200.0,0.0
netcloudgw,200.0,0.0
inter2,200.0,0.013098972222208571
inter1,200.0,0.010400416666656698
internetgw,200.0,0.009095116666658576
edge2gw,200.0,0.0
internetedge,200.0,0.009095116666658576
internetcore,200.0,0.009095116666658576
internetgw,200.0,0.0
edge2edge1,205.0,0.0
edge2core,205.0,0.0
edge2gw,205.0,0.0
edgeedge3,205.0,0.02426200833331338
edgeedge2,205.0,0.008205833333326196
edgeedge1,205.0,0.00546164999999546
edgecore,205.0,0.02309198888886732
edgegw,205.0,0.01567886666665197
netcloudedge2,205.0,0.008822224999992079
netcloudedge1,205.0,0.007522649999993525
netcloudcore,205.0,0.0129668333333261
netcloudgw,205.0,0.012114099999992634
edgegw,205.0,0.0
netcloudgw,205.0,0.0
inter2,205.0,0.019804044444430957
inter1,205.0,0.01567886666665197
internetgw,205.0,0.013045366666654234
edge2gw,205.0,0.0
internetedge,205.0,0.013045366666654234
internetcore,205.0,0.013045366666654234
internetgw,205.0,0.0
edge2edge1,210.0,0.0
edge2core,210.0,0.0
edge2gw,210.0,0.0
edgeedge3,210.0,0.027018166666639365
edgeedge2,210.0,0.011119858333325405
edgeedge1,210.0,0.006089491666655011
edgecore,210.0,0.0273654999999714
edgegw,210.0,0.01894974999998056
netcloudedge2,210.0,0.011526655555549714
netcloudedge1,210.0,0.010271611111098589
netcloudcore,210.0,0.01671875555554808
netcloudgw,210.0,0.014530049999991357
edgegw,210.0,0.0
netcloudgw,210.0,0.0
inter2,210.0,0.02359236944442744
inter1,210.0,0.01894974999998056
internetgw,210.0,0.01546322499998476
edge2gw,210.0,0.0
internetedge,210.0,0.01546322499998476
internetcore,210.0,0.01546322499998476
internetgw,210.0,0.0
edge2edge1,215.0,0.0
edge2core,215.0,0.0
edge2gw,215.0,0.0
edgeedge3,215.0,0.025558624999974522
edgeedge2,215.0,0.0072516666666603835
edgeedge1,215.0,0.007076099999992813
edgecore,215.0,0.024601002777753123
edgegw,215.0,0.016270449999983172
netcloudedge2,215.0,0.008792736111101096
netcloudedge1,215.0,0.007103102777769765
netcloudcore,215.0,0.012500041666654915
netcloudgw,215.0,0.011495799999990175
edgegw,215.0,0.0
netcloudgw,215.0,0.0
inter2,215.0,0.019785247222204427
inter1,215.0,0.016270449999983172
internetgw,215.0,0.013180858333320666
edge2gw,215.0,0.0
internetedge,215.0,0.013180858333320666
internetcore,215.0,0.013180858333320666
internetgw,215.0,0.0
edge2edge1,220.0,0.0
edge2core,220.0,0.0
edge2gw,220.0,0.0
edgeedge3,220.0,0.020829988888867446
edgeedge2,220.0,0.004870066666661399
edgeedge1,220.0,0.00573835833332581
edgecore,220.0,0.01982799722220141
edgegw,220.0,0.013030099999988165
netcloudedge2,220.0,0.006872777777770844
netcloudedge1,220.0,0.006488333333326768
netcloudcore,220.0,0.010265508333322682
netcloudgw,220.0,0.009501591666656817
edgegw,220.0,0.0
netcloudgw,220.0,0.0
inter2,220.0,0.016646136111093668
inter1,220.0,0.013030099999988165
internetgw,220.0,0.011507249999988145
edge2gw,220.0,0.0
internetedge,220.0,0.011507249999988145
internetcore,220.0,0.011507249999988145
internetgw,220.0,0.0
edge2edge1,225.0,0.0
edge2core,225.0,0.0
edge2gw,225.0,0.0
edgeedge3,225.0,0.019624113888866646
edgeedge2,225.0,0.0053433333333279265
edgeedge1,225.0,0.005822324999991524
edgecore,225.0,0.019957986111087234
edgegw,225.0,0.013077808333320395
netcloudedge2,225.0,0.00782416666665875
netcloudedge1,225.0,0.006370413888886595
netcloudcore,225.0,0.0117121083333257
netcloudgw,225.0,0.010421408333325777
edgegw,225.0,0.0
netcloudgw,225.0,0.0
inter2,225.0,0.01698177222220787
inter1,225.0,0.013077808333320395
internetgw,225.0,0.011068333333322133
edge2gw,225.0,0.0
internetedge,225.0,0.011068333333322133
internetcore,225.0,0.011068333333322133
internetgw,225.0,0.0
edge2edge1,230.0,0.0
edge2core,230.0,0.0
edge2gw,230.0,0.0
edgeedge3,230.0,0.022183127777757217
edgeedge2,230.0,0.0061696416666577325
edgeedge1,230.0,0.006335666666659467
edgecore,230.0,0.021395386111086823
edgegw,230.0,0.014375474999981708
netcloudedge2,230.0,0.007249133333324553
netcloudedge1,230.0,0.007395661111099849
netcloudcore,230.0,0.010762791666652893
netcloudgw,230.0,0.009423349999988284
edgegw,230.0,0.0
netcloudgw,230.0,0.0
inter2,230.0,0.0177426027777573
inter1,230.0,0.014375474999981708
internetgw,230.0,0.01250530833332053
edge2gw,230.0,0.0
internetedge,230.0,0.01250530833332053
internetcore,230.0,0.01250530833332053
internetgw,230.0,0.0
edge2edge1,235.0,0.0
edge2core,235.0,0.0
edge2gw,235.0,0.0
edgeedge3,235.0,0.021517458333311423
edgeedge2,235.0,0.00641963333332668
edgeedge1,235.0,0.005894841666659989
edgecore,235.0,0.02039174722220094
edgegw,235.0,0.012833541666652737
netcloudedge2,235.0,0.007070374999993245
netcloudedge1,235.0,0.0063890999999928755
netcloudcore,235.0,0.010657947222211583
netcloudgw,235.0,0.009721049999990405
edgegw,235.0,0.0
netcloudgw,235.0,0.0
inter2,235.0,0.015804819444429574
inter1,235.0,0.012833541666652737
internetgw,235.0,0.009946233333324672
edge2gw,235.0,0.0
internetedge,235.0,0.009946233333324672
internetcore,235.0,0.009946233333324672
internetgw,235.0,0.0
edge2edge1,240.0,0.0
edge2core,240.0,0.0
edge2gw,240.0,0.0
edgeedge3,240.0,0.022331355555533228
edgeedge2,240.0,0.005036091666659803
edgeedge1,240.0,0.006604741666661806
edgecore,240.0,0.02074242222219913
edgegw,240.0,0.013768624999985435
netcloudedge2,240.0,0.006732236111104961
netcloudedge1,240.0,0.006843672222215547
netcloudcore,240.0,0.010527936111101366
netcloudgw,240.0,0.009753491666657621
edgegw,240.0,0.0
netcloudgw,240.0,0.0
inter2,240.0,0.017679713888874016
inter1,240.0,0.013768624999985435
internetgw,240.0,0.012280124999990427
edge2gw,240.0,0.0
internetedge,240.0,0.012280124999990427
internetcore,240.0,0.012280124999990427
internetgw,240.0,0.0
edge2edge1,245.0,0.0
edge2core,245.0,0.0
edge2gw,245.0,0.0
edgeedge3,245.0,0.021092341666644643
edgeedge2,245.0,0.0061810916666608096
edgeedge1,245.0,0.006032241666660221
edgecore,245.0,0.02028729722220335
edgegw,245.0,0.014217083333320724
netcloudedge2,245.0,0.008331744444439848
netcloudedge1,245.0,0.006912455555551034
netcloudcore,245.0,0.011994074999992832
netcloudgw,245.0,0.010938566666656768
edgegw,245.0,0.0
netcloudgw,245.0,0.0
inter2,245.0,0.018205233333319804
inter1,245.0,0.014217083333320724
internetgw,245.0,0.012255316666657468
edge2gw,245.0,0.0
internetedge,245.0,0.012255316666657468
internetcore,245.0,0.012255316666657468
internetgw,245.0,0.0
edge2edge1,250.0,0.0
edge2core,250.0,0.0
edge2gw,250.0,0.0
edgeedge3,250.0,0.02032459166664613
edgeedge2,250.0,0.004621983333328583
edgeedge1,250.0,0.00647497499999411
edgecore,250.0,0.019143313888868807
edgegw,250.0,0.012747666666654722
netcloudedge2,250.0,0.0073986083333250074
netcloudedge1,250.0,0.007238308333326671
netcloudcore,250.0,0.011393999999988247
netcloudgw,250.0,0.009379458333324375
edgegw,250.0,0.0
netcloudgw,250.0,0.0
inter2,250.0,0.016218224999985265
inter1,250.0,0.012747666666654722
internetgw,250.0,0.011026349999989749
edge2gw,250.0,0.0
internetedge,250.0,0.011026349999989749
internetcore,250.0,0.011026349999989749
internetgw,250.0,0.0
edge2edge1,255.0,0.0
edge2core,255.0,0.0
edge2gw,255.0,0.0
edgeedge3,255.0,0.017993991666653164
edgeedge2,255.0,0.0038681916666607474
edgeedge1,255.0,0.006679166666659908
edgecore,255.0,0.017619605555540097
edgegw,255.0,0.011337408333322863
netcloudedge2,255.0,0.007112358333324131
netcloudedge1,255.0,0.006630399999996428
netcloudcore,255.0,0.010880286111101145
netcloudgw,255.0,0.009098933333323178
edgegw,255.0,0.0
netcloudgw,255.0,0.0
inter2,255.0,0.014774116666652404
inter1,255.0,0.011337408333322863
internetgw,255.0,0.009862266666658348
edge2gw,255.0,0.0
internetedge,255.0,0.009862266666658348
internetcore,255.0,0.009862266666658348
internetgw,255.0,0.0
edge2edge1,260.0,0.0
edge2core,260.0,0.0
edge2gw,260.0,0.0
edgeedge3,260.0,0.02579543888886171
edgeedge2,260.0,0.00877833333332445
edgeedge1,260.0,0.006297499999993628
edgecore,260.0,0.024079916666639
edgegw,260.0,0.01599755833331251
netcloudedge2,260.0,0.008759477777768088
netcloudedge1,260.0,0.004694499999993829
netcloudcore,260.0,0.011078199999987715
netcloudgw,260.0,0.010831699999987732
edgegw,260.0,0.0
netcloudgw,260.0,0.0
inter2,260.0,0.018109230555535594
inter1,260.0,0.01599755833331251
internetgw,260.0,0.010732466666655172
edge2gw,260.0,0.0
internetedge,260.0,0.010732466666655172
internetcore,260.0,0.010732466666655172
internetgw,260.0,0.0
edge2edge1,265.0,0.0
edge2core,265.0,0.0
edge2gw,265.0,0.0
edgeedge3,265.0,0.02226039999997842
edgeedge2,265.0,0.006524591666659751
edgeedge1,265.0,0.0049635749999956125
edgecore,265.0,0.021026952777759123
edgegw,265.0,0.014942249999985946
netcloudedge2,265.0,0.007536536111102943
netcloudedge1,265.0,0.004091466666663268
netcloudcore,265.0,0.009949011111102024
netcloudgw,265.0,0.009564566666657837
edgegw,265.0,0.0
netcloudgw,265.0,0.0
inter2,265.0,0.01744252777776134
inter1,265.0,0.014942249999985946
internetgw,265.0,0.011675183333321626
edge2gw,265.0,0.0
internetedge,265.0,0.011675183333321626
internetcore,265.0,0.011675183333321626
internetgw,265.0,0.0
edge2edge1,270.0,0.0
edge2core,270.0,0.0
edge2gw,270.0,0.0
edgeedge3,270.0,0.025649669444417267
edgeedge2,270.0,0.0070073999999955006
edgeedge1,270.0,0.0059940749999918275
edgecore,270.0,0.023730486111087412
edgegw,270.0,0.016871574999982264
netcloudedge2,270.0,0.008534066666658457
netcloudedge1,270.0,0.004310924999996857
netcloudcore,270.0,0.010867974999989594
netcloudgw,270.0,0.010482474999989666
edgegw,270.0,0.0
netcloudgw,270.0,0.0
inter2,270.0,0.019514686111089197
inter1,270.0,0.016871574999982264
internetgw,270.0,0.01231638333331897
edge2gw,270.0,0.0
internetedge,270.0,0.01231638333331897
internetcore,270.0,0.01231638333331897
internetgw,270.0,0.0
edge2edge1,275.0,0.0
edge2core,275.0,0.0
edge2gw,275.0,0.0
edgeedge3,275.0,0.026825788888858115
edgeedge2,275.0,0.006986408333326588
edgeedge1,275.0,0.006868091666661302
edgecore,275.0,0.02638771666663886
edgegw,275.0,0.0184917499999786
netcloudedge2,275.0,0.008561133333324922
netcloudedge1,275.0,0.0047460249999949355
netcloudcore,275.0,0.011016047222210945
netcloudgw,275.0,0.010459574999988897
edgegw,275.0,0.0
netcloudgw,275.0,0.0
inter2,275.0,0.020703072222198582
inter1,275.0,0.0184917499999786
internetgw,275.0,0.013825874999984111
edge2gw,275.0,0.0
internetedge,275.0,0.013825874999984111
internetcore,275.0,0.013825874999984111
internetgw,275.0,0.0
edge2edge1,280.0,0.0
edge2core,280.0,0.0
edge2gw,280.0,0.0
edgeedge3,280.0,0.027378844444415407
edgeedge2,280.0,0.00719823333332531
edgeedge1,280.0,0.006656266666660249
edgecore,280.0,0.025659688888859167
edgegw,280.0,0.01712729166664617
netcloudedge2,280.0,0.008419147222210654
netcloudedge1,280.0,0.004465499999994904
netcloudcore,280.0,0.010776097222208292
netcloudgw,280.0,0.00987180833332002
edgegw,280.0,0.0
netcloudgw,280.0,0.0
inter2,280.0,0.01896649722219801
inter1,280.0,0.01712729166664617
internetgw,280.0,0.012432791666655674
edge2gw,280.0,0.0
internetedge,280.0,0.012432791666655674
internetcore,280.0,0.012432791666655674
internetgw,280.0,0.0
edge2edge1,285.0,0.0
edge2core,285.0,0.0
edge2gw,285.0,0.0
edgeedge3,285.0,0.019246880555528145
edgeedge2,285.0,0.004551374999996083
edgeedge1,285.0,0.005471191666660602
edgecore,285.0,0.018348397222198276
edgegw,285.0,0.013131241666650695
netcloudedge2,285.0,0.0062640472222173504
netcloudedge1,285.0,0.0034769833333290756
netcloudcore,285.0,0.008095888888876801
netcloudgw,285.0,0.007843249999988533
edgegw,285.0,0.0
netcloudgw,285.0,0.0
inter2,285.0,0.015218947222205959
inter1,285.0,0.013131241666650695
internetgw,285.0,0.009717233333325193
edge2gw,285.0,0.0
internetedge,285.0,0.009717233333325193
internetcore,285.0,0.009717233333325193
internetgw,285.0,0.0
edge2edge1,290.0,0.0
edge2core,290.0,0.0
edge2gw,290.0,0.0
edgeedge3,290.0,0.028688055555529113
edgeedge2,290.0,0.008049349999988742
edgeedge1,290.0,0.006488333333327878
edgecore,290.0,0.027752233333304455
edgegw,290.0,0.02002604999997626
netcloudedge2,290.0,0.009422216666660599
netcloudedge1,290.0,0.004877699999993379
netcloudcore,290.0,0.012580547222210803
netcloudgw,290.0,0.012005324999989075
edgegw,290.0,0.0
netcloudgw,290.0,0.0
inter2,290.0,0.022609497222198405
inter1,290.0,0.02002604999997626
internetgw,290.0,0.014558674999984533
edge2gw,290.0,0.0
internetedge,290.0,0.014558674999984533
internetcore,290.0,0.014558674999984533
internetgw,290.0,0.0
edge2edge1,295.0,0.0
edge2core,295.0,0.0
edge2gw,295.0,0.0
edgeedge3,295.0,0.021365405555534345
edgeedge2,295.0,0.0053872249999945
edgeedge1,295.0,0.005463558333327068
edgecore,295.0,0.020120480555535503
edgegw,295.0,0.014072049999986569
netcloudedge2,295.0,0.007125019444437719
netcloudedge1,295.0,0.0037765916666642196
netcloudcore,295.0,0.008765999999992946
netcloudgw,295.0,0.008186749999993359
edgegw,295.0,0.0
netcloudgw,295.0,0.0
inter2,295.0,0.01601038888887707
inter1,295.0,0.014072049999986569
internetgw,295.0,0.01099963333332532
edge2gw,295.0,0.0
internetedge,295.0,0.01099963333332532
internetcore,295.0,0.01099963333332532
internetgw,295.0,0.0
edge2edge1,300.0,0.0
edge2core,300.0,0.0
edge2gw,300.0,0.0
edgeedge3,300.0,0.027177302777756207
edgeedge2,300.0,0.007287924999991202
edgeedge1,300.0,0.007421508333327886
edgecore,300.0,0.02502250555553487
edgegw,300.0,0.015844891666652594
netcloudedge2,300.0,0.008821574999992976
netcloudedge1,300.0,0.004770833333328506
netcloudcore,300.0,0.010632541666657613
netcloudgw,300.0,0.00985654166665828
edgegw,300.0,0.0
netcloudgw,300.0,0.0
inter2,300.0,0.017704194444427612
inter1,300.0,0.015844891666652594
internetgw,300.0,0.011909908333319175
edge2gw,300.0,0.0
internetedge,300.0,0.011909908333319175
internetcore,300.0,0.011909908333319175
internetgw,300.0,0.0
edge2edge1,305.0,0.0
edge2core,305.0,0.0
edge2gw,305.0,0.0
edgeedge3,305.0,0.022247991666640266
edgeedge2,305.0,0.0058127833333261325
edgeedge1,305.0,0.004564733333328186
edgecore,305.0,0.020873847222195208
edgegw,305.0,0.015369716666644884
netcloudedge2,305.0,0.007644069444436519
netcloudedge1,305.0,0.0038166666666628046
netcloudcore,305.0,0.009932874999989849
netcloudgw,305.0,0.009360374999990428
edgegw,305.0,0.0
netcloudgw,305.0,0.0
inter2,305.0,0.017109677777754295
inter1,305.0,0.015369716666644884
internetgw,305.0,0.011241991666654294
edge2gw,305.0,0.0
internetedge,305.0,0.011241991666654294
internetcore,305.0,0.011241991666654294
internetgw,305.0,0.0
edge2edge1,310.0,0.0
edge2core,310.0,0.0
edge2gw,310.0,0.0
edgeedge3,310.0,0.022889580555536693
edgeedge2,310.0,0.0065093249999914615
edgeedge1,310.0,0.005724999999994207
edgecore,310.0,0.021566724999979803
edgegw,310.0,0.015167433333315938
netcloudedge2,310.0,0.007928938888879022
netcloudedge1,310.0,0.0038529249999967874
netcloudcore,310.0,0.00983892777776596
netcloudgw,310.0,0.00895008333332159
edgegw,310.0,0.0
netcloudgw,310.0,0.0
inter2,310.0,0.01677997777775908
inter1,310.0,0.015167433333315938
internetgw,310.0,0.010333624999992241
edge2gw,310.0,0.0
internetedge,310.0,0.010333624999992241
internetcore,310.0,0.010333624999992241
internetgw,310.0,0.0
edge2edge1,315.0,0.0
edge2core,315.0,0.0
edge2gw,315.0,0.0
edgeedge3,315.0,0.0216318611110915
edgeedge2,315.0,0.0045799999999953656
edgeedge1,315.0,0.005724999999994207
edgecore,315.0,0.020857249999981065
edgegw,315.0,0.016133049999985105
netcloudedge2,315.0,0.007384202777768856
netcloudedge1,315.0,0.0038166666666628046
netcloudcore,315.0,0.009662058333322898
netcloudgw,315.0,0.009089391666656788
edgegw,315.0,0.0
netcloudgw,315.0,0.0
inter2,315.0,0.018556697222203322
inter1,315.0,0.016133049999985105
internetgw,315.0,0.012022499999987835
edge2gw,315.0,0.0
internetedge,315.0,0.012022499999987835
internetcore,315.0,0.012022499999987835
internetgw,315.0,0.0
edge2edge1,320.0,0.0
edge2core,320.0,0.0
edge2gw,320.0,0.0
edgeedge3,320.0,0.019890291666646576
edgeedge2,320.0,0.006606649999995218
edgeedge1,320.0,0.005162041666661288
edgecore,320.0,0.01967036944442646
edgegw,320.0,0.013386958333321264
netcloudedge2,320.0,0.006681074999992764
netcloudedge1,320.0,0.003654458333331223
netcloudcore,320.0,0.008997819444436894
netcloudgw,320.0,0.008806958333325898
edgegw,320.0,0.0
netcloudgw,320.0,0.0
inter2,320.0,0.01511556944443071
inter1,320.0,0.013386958333321264
internetgw,320.0,0.00877833333332445
edge2gw,320.0,0.0
internetedge,320.0,0.00877833333332445
internetcore,320.0,0.00877833333332445
internetgw,320.0,0.0
edge2edge1,325.0,0.0
edge2core,325.0,0.0
edge2gw,325.0,0.0
edgeedge3,325.0,0.02675951388886144
edgeedge2,325.0,0.006446349999993162
edgeedge1,325.0,0.006354749999992304
edgecore,325.0,0.02476860555552718
edgegw,325.0,0.01732957499997867
netcloudedge2,325.0,0.008743983333323324
netcloudedge1,325.0,0.004198333333329085
netcloudcore,325.0,0.010686977777765616
netcloudgw,325.0,0.009915699999988759
edgegw,325.0,0.0
netcloudgw,325.0,0.0
inter2,325.0,0.019462919444421578
inter1,325.0,0.01732957499997867
internetgw,325.0,0.013705649999988467
edge2gw,325.0,0.0
internetedge,325.0,0.013705649999988467
internetcore,325.0,0.013705649999988467
internetgw,325.0,0.0
edge2edge1,330.0,0.0
edge2core,330.0,0.0
edge2gw,330.0,0.0
edgeedge3,330.0,0.025192499999975304
edgeedge2,330.0,0.007398608333326062
edgeedge1,330.0,0.005076166666658999
edgecore,330.0,0.02477092499997391
edgegw,330.0,0.017558574999987586
netcloudedge2,330.0,0.008774180555544853
netcloudedge1,330.0,0.004770833333328506
netcloudcore,330.0,0.011344463888877665
netcloudgw,330.0,0.010764908333322665
edgegw,330.0,0.0
netcloudgw,330.0,0.0
inter2,330.0,0.01987849444442924
inter1,330.0,0.017558574999987586
internetgw,330.0,0.0130472749999887
edge2gw,330.0,0.0
internetedge,330.0,0.0130472749999887
internetcore,330.0,0.0130472749999887
internetgw,330.0,0.0
edge2edge1,335.0,0.0
edge2core,335.0,0.0
edge2gw,335.0,0.0
edgeedge3,335.0,0.02347391944442556
edgeedge2,335.0,0.0065684833333272685
edgeedge1,335.0,0.005923466666660937
edgecore,335.0,0.022234458333317608
edgegw,335.0,0.01512354166665808
netcloudedge2,335.0,0.0077818111111027655
netcloudedge1,335.0,0.0036678166666633816
netcloudcore,335.0,0.010104383333327194
netcloudgw,335.0,0.009530216666661095
edgegw,335.0,0.0
netcloudgw,335.0,0.0
inter2,335.0,0.01712668611110013
inter1,335.0,0.01512354166665808
internetgw,335.0,0.010068366666657114
edge2gw,335.0,0.0
internetedge,335.0,0.010068366666657114
internetcore,335.0,0.010068366666657114
internetgw,335.0,0.0
edge2edge1,340.0,0.0
edge2core,340.0,0.0
edge2gw,340.0,0.0
edgeedge3,340.0,0.0265951888888607
edgeedge2,340.0,0.006328033333326877
edgeedge1,340.0,0.007471124999991807
edgecore,340.0,0.0229424888888643
edgegw,340.0,0.01447661666665545
netcloudedge2,340.0,0.005350966666661516
netcloudedge1,340.0,0.005442566666660209
netcloudcore,340.0,0.009117208333323967
netcloudgw,340.0,0.007768824999991875
edgegw,340.0,0.0
netcloudgw,340.0,0.0
inter2,340.0,0.016987280555541995
inter1,340.0,0.01447661666665545
internetgw,340.0,0.012827816666657332
edge2gw,340.0,0.0
internetedge,340.0,0.012827816666657332
internetcore,340.0,0.012827816666657332
internetgw,340.0,0.0
edge2edge1,345.0,0.0
edge2core,345.0,0.0
edge2gw,345.0,0.0
edgeedge3,345.0,0.02657436111108269
edgeedge2,345.0,0.005192574999994537
edgeedge1,345.0,0.0067287833333239955
edgecore,345.0,0.02321812222219899
edgegw,345.0,0.01490217499999047
netcloudedge2,345.0,0.005240283333326712
netcloudedge1,345.0,0.005141049999994429
netcloudcore,345.0,0.008938824999992545
netcloudgw,345.0,0.007890958333328202
edgegw,345.0,0.0
netcloudgw,345.0,0.0
inter2,345.0,0.017365013888876124
inter1,345.0,0.01490217499999047
internetgw,345.0,0.012518666666655909
edge2gw,345.0,0.0
internetedge,345.0,0.012518666666655909
internetcore,345.0,0.012518666666655909
internetgw,345.0,0.0
edge2edge1,350.0,0.0
edge2core,350.0,0.0
edge2gw,350.0,0.0
edgeedge3,350.0,0.025325494444420116
edgeedge2,350.0,0.005696374999994924
edgeedge1,350.0,0.006135291666659881
edgecore,350.0,0.022484111111088945
edgegw,350.0,0.014091133333320238
netcloudedge2,350.0,0.004423516666663407
netcloudedge1,350.0,0.004933041666662363
netcloudcore,350.0,0.008306483333326287
netcloudgw,350.0,0.007350899999993832
edgegw,350.0,0.0
netcloudgw,350.0,0.0
inter2,350.0,0.016086205555541522
inter1,350.0,0.014091133333320238
internetgw,350.0,0.011678999999988449
edge2gw,350.0,0.0
internetedge,350.0,0.011678999999988449
internetcore,350.0,0.011678999999988449
internetgw,350.0,0.0
edge2edge1,355.0,0.0
edge2core,355.0,0.0
edge2gw,355.0,0.0
edgeedge3,355.0,0.025477897222197177
edgeedge2,355.0,0.006679166666659908
edgeedge1,355.0,0.005839499999993669
edgecore,355.0,0.023020038888866168
edgegw,355.0,0.014072049999986236
netcloudedge2,355.0,0.004847166666662184
netcloudedge1,355.0,0.005024641666662166
netcloudcore,355.0,0.008917641666658649
netcloudgw,355.0,0.007963474999992948
edgegw,355.0,0.0
netcloudgw,355.0,0.0
inter2,355.0,0.016340180555539208
inter1,355.0,0.014072049999986236
internetgw,355.0,0.011604574999987682
edge2gw,355.0,0.0
internetedge,355.0,0.011604574999987682
internetcore,355.0,0.011604574999987682
internetgw,355.0,0.0
edge2edge1,360.0,0.0
edge2core,360.0,0.0
edge2gw,360.0,0.0
edgeedge3,360.0,0.027867699999969853
edgeedge2,360.0,0.006654358333326338
edgeedge1,360.0,0.005940641666659918
edgecore,360.0,0.024454963888862924
edgegw,360.0,0.015564366666649176
netcloudedge2,360.0,0.005564699999995482
netcloudedge1,360.0,0.0053528749999943726
netcloudcore,360.0,0.009323208333325672
netcloudgw,360.0,0.0077955416666605215
edgegw,360.0,0.0
netcloudgw,360.0,0.0
inter2,360.0,0.01820533888887077
inter1,360.0,0.015564366666649176
internetgw,360.0,0.013549166666652956
edge2gw,360.0,0.0
internetedge,360.0,0.013549166666652956
internetcore,360.0,0.013549166666652956
internetgw,360.0,0.0
edge2edge1,365.0,0.0
edge2core,365.0,0.0
edge2gw,365.0,0.0
edgeedge3,365.0,0.01525048055554179
edgeedge2,365.0,0.0045799999999953656
edgeedge1,365.0,0.001711774999995419
edgecore,365.0,0.013649222222207325
edgegw,365.0,0.009198166666660956
netcloudedge2,365.0,0.003244166666663384
netcloudedge1,365.0,0.0029655499999972634
netcloudcore,365.0,0.00577479166666206
netcloudgw,365.0,0.005478824999995302
edgegw,365.0,0.0
netcloudgw,365.0,0.0
inter2,365.0,0.010742699999995109
inter1,365.0,0.009198166666660956
internetgw,365.0,0.00723639999999659
edge2gw,365.0,0.0
internetedge,365.0,0.00723639999999659
internetcore,365.0,0.00723639999999659
internetgw,365.0,0.0
edge2edge1,370.0,0.0
edge2core,370.0,0.0
edge2gw,370.0,0.0
edgeedge3,370.0,0.02878477499997456
edgeedge2,370.0,0.0065513083333240685
edgeedge1,370.0,0.00887947499999181
edgecore,370.0,0.0248543138888635
edgegw,370.0,0.014636916666650013
netcloudedge2,370.0,0.005766983333327924
netcloudedge1,370.0,0.005818508333322647
netcloudcore,370.0,0.009502180555541528
netcloudgw,370.0,0.00796729166665544
edgegw,370.0,0.0
netcloudgw,370.0,0.0
inter2,370.0,0.017502194444424912
inter1,370.0,0.014636916666650013
internetgw,370.0,0.01258545833332192
edge2gw,370.0,0.0
internetedge,370.0,0.01258545833332192
internetcore,370.0,0.01258545833332192
internetgw,370.0,0.0
edge2edge1,375.0,0.0
edge2core,375.0,0.0
edge2gw,375.0,0.0
edgeedge3,375.0,0.025573699999977162
edgeedge2,375.0,0.005675383333328066
edgeedge1,375.0,0.006209716666660647
edgecore,375.0,0.021935558333313843
edgegw,375.0,0.013640766666655146
netcloudedge2,375.0,0.004770833333328506
netcloudedge1,375.0,0.0045704583333289195
netcloudcore,375.0,0.008373961111102002
netcloudgw,375.0,0.007419599999991755
edgegw,375.0,0.0
netcloudgw,375.0,0.0
inter2,375.0,0.015916941666649143
inter1,375.0,0.013640766666655146
internetgw,375.0,0.011251533333319519
edge2gw,375.0,0.0
internetedge,375.0,0.011251533333319519
internetcore,375.0,0.011251533333319519
internetgw,375.0,0.0
edge2edge1,380.0,0.0
edge2core,380.0,0.0
edge2gw,380.0,0.0
edgeedge3,380.0,0.027078197222196287
edgeedge2,380.0,0.0068470999999934445
edgeedge1,380.0,0.00515059166665871
edgecore,380.0,0.023739647222198457
edgegw,380.0,0.01626663333331746
netcloudedge2,380.0,0.00495212499999631
netcloudedge1,380.0,0.005247916666660302
netcloudcore,380.0,0.009246772222214705
netcloudgw,380.0,0.008480633333326604
edgegw,380.0,0.0
netcloudgw,380.0,0.0
inter2,380.0,0.01855852499998334
inter1,380.0,0.01626663333331746
internetgw,380.0,0.013386958333320265
edge2gw,380.0,0.0
internetedge,380.0,0.013386958333320265
internetcore,380.0,0.013386958333320265
internetgw,380.0,0.0
edge2edge1,385.0,0.0
edge2core,385.0,0.0
edge2gw,385.0,0.0
edgeedge3,385.0,0.026861972222196773
edgeedge2,385.0,0.006108574999993344
edgeedge1,385.0,0.007442499999992469
edgecore,385.0,0.023206766666645118
edgegw,385.0,0.014694166666651798
netcloudedge2,385.0,0.005246008333327445
netcloudedge1,385.0,0.0053433333333279265
netcloudcore,385.0,0.008900947222213462
netcloudgw,385.0,0.007371891666659636
edgegw,385.0,0.0
netcloudgw,385.0,0.0
inter2,385.0,0.016942622222209103
inter1,385.0,0.014694166666651798
internetgw,385.0,0.012612174999990566
edge2gw,385.0,0.0
internetedge,385.0,0.012612174999990566
internetcore,385.0,0.012612174999990566
internetgw,385.0,0.0
edge2edge1,390.0,0.0
edge2core,390.0,0.0
edge2gw,390.0,0.0
edgeedge3,390.0,0.02434064722220053
edgeedge2,390.0,0.0059654499999934885
edgeedge1,390.0,0.005497908333328194
edgecore,390.0,0.020901313888870954
edgegw,390.0,0.014020524999987183
netcloudedge2,390.0,0.005001741666660231
netcloudedge1,390.0,0.005137233333327662
netcloudcore,390.0,0.008618086111100487
netcloudgw,390.0,0.007482574999991054
edgegw,390.0,0.0
netcloudgw,390.0,0.0
inter2,390.0,0.016031883333319064
inter1,390.0,0.014020524999987183
internetgw,390.0,0.011449999999990634
edge2gw,390.0,0.0
internetedge,390.0,0.011449999999990634
internetcore,390.0,0.011449999999990634
internetgw,390.0,0.0
edge2edge1,395.0,0.0
edge2core,395.0,0.0
edge2gw,395.0,0.0
edgeedge3,395.0,0.024165763888868597
edgeedge2,395.0,0.006578024999993715
edgeedge1,395.0,0.005534166666661067
edgecore,395.0,0.021169011111093816
edgegw,395.0,0.013860224999987514
netcloudedge2,395.0,0.004933041666662308
netcloudedge1,395.0,0.004889149999996956
netcloudcore,395.0,0.008417480555548251
netcloudgw,395.0,0.007255483333327373
edgegw,395.0,0.0
netcloudgw,395.0,0.0
inter2,395.0,0.01590389722220764
inter1,395.0,0.013860224999987514
internetgw,395.0,0.011318324999986862
edge2gw,395.0,0.0
internetedge,395.0,0.011318324999986862
internetcore,395.0,0.011318324999986862
internetgw,395.0,0.0
edge2edge1,400.0,0.0
edge2core,400.0,0.0
edge2gw,400.0,0.0
edgeedge3,400.0,0.026297386111086007
edgeedge2,400.0,0.006413908333327112
edgeedge1,400.0,0.00622116666665995
edgecore,400.0,0.022898102777755724
edgegw,400.0,0.014734241666653602
netcloudedge2,400.0,0.005152499999994786
netcloudedge1,400.0,0.004906324999995937
netcloudcore,400.0,0.008913824999991826
netcloudgw,400.0,0.007768824999992985
edgegw,400.0,0.0
netcloudgw,400.0,0.0
inter2,400.0,0.016923205555539278
inter1,400.0,0.014734241666653602
internetgw,400.0,0.012114099999988914
edge2gw,400.0,0.0
internetedge,400.0,0.012114099999988914
internetcore,400.0,0.012114099999988914
internetgw,400.0,0.0
edge2edge1,405.0,0.0
edge2core,405.0,0.0
edge2gw,405.0,0.0
edgeedge3,405.0,0.027053099999972963
edgeedge2,405.0,0.00588720833332701
edgeedge1,405.0,0.006652449999988097
edgecore,405.0,0.022762597222197867
edgegw,405.0,0.013825874999991994
netcloudedge2,405.0,0.005152499999994786
netcloudedge1,405.0,0.0051677666666620214
netcloudcore,405.0,0.00879359999999163
netcloudgw,405.0,0.0072669333333265085
edgegw,405.0,0.0
netcloudgw,405.0,0.0
inter2,405.0,0.016316458333322847
inter1,405.0,0.013825874999991994
internetgw,405.0,0.01219043333332459
edge2gw,405.0,0.0
internetedge,405.0,0.01219043333332459
internetcore,405.0,0.01219043333332459
internetgw,405.0,0.0
edge2edge1,410.0,0.0
edge2core,410.0,0.0
edge2gw,410.0,0.0
edgeedge3,410.0,0.026192019444419845
edgeedge2,410.0,0.006106666666660487
edgeedge1,410.0,0.007308916666658005
edgecore,410.0,0.023284233333310977
edgegw,410.0,0.014657908333320258
netcloudedge2,410.0,0.0049025083333280595
netcloudedge1,410.0,0.005152499999994786
netcloudcore,410.0,0.008910008333324004
netcloudgw,410.0,0.007765008333325163
edgegw,410.0,0.0
netcloudgw,410.0,0.0
inter2,410.0,0.017088472222206663
inter1,410.0,0.014657908333320258
internetgw,410.0,0.012346916666655439
edge2gw,410.0,0.0
internetedge,410.0,0.012346916666655439
internetcore,410.0,0.012346916666655439
internetgw,410.0,0.0
edge2edge1,415.0,0.0
edge2core,415.0,0.0
edge2gw,415.0,0.0
edgeedge3,415.0,0.025866580555530483
edgeedge2,415.0,0.00813331666665712
edgeedge1,415.0,0.003860558333331543
edgecore,415.0,0.023206833333310195
edgegw,415.0,0.014820116666649508
netcloudedge2,415.0,0.00550744999999464
netcloudedge1,415.0,0.005457833333327389
netcloudcore,415.0,0.009822811111100838
netcloudgw,415.0,0.008848941666657395
edgegw,415.0,0.0
netcloudgw,415.0,0.0
inter2,415.0,0.01769303333331318
inter1,415.0,0.014820116666649508
internetgw,415.0,0.01241179999998665
edge2gw,415.0,0.0
internetedge,415.0,0.01241179999998665
internetcore,415.0,0.01241179999998665
internetgw,415.0,0.0
edge2edge1,420.0,0.0
edge2core,420.0,0.0
edge2gw,420.0,0.0
edgeedge3,420.0,0.025145030555529413
edgeedge2,420.0,0.005534166666661067
edgeedge1,420.0,0.00817339166665787
edgecore,420.0,0.021379641666644744
edgegw,420.0,0.011990058333320563
netcloudedge2,420.0,0.0045799999999953656
netcloudedge1,420.0,0.005478824999994192
netcloudcore,420.0,0.008748336111101818
netcloudgw,420.0,0.007600891666658449
edgegw,420.0,0.0
netcloudgw,420.0,0.0
inter2,420.0,0.013887919444430574
inter1,420.0,0.011990058333320563
internetgw,420.0,0.00875924999999167
edge2gw,420.0,0.0
internetedge,420.0,0.00875924999999167
internetcore,420.0,0.00875924999999167
internetgw,420.0,0.0
edge2edge1,425.0,0.0
edge2core,425.0,0.0
edge2gw,425.0,0.0
edgeedge3,425.0,0.0268845361110841
edgeedge2,425.0,0.006247883333326376
edgeedge1,425.0,0.006106666666660487
edgecore,425.0,0.022580174999976776
edgegw,425.0,0.015102549999983728
netcloudedge2,425.0,0.006079949999996281
netcloudedge1,425.0,0.0054292083333280505
netcloudcore,425.0,0.009371699999993433
netcloudgw,425.0,0.007862333333325644
edgegw,425.0,0.0
netcloudgw,425.0,0.0
inter2,425.0,0.017935563888870076
inter1,425.0,0.015102549999983728
internetgw,425.0,0.014121666666652377
edge2gw,425.0,0.0
internetedge,425.0,0.014121666666652377
internetcore,425.0,0.014121666666652377
internetgw,425.0,0.0
edge2edge1,430.0,0.0
edge2core,430.0,0.0
edge2gw,430.0,0.0
edgeedge3,430.0,0.023392983333312634
edgeedge2,430.0,0.006162008333326363
edgeedge1,430.0,0.005276541666662804
edgecore,430.0,0.019011344444427314
edgegw,430.0,0.011404199999988984
netcloudedge2,430.0,0.004007499999995945
netcloudedge1,430.0,0.004455958333327348
netcloudcore,430.0,0.0075092916666575915
netcloudgw,430.0,0.00655512499999189
edgegw,430.0,0.0
netcloudgw,430.0,0.0
inter2,430.0,0.013432833333319572
inter1,430.0,0.011404199999988984
internetgw,430.0,0.010056916666655646
edge2gw,430.0,0.0
internetedge,430.0,0.010056916666655646
internetcore,430.0,0.010056916666655646
internetgw,430.0,0.0
edge2edge1,435.0,0.0
edge2core,435.0,0.0
edge2gw,435.0,0.0
edgeedge3,435.0,0.029361147222195738
edgeedge2,435.0,0.006476883333326411
edgeedge1,435.0,0.007213499999992545
edgecore,435.0,0.025446230555528304
edgegw,435.0,0.017463158333312023
netcloudedge2,435.0,0.005765074999996123
netcloudedge1,435.0,0.005704008333321076
netcloudcore,435.0,0.010325083333318164
netcloudgw,435.0,0.009247783333319548
edgegw,435.0,0.0
netcloudgw,435.0,0.0
inter2,435.0,0.019900655555536995
inter1,435.0,0.017463158333312023
internetgw,435.0,0.014400283333321773
edge2gw,435.0,0.0
internetedge,435.0,0.014400283333321773
internetcore,435.0,0.014400283333321773
internetgw,435.0,0.0
edge2edge1,440.0,0.0
edge2core,440.0,0.0
edge2gw,440.0,0.0
edgeedge3,440.0,0.028690358333307797
edgeedge2,440.0,0.006631458333327678
edgeedge1,440.0,0.0075150166666551055
edgecore,440.0,0.02539643055553209
edgegw,440.0,0.01634869166665398
netcloudedge2,440.0,0.005724999999994207
netcloudedge1,440.0,0.005242191666660623
netcloudcore,440.0,0.00984246666665578
netcloudgw,440.0,0.009179083333323623
edgegw,440.0,0.0
netcloudgw,440.0,0.0
inter2,440.0,0.018390133333318293
inter1,440.0,0.01634869166665398
internetgw,440.0,0.012875524999989674
edge2gw,440.0,0.0
internetedge,440.0,0.012875524999989674
internetcore,440.0,0.012875524999989674
internetgw,440.0,0.0
edge2edge1,445.0,0.0
edge2core,445.0,0.0
edge2gw,445.0,0.0
edgeedge3,445.0,0.023179216666664226
edgeedge2,445.0,0.004770833333328506
edgeedge1,445.0,0.0059024749999941895
edgecore,445.0,0.020710341666647425
edgegw,445.0,0.013699924999986512
netcloudedge2,445.0,0.004389166666662225
netcloudedge1,445.0,0.004389166666662225
netcloudcore,445.0,0.007902166666659105
netcloudgw,445.0,0.0071371666666598665
edgegw,445.0,0.0
netcloudgw,445.0,0.0
inter2,445.0,0.015462072222206524
inter1,445.0,0.013699924999986512
internetgw,445.0,0.010646591666654937
edge2gw,445.0,0.0
internetedge,445.0,0.010646591666654937
internetcore,445.0,0.010646591666654937
internetgw,445.0,0.0
edge2edge1,450.0,0.0
edge2core,450.0,0.0
edge2gw,450.0,0.0
edgeedge3,450.0,0.02758964999999769
edgeedge2,450.0,0.008213466666657565
edgeedge1,450.0,0.005093341666661089
edgecore,450.0,0.023329011111089093
edgegw,450.0,0.015068199999985543
netcloudedge2,450.0,0.00607804166665904
netcloudedge1,450.0,0.005915833333327347
netcloudcore,450.0,0.010281930555543717
netcloudgw,450.0,0.008940541666656143
edgegw,450.0,0.0
netcloudgw,450.0,0.0
inter2,450.0,0.017837594444425786
inter1,450.0,0.015068199999985543
internetgw,450.0,0.012329741666654348
edge2gw,450.0,0.0
internetedge,450.0,0.012329741666654348
internetcore,450.0,0.012329741666654348
internetgw,450.0,0.0
edge2edge1,455.0,0.0
edge2core,455.0,0.0
edge2gw,455.0,0.0
edgeedge3,455.0,0.028929083333329775
edgeedge2,455.0,0.0054444749999963404
edgeedge1,455.0,0.008167666666657136
edgecore,455.0,0.025874602777746558
edgegw,455.0,0.016516624999980856
netcloudedge2,455.0,0.005724999999994207
netcloudedge1,455.0,0.005536074999989649
netcloudcore,455.0,0.010009891666654558
netcloudgw,455.0,0.009058858333324649
edgegw,455.0,0.0
netcloudgw,455.0,0.0
inter2,455.0,0.019204780555530654
inter1,455.0,0.016516624999980856
internetgw,455.0,0.014188458333316278
edge2gw,455.0,0.0
internetedge,455.0,0.014188458333316278
internetcore,455.0,0.014188458333316278
internetgw,455.0,0.0
edge2edge1,460.0,0.0
edge2core,460.0,0.0
edge2gw,460.0,0.0
edgeedge3,460.0,0.023386177777775963
edgeedge2,460.0,0.004389166666662225
edgeedge1,460.0,0.007097091666660282
edgecore,460.0,0.020393013888868605
edgegw,460.0,0.012694233333319538
netcloudedge2,460.0,0.0045799999999953656
netcloudedge1,460.0,0.004770833333328506
netcloudcore,460.0,0.00801499999999189
netcloudgw,460.0,0.006679166666659908
edgegw,460.0,0.0
netcloudgw,460.0,0.0
inter2,460.0,0.01484782222220482
inter1,460.0,0.012694233333319538
internetgw,460.0,0.010642774999988225
edge2gw,460.0,0.0
internetedge,460.0,0.010642774999988225
internetcore,460.0,0.010642774999988225
internetgw,460.0,0.0
edge2edge1,465.0,0.0
edge2core,465.0,0.0
edge2gw,465.0,0.0
edgeedge3,465.0,0.029573547222223162
edgeedge2,465.0,0.007070374999991524
edgeedge1,465.0,0.007623791666656943
edgecore,465.0,0.025789394444424074
edgegw,465.0,0.01578954999999227
netcloudedge2,465.0,0.005780341666662192
netcloudedge1,465.0,0.005600958333330519
netcloudcore,465.0,0.009567891666660722
netcloudgw,465.0,0.007848974999995706
edgegw,465.0,0.0
netcloudgw,465.0,0.0
inter2,465.0,0.018186383333325118
inter1,465.0,0.01578954999999227
internetgw,465.0,0.013495733333324544
edge2gw,465.0,0.0
internetedge,465.0,0.013495733333324544
internetcore,465.0,0.013495733333324544
internetgw,465.0,0.0
edge2edge1,470.0,0.0
edge2core,470.0,0.0
edge2gw,470.0,0.0
edgeedge3,470.0,0.029599699999999007
edgeedge2,470.0,0.008049349999990962
edgeedge1,470.0,0.006629549999993767
edgecore,470.0,0.027498811111085875
edgegw,470.0,0.016957449999982943
netcloudedge2,470.0,0.006039874999992256
netcloudedge1,470.0,0.0059291916666585065
netcloudcore,470.0,0.010782377777763474
netcloudgw,470.0,0.00986989999998733
edgegw,470.0,0.0
netcloudgw,470.0,0.0
inter2,470.0,0.01969791666664711
inter1,470.0,0.016957449999982943
internetgw,470.0,0.014102583333320595
edge2gw,470.0,0.0
internetedge,470.0,0.014102583333320595
internetcore,470.0,0.014102583333320595
internetgw,470.0,0.0
edge2edge1,475.0,0.0
edge2core,475.0,0.0
edge2gw,475.0,0.0
edgeedge3,475.0,0.02649436666666638
edgeedge2,475.0,0.0060150666666586305
edgeedge1,475.0,0.006263149999992557
edgecore,475.0,0.02257626666665269
edgegw,475.0,0.014514783333321457
netcloudedge2,475.0,0.004770833333328506
netcloudedge1,475.0,0.005100974999995844
netcloudcore,475.0,0.008416516666662988
netcloudgw,475.0,0.007266933333330838
edgegw,475.0,0.0
netcloudgw,475.0,0.0
inter2,475.0,0.01662980555554605
inter1,475.0,0.014514783333321457
internetgw,475.0,0.012026316666656767
edge2gw,475.0,0.0
internetedge,475.0,0.012026316666656767
internetcore,475.0,0.012026316666656767
internetgw,475.0,0.0
edge2edge1,480.0,0.0
edge2core,480.0,0.0
edge2gw,480.0,0.0
edgeedge3,480.0,0.025607552777778597
edgeedge2,480.0,0.0052650916666603376
edgeedge1,480.0,0.006501691666661147
edgecore,480.0,0.02162392222222209
edgegw,480.0,0.013552983333321
netcloudedge2,480.0,0.005322341666661123
netcloudedge1,480.0,0.00484144166666256
netcloudcore,480.0,0.008954713888879917
netcloudgw,480.0,0.007927216666657855
edgegw,480.0,0.0
netcloudgw,480.0,0.0
inter2,480.0,0.016384841666652772
inter1,480.0,0.013552983333321
internetgw,480.0,0.012173258333322279
edge2gw,480.0,0.0
internetedge,480.0,0.012173258333322279
internetcore,480.0,0.012173258333322279
internetgw,480.0,0.0
edge2edge1,485.0,0.0
edge2core,485.0,0.0
edge2gw,485.0,0.0
edgeedge3,485.0,0.027153274999986543
edgeedge2,485.0,0.007041749999992297
edgeedge1,485.0,0.007251666666659329
edgecore,485.0,0.02380033055555142
edgegw,485.0,0.014703708333313248
netcloudedge2,485.0,0.005099066666661933
netcloudedge1,485.0,0.005429208333331492
netcloudcore,485.0,0.009500561111102424
netcloudgw,485.0,0.008785966666658318
edgegw,485.0,0.0
netcloudgw,485.0,0.0
inter2,485.0,0.016700055555532556
inter1,485.0,0.014703708333313248
internetgw,485.0,0.011325958333320507
edge2gw,485.0,0.0
internetedge,485.0,0.011325958333320507
internetcore,485.0,0.011325958333320507
internetgw,485.0,0.0
edge2edge1,490.0,0.0
edge2core,490.0,0.0
edge2gw,490.0,0.0
edgeedge3,490.0,0.026436508333331776
edgeedge2,490.0,0.005591416666660742
edgeedge1,490.0,0.006297499999993628
edgecore,490.0,0.023549008333333177
edgegw,490.0,0.015192241666651451
netcloudedge2,490.0,0.005200208333327017
netcloudedge1,490.0,0.004961666666661646
netcloudcore,490.0,0.008700044444434174
netcloudgw,490.0,0.007362349999990969
edgegw,490.0,0.0
netcloudgw,490.0,0.0
inter2,490.0,0.017705058333312262
inter1,490.0,0.015192241666651451
internetgw,490.0,0.013461383333317922
edge2gw,490.0,0.0
internetedge,490.0,0.013461383333317922
internetcore,490.0,0.013461383333317922
internetgw,490.0,0.0
edge2edge1,495.0,0.0
edge2core,495.0,0.0
edge2gw,495.0,0.0
edgeedge3,495.0,0.024290102777773548
edgeedge2,495.0,0.006148649999994205
edgeedge1,495.0,0.005583783333328318
edgecore,495.0,0.021495847222223308
edgegw,495.0,0.013112158333321133
netcloudedge2,495.0,0.004723125000002826
netcloudedge1,495.0,0.004831899999996114
netcloudcore,495.0,0.008219191666666958
netcloudgw,495.0,0.006883358333334977
edgegw,495.0,0.0
netcloudgw,495.0,0.0
inter2,495.0,0.015065588888882875
inter1,495.0,0.013112158333321133
internetgw,495.0,0.011234358333322758
edge2gw,495.0,0.0
internetedge,495.0,0.011234358333322758
internetcore,495.0,0.011234358333322758
internetgw,495.0,0.0
edge2edge1,500.0,0.0
edge2core,500.0,0.0
edge2gw,500.0,0.0
edgeedge3,500.0,0.02490985833332937
edgeedge2,500.0,0.005843316666659382
edgeedge1,500.0,0.006406274999994577
edgecore,500.0,0.021968886111111363
edgegw,500.0,0.013556799999987712
netcloudedge2,500.0,0.0051620416666623425
netcloudedge1,500.0,0.005133416666661894
netcloudcore,500.0,0.00909404166665928
netcloudgw,500.0,0.007948208333326878
edgegw,500.0,0.0
netcloudgw,500.0,0.0
inter2,500.0,0.01603543333331925
inter1,500.0,0.013556799999987712
internetgw,500.0,0.011182833333321707
edge2gw,500.0,0.0
internetedge,500.0,0.011182833333321707
internetcore,500.0,0.011182833333321707
internetgw,500.0,0.0
edge2edge1,505.0,0.0
edge2core,505.0,0.0
edge2gw,505.0,0.0
edgeedge3,505.0,0.021142141666664394
edgeedge2,505.0,0.006537949999994019
edgeedge1,505.0,0.0033853833333292727
edgecore,505.0,0.018297841666666592
edgegw,505.0,0.011545416666654873
netcloudedge2,505.0,0.004389166666662225
netcloudedge1,505.0,0.0043013833333293006
netcloudcore,505.0,0.007540805555547703
netcloudgw,505.0,0.006583749999993449
edgegw,505.0,0.0
netcloudgw,505.0,0.0
inter2,505.0,0.013653899999987118
inter1,505.0,0.011545416666654873
internetgw,505.0,0.009545483333324833
edge2gw,505.0,0.0
internetedge,505.0,0.009545483333324833
internetcore,505.0,0.009545483333324833
internetgw,505.0,0.0
edge2edge1,510.0,0.0
edge2core,510.0,0.0
edge2gw,510.0,0.0
edgeedge3,510.0,0.029376383333324263
edgeedge2,510.0,0.00533379166666148
edgeedge1,510.0,0.009732499999990152
edgecore,510.0,0.025508516666663983
edgegw,510.0,0.015749474999983804
netcloudedge2,510.0,0.005303258333327232
netcloudedge1,510.0,0.006106666666660487
netcloudcore,510.0,0.009181180555547064
netcloudgw,510.0,0.00772874999999329
edgegw,510.0,0.0
netcloudgw,510.0,0.0
inter2,510.0,0.017053811111096717
inter1,510.0,0.015749474999983804
internetgw,510.0,0.011965249999991379
edge2gw,510.0,0.0
internetedge,510.0,0.011965249999991379
internetcore,510.0,0.011965249999991379
internetgw,510.0,0.0
edge2edge1,515.0,0.0
edge2core,515.0,0.0
edge2gw,515.0,0.0
edgeedge3,515.0,0.026428952777771464
edgeedge2,515.0,0.004394891666658629
edgeedge1,515.0,0.006898624999991276
edgecore,515.0,0.022762091666661544
edgegw,515.0,0.01469607499998471
netcloudedge2,515.0,0.005503633333333258
netcloudedge1,515.0,0.004770833333328506
netcloudcore,515.0,0.007999424999998395
netcloudgw,515.0,0.006085675000000235
edgegw,515.0,0.0
netcloudgw,515.0,0.0
inter2,515.0,0.016650708333318498
inter1,515.0,0.01469607499998471
internetgw,515.0,0.013825874999985555
edge2gw,515.0,0.0
internetedge,515.0,0.013825874999985555
internetcore,515.0,0.013825874999985555
internetgw,515.0,0.0
edge2edge1,520.0,0.0
edge2core,520.0,0.0
edge2gw,520.0,0.0
edgeedge3,520.0,0.021863555555556413
edgeedge2,520.0,0.0053204333333272125
edgeedge1,520.0,0.004602899999996191
edgecore,520.0,0.018605500000001385
edgegw,520.0,0.011640833333321554
netcloudedge2,520.0,0.004198333333329085
netcloudedge1,520.0,0.004198333333329085
netcloudcore,520.0,0.0070608333333261886
netcloudgw,520.0,0.005724999999994207
edgegw,520.0,0.0
netcloudgw,520.0,0.0
inter2,520.0,0.013742777777763893
inter1,520.0,0.011640833333321554
internetgw,520.0,0.010304999999989573
edge2gw,520.0,0.0
internetedge,520.0,0.010304999999989573
internetcore,520.0,0.010304999999989573
internetgw,520.0,0.0
edge2edge1,525.0,0.0
edge2core,525.0,0.0
edge2gw,525.0,0.0
edgeedge3,525.0,0.026519836111108308
edgeedge2,525.0,0.006978774999991777
edgeedge1,525.0,0.0058070583333286185
edgecore,525.0,0.023449836111109068
edgegw,525.0,0.014526233333319372
netcloudedge2,525.0,0.005089524999997597
netcloudedge1,525.0,0.004961666666661646
netcloudcore,525.0,0.008829986111100974
netcloudgw,525.0,0.00787187499999098
edgegw,525.0,0.0
netcloudgw,525.0,0.0
inter2,525.0,0.016133086111084882
inter1,525.0,0.014526233333319372
internetgw,525.0,0.01127061666664586
edge2gw,525.0,0.0
internetedge,525.0,0.01127061666664586
internetcore,525.0,0.01127061666664586
internetgw,525.0,0.0
edge2edge1,530.0,0.0
edge2core,530.0,0.0
edge2gw,530.0,0.0
edgeedge3,530.0,0.025291286111113198
edgeedge2,530.0,0.006297499999993628
edgeedge1,530.0,0.00528417499999434
edgecore,530.0,0.021190338888887883
edgegw,530.0,0.013665574999985441
netcloudedge2,530.0,0.004600991666661058
netcloudedge1,530.0,0.004942583333324424
netcloudcore,530.0,0.008381927777764808
netcloudgw,530.0,0.007255483333325041
edgegw,530.0,0.0
netcloudgw,530.0,0.0
inter2,530.0,0.015870552777761615
inter1,530.0,0.013665574999985441
internetgw,530.0,0.012022499999990277
edge2gw,530.0,0.0
internetedge,530.0,0.012022499999990277
internetcore,530.0,0.012022499999990277
internetgw,530.0,0.0
edge2edge1,535.0,0.0
edge2core,535.0,0.0
edge2gw,535.0,0.0
edgeedge3,535.0,0.018673838888889627
edgeedge2,535.0,0.006869999999993048
edgeedge1,535.0,0.0015533833333316593
edgecore,535.0,0.016091597222221754
edgegw,535.0,0.010135158333322236
netcloudedge2,535.0,0.003434999999996524
netcloudedge1,535.0,0.0033243166666584445
netcloudcore,535.0,0.006188427777767069
netcloudgw,535.0,0.005724999999994207
edgegw,535.0,0.0
netcloudgw,535.0,0.0
inter2,535.0,0.011630361111101939
inter1,535.0,0.010135158333322236
internetgw,535.0,0.007974924999995414
edge2gw,535.0,0.0
internetedge,535.0,0.007974924999995414
internetcore,535.0,0.007974924999995414
internetgw,535.0,0.0
edge2edge1,540.0,0.0
edge2core,540.0,0.0
edge2gw,540.0,0.0
edgeedge3,540.0,0.021376433333333278
edgeedge2,540.0,0.0056982833333277805
edgeedge1,540.0,0.005246008333326335
edgecore,540.0,0.018635975000002247
edgegw,540.0,0.010843149999991253
netcloudedge2,540.0,0.004198333333329085
netcloudedge1,540.0,0.004198333333329085
netcloudcore,540.0,0.007125669444434601
netcloudgw,540.0,0.005978808333324537
edgegw,540.0,0.0
netcloudgw,540.0,0.0
inter2,540.0,0.012463102777766188
inter1,540.0,0.010843149999991253
internetgw,540.0,0.009362283333325339
edge2gw,540.0,0.0
internetedge,540.0,0.009362283333325339
internetcore,540.0,0.009362283333325339
internetgw,540.0,0.0
edge2edge1,545.0,0.0
edge2core,545.0,0.0
edge2gw,545.0,0.0
edgeedge3,545.0,0.030839511111112383
edgeedge2,545.0,0.005196391666659084
edgeedge1,545.0,0.010877499999988993
edgecore,545.0,0.027570750000006417
edgegw,545.0,0.017713149999986078
netcloudedge2,545.0,0.006751683333327874
netcloudedge1,545.0,0.006684891666660753
netcloudcore,545.0,0.011581402777765648
netcloudgw,545.0,0.010217216666656759
edgegw,545.0,0.0
netcloudgw,545.0,0.0
inter2,545.0,0.020570572222196937
inter1,545.0,0.017713149999986078
internetgw,545.0,0.014654091666642444
edge2gw,545.0,0.0
internetedge,545.0,0.014654091666642444
internetcore,545.0,0.014654091666642444
internetgw,545.0,0.0
edge2edge1,550.0,0.0
edge2core,550.0,0.0
edge2gw,550.0,0.0
edgeedge3,550.0,0.02269205000001362
edgeedge2,550.0,0.005154408333327698
edgeedge1,550.0,0.006013158333326829
edgecore,550.0,0.019668513888900563
edgegw,550.0,0.011915633333333009
netcloudedge2,550.0,0.0045799999999953656
netcloudedge1,550.0,0.0047727416666614175
netcloudcore,550.0,0.007826074999991661
netcloudgw,550.0,0.006299408333326539
edgegw,550.0,0.0
netcloudgw,550.0,0.0
inter2,550.0,0.013627458333315356
inter1,550.0,0.011915633333333009
internetgw,550.0,0.00980692499997593
edge2gw,550.0,0.0
internetedge,550.0,0.00980692499997593
internetcore,550.0,0.00980692499997593
internetgw,550.0,0.0
edge2edge1,555.0,0.0
edge2core,555.0,0.0
edge2gw,555.0,0.0
edgeedge3,555.0,0.02283233333334378
edgeedge2,555.0,0.006100941666659754
edgeedge1,555.0,0.004915866666662438
edgecore,555.0,0.019308272222231082
edgegw,555.0,0.011732433333328851
netcloudedge2,555.0,0.004786099999991356
netcloudedge1,555.0,0.004702133333326253
netcloudcore,555.0,0.007797649999987444
netcloudgw,555.0,0.006629549999992768
edgegw,555.0,0.0
netcloudgw,555.0,0.0
inter2,555.0,0.013907566666654603
inter1,555.0,0.011732433333328851
internetgw,555.0,0.010192408333323133
edge2gw,555.0,0.0
internetedge,555.0,0.010192408333323133
internetcore,555.0,0.010192408333323133
internetgw,555.0,0.0
edge2edge1,560.0,0.0
edge2core,560.0,0.0
edge2gw,560.0,0.0
edgeedge3,560.0,0.024695027777771106
edgeedge2,560.0,0.006745958333322921
edgeedge1,560.0,0.004961666666661646
edgecore,560.0,0.021129372222213227
edgegw,560.0,0.01412548333331376
netcloudedge2,560.0,0.004770833333328506
netcloudedge1,560.0,0.004757474999994238
netcloudcore,560.0,0.008275133333323748
netcloudgw,560.0,0.0073165499999916506
edgegw,560.0,0.0
netcloudgw,560.0,0.0
inter2,560.0,0.016151072222198026
inter1,560.0,0.01412548333331376
internetgw,560.0,0.01155304999998652
edge2gw,560.0,0.0
internetedge,560.0,0.01155304999998652
internetcore,560.0,0.01155304999998652
internetgw,560.0,0.0
edge2edge1,565.0,0.0
edge2core,565.0,0.0
edge2gw,565.0,0.0
edgeedge3,565.0,0.026636461111109178
edgeedge2,565.0,0.007188691666659919
edgeedge1,565.0,0.006057049999995456
edgecore,565.0,0.02325396666666535
edgegw,565.0,0.014501424999985968
netcloudedge2,565.0,0.005534166666661067
netcloudedge1,565.0,0.005329974999995768
netcloudcore,565.0,0.009433297222213088
netcloudgw,565.0,0.00828407499999162
edgegw,565.0,0.0
netcloudgw,565.0,0.0
inter2,565.0,0.01704569166664638
inter1,565.0,0.014501424999985968
internetgw,565.0,0.011972883333318585
edge2gw,565.0,0.0
internetedge,565.0,0.011972883333318585
internetcore,565.0,0.011972883333318585
internetgw,565.0,0.0
edge2edge1,570.0,0.0
edge2core,570.0,0.0
edge2gw,570.0,0.0
edgeedge3,570.0,0.023624311111108298
edgeedge2,570.0,0.0057307249999949406
edgeedge1,570.0,0.004742208333331388
edgecore,570.0,0.019547419444442493
edgegw,570.0,0.012566374999981367
netcloudedge2,570.0,0.0047269416666598785
netcloudedge1,570.0,0.004465499999995903
netcloudcore,570.0,0.007458913888876095
netcloudgw,570.0,0.005929191666655176
edgegw,570.0,0.0
netcloudgw,570.0,0.0
inter2,570.0,0.014740916666644788
inter1,570.0,0.012566374999981367
internetgw,570.0,0.011558774999987032
edge2gw,570.0,0.0
internetedge,570.0,0.011558774999987032
internetcore,570.0,0.011558774999987032
internetgw,570.0,0.0
edge2edge1,575.0,0.0
edge2core,575.0,0.0
edge2gw,575.0,0.0
edgeedge3,575.0,0.02444732500000457
edgeedge2,575.0,0.006083766666661883
edgeedge1,575.0,0.006083766666661883
edgecore,575.0,0.02129557222222589
edgegw,575.0,0.013240016666656862
netcloudedge2,575.0,0.0047288499999949
netcloudedge1,575.0,0.0049673916666646
netcloudcore,575.0,0.00845533333332349
netcloudgw,575.0,0.007308916666658116
edgegw,575.0,0.0
netcloudgw,575.0,0.0
inter2,575.0,0.015241233333315618
inter1,575.0,0.013240016666656862
internetgw,575.0,0.010528274999987763
edge2gw,575.0,0.0
internetedge,575.0,0.010528274999987763
internetcore,575.0,0.010528274999987763
internetgw,575.0,0.0
edge2edge1,580.0,0.0
edge2core,580.0,0.0
edge2gw,580.0,0.0
edgeedge3,580.0,0.024789611111109
edgeedge2,580.0,0.004828083333320632
edgeedge1,580.0,0.006106666666660487
edgecore,580.0,0.02123211666667002
edgegw,580.0,0.013688474999997036
netcloudedge2,580.0,0.004770833333328506
netcloudedge1,580.0,0.0045799999999953656
netcloudcore,580.0,0.007879599999991438
netcloudgw,580.0,0.006541766666659732
edgegw,580.0,0.0
netcloudgw,580.0,0.0
inter2,580.0,0.015590113888879653
inter1,580.0,0.013688474999997036
internetgw,580.0,0.011776324999995591
edge2gw,580.0,0.0
internetedge,580.0,0.011776324999995591
internetcore,580.0,0.011776324999995591
internetgw,580.0,0.0
edge2edge1,585.0,0.0
edge2core,585.0,0.0
edge2gw,585.0,0.0
edgeedge3,585.0,0.02348087500000151
edgeedge2,585.0,0.00564866666666064
edgeedge1,585.0,0.006114299999994133
edgecore,585.0,0.01951088888889041
edgegw,585.0,0.01134694999998831
netcloudedge2,585.0,0.004770833333328506
netcloudedge1,585.0,0.004646791666660488
netcloudcore,585.0,0.007789408333323644
netcloudgw,585.0,0.006261241666658646
edgegw,585.0,0.0
netcloudgw,585.0,0.0
inter2,585.0,0.013240963888873747
inter1,585.0,0.01134694999998831
internetgw,585.0,0.009827916666656833
edge2gw,585.0,0.0
internetedge,585.0,0.009827916666656833
internetcore,585.0,0.009827916666656833
internetgw,585.0,0.0
edge2edge1,590.0,0.0
edge2core,590.0,0.0
edge2gw,590.0,0.0
edgeedge3,590.0,0.02541028888888608
edgeedge2,590.0,0.005793699999990021
edgeedge1,590.0,0.00631658333332652
edgecore,590.0,0.021942299999999193
edgegw,590.0,0.013547258333320267
netcloudedge2,590.0,0.005152499999994786
netcloudedge1,590.0,0.0050780749999917996
netcloudcore,590.0,0.008513074999988435
netcloudgw,590.0,0.006795574999990062
edgegw,590.0,0.0
netcloudgw,590.0,0.0
inter2,590.0,0.015855761111096545
inter1,590.0,0.013547258333320267
internetgw,590.0,0.01222096666665684
edge2gw,590.0,0.0
internetedge,590.0,0.01222096666665684
internetcore,590.0,0.01222096666665684
internetgw,590.0,0.0
edge2edge1,595.0,0.0
edge2core,595.0,0.0
edge2gw,595.0,0.0
edgeedge3,595.0,0.023848838888888224
edgeedge2,595.0,0.006297499999993628
edgeedge1,595.0,0.005715458333327872
edgecore,595.0,0.020953005555556903
edgegw,595.0,0.013005291666654983
netcloudedge2,595.0,0.0044006166666636926
netcloudedge1,595.0,0.004770833333328506
netcloudcore,595.0,0.008217283333326497
netcloudgw,595.0,0.007263116666660796
edgegw,595.0,0.0
netcloudgw,595.0,0.0
inter2,595.0,0.014890633333319192
inter1,595.0,0.013005291666654983
internetgw,595.0,0.010652316666653894
edge2gw,595.0,0.0
internetedge,595.0,0.010652316666653894
internetcore,595.0,0.010652316666653894
internetgw,595.0,0.0
edge2edge1,600.0,0.0
edge2core,600.0,0.0
edge2gw,600.0,0.0
edgeedge3,600.0,0.02303523333332924
edgeedge2,600.0,0.005530349999995354
edgeedge1,600.0,0.0052536416666599806
edgecore,600.0,0.020702927777775937
edgegw,600.0,0.012883158333319766
netcloudedge2,600.0,0.004200241666664217
netcloudedge1,600.0,0.004198333333329085
netcloudcore,600.0,0.007189002777779452
netcloudgw,600.0,0.0065093250000012315
edgegw,600.0,0.0
netcloudgw,600.0,0.0
inter2,600.0,0.014622911111098702
inter1,600.0,0.012883158333319766
internetgw,600.0,0.010955741666651253
edge2gw,600.0,0.0
internetedge,600.0,0.010955741666651253
internetcore,600.0,0.010955741666651253
internetgw,600.0,0.0
edge2edge1,605.0,0.0
edge2core,605.0,0.0
edge2gw,605.0,0.0
edgeedge3,605.0,0.006883888888889356
edgeedge2,605.0,0.0013358333333319816
edgeedge1,605.0,0.0011449999999988414
edgecore,605.0,0.006303055555556103
edgegw,605.0,0.0045799999999953656
netcloudedge2,605.0,0.0015171249999965664
netcloudedge1,605.0,0.0013358333333319816
netcloudcore,605.0,0.0026621249999954077
netcloudgw,605.0,0.0024712916666622675
edgegw,605.0,0.0
netcloudgw,605.0,0.0
inter2,605.0,0.005421333333328615
inter1,605.0,0.0045799999999953656
internetgw,605.0,0.003902541666665149
edge2gw,605.0,0.0
internetedge,605.0,0.003902541666665149
internetcore,605.0,0.003902541666665149
internetgw,605.0,0.0
edgeedge3,610.0,0.0
edgeedge2,610.0,0.0
edgeedge1,610.0,0.0
edgecore,610.0,0.0
edgegw,610.0,0.0
netcloudedge2,610.0,0.0
netcloudedge1,610.0,0.0
netcloudcore,610.0,0.0
netcloudgw,610.0,0.0
edgegw,610.0,0.0
netcloudgw,610.0,0.0
inter2,610.0,0.0
inter1,610.0,0.0
internetgw,610.0,0.0
edge2gw,610.0,0.0
internetedge,610.0,0.0
internetcore,610.0,0.0
internetgw,610.0,0.0
edgeedge3,615.0,0.0
edgeedge2,615.0,0.0
edgeedge1,615.0,0.0
edgecore,615.0,0.0
edgegw,615.0,0.0
netcloudedge2,615.0,0.0
netcloudedge1,615.0,0.0
netcloudcore,615.0,0.0
netcloudgw,615.0,0.0
edgegw,615.0,0.0
netcloudgw,615.0,0.0
inter2,615.0,0.0
inter1,615.0,0.0
internetgw,615.0,0.0
edge2gw,615.0,0.0
internetedge,615.0,0.0
internetcore,615.0,0.0
internetgw,615.0,0.0
edgeedge3,620.0,0.0
edgeedge2,620.0,0.0
edgeedge1,620.0,0.0
edgecore,620.0,0.0
edgegw,620.0,0.0
netcloudedge2,620.0,0.0
netcloudedge1,620.0,0.0
netcloudcore,620.0,0.0
netcloudgw,620.0,0.0
edgegw,620.0,0.0
netcloudgw,620.0,0.0
inter2,620.0,0.0
inter1,620.0,0.0
internetgw,620.0,0.0
edge2gw,620.0,0.0
internetedge,620.0,0.0
internetcore,620.0,0.0
internetgw,620.0,0.0
edgeedge3,625.0,0.0
edgeedge2,625.0,0.0
edgeedge1,625.0,0.0
edgecore,625.0,0.0
edgegw,625.0,0.0
netcloudedge2,625.0,0.0
netcloudedge1,625.0,0.0
netcloudcore,625.0,0.0
netcloudgw,625.0,0.0
edgegw,625.0,0.0
netcloudgw,625.0,0.0
inter2,625.0,0.0
inter1,625.0,0.0
internetgw,625.0,0.0
edge2gw,625.0,0.0
internetedge,625.0,0.0
internetcore,625.0,0.0
internetgw,625.0,0.0
edgeedge3,630.0,0.0
edgeedge2,630.0,0.0
edgeedge1,630.0,0.0
edgecore,630.0,0.0
edgegw,630.0,0.0
netcloudedge2,630.0,0.0
netcloudedge1,630.0,0.0
netcloudcore,630.0,0.0
netcloudgw,630.0,0.0
edgegw,630.0,0.0
netcloudgw,630.0,0.0
inter2,630.0,0.0
inter1,630.0,0.0
internetgw,630.0,0.0
edge2gw,630.0,0.0
internetedge,630.0,0.0
internetcore,630.0,0.0
internetgw,630.0,0.0
