vnf1,5.0,1.007249993125
vnf2,5.0,1.0027568895154553
user2,5.0,0.6445686089298299
user1,5.0,0.6432249663979194
webserver,5.0,0.13138678654888525
webserver2,5.0,0.03284925340049089
vnf1,10.0,1.0072251439172037
vnf2,10.0,1.0018606466745843
user2,10.0,0.5191553235588471
user1,10.0,0.6347515637226135
webserver,10.0,0.07513021956077946
webserver2,10.0,0.06236684185586143
vnf1,15.0,1.007797501735048
vnf2,15.0,1.0022700091596974
user2,15.0,0.7941519844157198
user1,15.0,0.8641778385585406
webserver,15.0,0.07168030285388276
webserver2,15.0,0.09219558357429042
vnf1,20.0,1.0022023783730158
vnf2,20.0,1.0016440002029632
vnf2-dup6,20.0,0.24281889315483707
vnf1-dup7,20.0,0.2499799813331999
user2,20.0,1.000718768029134
user1,20.0,0.6629905503174524
webserver,20.0,0.14136190427597253
webserver2,20.0,0.16438954508942658
vnf1,25.0,0.9662050941200081
vnf2-dup8,25.0,0.10731853825508733
vnf2,25.0,1.0027303720136518
vnf1-dup9,25.0,0.1944905684346284
vnf2-dup6,25.0,1.0031135146006576
vnf1-dup7,25.0,1.001912163899979
user2,25.0,0.9080764232655132
user1,25.0,0.6430847658806034
webserver,25.0,0.04537672277581386
webserver2,25.0,0.2305492252823728
vnf2-dup8,30.0,0.15543192312360915
vnf1,30.0,0.9595994317216265
vnf2,30.0,1.0037240496540496
vnf1-dup9,30.0,0.5776760256410256
vnf2-dup6,30.0,1.0020963493247328
vnf2-dup10,30.0,0.13305291236855282
vnf1-dup7,30.0,0.7740719127308067
vnf1-dup11,30.0,0.10474439101942559
user2,30.0,0.5290343302276482
user1,30.0,0.5983523317367564
webserver,30.0,0.1585070405037097
webserver2,30.0,0.15673042928885075
vnf2-dup8,35.0,0.807747174559144
vnf1,35.0,1.0022587654051913
vnf2,35.0,1.0027740463087247
vnf1-dup9,35.0,0.4908948532438479
vnf2-dup6,35.0,0.858331529933002
vnf2-dup10,35.0,0.6790144780635401
vnf1-dup7,35.0,0.48838984819222997
vnf1-dup11,35.0,0.6965865688300023
user2,35.0,0.6583778300826261
user1,35.0,0.9717111850773248
vnf2-dup12,35.0,0.13786432865766027
vnf1-dup13,35.0,0.132528343186025
webserver,35.0,0.17715945858631008
webserver2,35.0,0.23279323493624365
vnf2-dup8,40.0,1.0026240815703824
vnf1,40.0,1.0026240815703824
vnf2,40.0,1.00266014893232
vnf1-dup9,40.0,0.802967786102063
vnf2-dup6,40.0,0.6061712118532455
vnf2-dup10,40.0,0.7651364045155221
vnf1-dup7,40.0,0.5420755754841136
vnf1-dup11,40.0,0.7048505335589397
user2,40.0,0.6847845351569427
user1,40.0,1.0006570618145059
vnf2-dup12,40.0,1.0013601405479993
vnf1-dup13,40.0,1.001267001117943
vnf2-dup14,40.0,0.12155336863640927
vnf1-dup15,40.0,0.12405757181476847
webserver,40.0,0.34475101811338804
webserver2,40.0,0.20272141284426767
vnf2-dup8,45.0,1.0017631709076338
vnf1,45.0,0.7865758343017432
vnf2,45.0,1.0018834242664552
vnf1-dup9,45.0,0.872640760111023
vnf2-dup6,45.0,0.8683578688561722
vnf2-dup10,45.0,0.32409965889014725
vnf1-dup7,45.0,0.6737824820019249
vnf1-dup11,45.0,0.4140134727622714
user2,45.0,0.6240910453721422
user1,45.0,0.7480110065549161
vnf2-dup12,45.0,0.5181763014557218
vnf2-dup16,45.0,0.09165588298157154
vnf1-dup13,45.0,0.5126576748586342
vnf1-dup17,45.0,0.08052475625084167
vnf2-dup14,45.0,1.0013269738751813
vnf1-dup15,45.0,1.0011599359803702
webserver,45.0,0.3547220842822604
webserver2,45.0,0.19415986951783232
vnf2-dup8,50.0,0.4016142549266248
vnf1,50.0,0.6917400408805031
vnf2,50.0,0.49183046519246515
vnf1-dup9,50.0,0.7431613417280917
vnf2-dup6,50.0,0.8506356291853178
vnf2-dup10,50.0,0.39162041056401076
vnf1-dup7,50.0,0.6472251078777801
vnf1-dup11,50.0,0.4962585730617335
user2,50.0,0.54874676646111
user1,50.0,0.7368620762831428
vnf2-dup12,50.0,0.4739891357875679
vnf2-dup16,50.0,0.7053510341983504
vnf1-dup13,50.0,0.4720501467551622
vnf1-dup17,50.0,0.6198561932153392
vnf2-dup14,50.0,1.0006986215796623
vnf1-dup15,50.0,1.000948692158761
webserver,50.0,0.1462616066001459
webserver2,50.0,0.08296301761934789
vnf2-dup8,55.0,0.4399381391842258
vnf1,55.0,0.6774405551904118
vnf2,55.0,0.7109873934873949
vnf1-dup9,55.0,0.5833193264705883
vnf2-dup6,55.0,0.7499999983374895
vnf2-dup10,55.0,0.4946591837073982
vnf1-dup7,55.0,0.7021621598752599
vnf1-dup11,55.0,0.427442825987526
user2,55.0,0.5403883273975542
user1,55.0,0.6795496797507162
vnf2-dup12,55.0,0.5724179082587064
vnf2-dup16,55.0,0.7107263661691542
vnf1-dup13,55.0,0.44242732120349665
vnf1-dup17,55.0,0.7307176239072982
vnf2-dup14,55.0,1.0007917164027609
vnf1-dup15,55.0,1.0012304239373602
webserver,55.0,0.19538120359097258
webserver2,55.0,0.18537979383306205
vnf2-dup8,60.0,0.39272402835051545
vnf1,60.0,0.6659199034496431
vnf2,60.0,0.5343657809734513
vnf1-dup9,60.0,0.6517883466076696
vnf2-dup6,60.0,0.6288599712565547
vnf2-dup10,60.0,0.6627694682462614
vnf1-dup7,60.0,0.5738986986221619
vnf1-dup11,60.0,0.535183386959053
user2,60.0,0.6969450088917589
user1,60.0,0.7330836818454164
vnf2-dup12,60.0,0.5736135764752319
vnf2-dup16,60.0,0.604815470890073
vnf1-dup13,60.0,0.6061922737195634
vnf1-dup17,60.0,0.5796809391267842
vnf2-dup14,60.0,1.0007586064967906
vnf1-dup15,60.0,1.0008955215351811
webserver,60.0,0.1108971581737959
webserver2,60.0,0.22986985623710002
vnf2-dup8,65.0,0.756417223035117
vnf1,65.0,0.4491429757525084
vnf2,65.0,0.5588924156411273
vnf1-dup9,65.0,0.6369988076617705
vnf2-dup6,65.0,0.8578128271293376
vnf2-dup10,65.0,0.3680126170347003
vnf1-dup7,65.0,0.5998479077946768
vnf1-dup11,65.0,0.571711024904943
user2,65.0,0.7272306005484892
user1,65.0,0.5745484731679469
vnf2-dup12,65.0,0.5398087252440725
vnf2-dup16,65.0,0.7917114945208209
vnf1-dup13,65.0,0.5529287482235452
vnf1-dup17,65.0,0.7107931613212982
vnf2-dup14,65.0,1.0008112251699188
vnf1-dup15,65.0,1.0010905540408959
webserver,65.0,0.1753139848761571
webserver2,65.0,0.22956717463097323
vnf2-dup8,70.0,0.4820470180479696
vnf1,70.0,0.6863927796247922
vnf2,70.0,0.37984031861277445
vnf1-dup9,70.0,0.9516467053393214
vnf2-dup6,70.0,0.7639982392786453
vnf2-dup10,70.0,0.3361117213547394
vnf1-dup7,70.0,0.556189768470472
vnf1-dup11,70.0,0.6053619953051643
user2,70.0,0.6170728006155088
user1,70.0,0.6313848250745976
vnf2-dup12,70.0,0.6044008793758753
vnf2-dup16,70.0,0.6667933576715342
vnf1-dup13,70.0,0.4788792223346146
vnf1-dup17,70.0,0.6476228998583855
vnf2-dup14,70.0,1.0007313942219784
vnf1-dup15,70.0,1.000854873804193
webserver,70.0,0.09248778168548502
webserver2,70.0,0.1518699520099558
vnf2-dup8,75.0,0.4761692245626562
vnf1,75.0,0.6515351647625849
vnf2,75.0,0.4188035609141321
vnf1-dup9,75.0,0.8009410169719375
vnf2-dup6,75.0,0.5614146150506513
vnf2-dup10,75.0,0.5721960913531114
vnf1-dup7,75.0,0.5281003835867375
vnf1-dup11,75.0,0.7018501546070709
user2,75.0,1.0006899641017948
user1,75.0,0.834545903043801
vnf2-dup12,75.0,1.0009023228062262
vnf2-dup16,75.0,0.0
vnf1-dup13,75.0,0.657465353822083
vnf1-dup17,75.0,0.5355386674117121
vnf2-dup14,75.0,1.001106141445046
vnf1-dup15,75.0,1.0009997767162853
webserver,75.0,0.12609444647809884
webserver2,75.0,0.06871281049544872
vnf2-dup8,80.0,0.6687365733255224
vnf1,80.0,0.586643232376489
vnf2,80.0,0.7111223237787646
vnf1-dup9,80.0,0.7092248677836092
vnf2-dup6,80.0,0.5192034121113595
vnf2-dup10,80.0,0.7956919307051413
vnf1-dup7,80.0,0.5365491998844598
vnf1-dup11,80.0,0.6495282095128057
user2,80.0,0.7001489410187667
user1,80.0,1.0007400434086264
vnf2-dup12,80.0,1.0014108663489036
vnf2-dup16,80.0,0.0
vnf1-dup13,80.0,0.5279136164554703
vnf1-dup17,80.0,0.6399964288773871
vnf2-dup14,80.0,1.0015288253822068
vnf1-dup15,80.0,1.0007540595514308
webserver,80.0,0.10699896265985286
webserver2,80.0,0.17665037194489705
vnf2-dup8,85.0,0.4670064681435013
vnf1,85.0,0.7362477929817682
vnf2,85.0,0.5736365449788691
vnf1-dup9,85.0,0.6369088335681223
vnf2-dup6,85.0,0.5904344266775444
vnf2-dup10,85.0,0.649887822353661
vnf1-dup7,85.0,0.5592741929723503
vnf1-dup11,85.0,0.5115783400537635
user2,85.0,0.5962487552736319
user1,85.0,0.921419171193609
vnf2-dup12,85.0,1.0009644224174883
vnf2-dup16,85.0,0.0
vnf1-dup13,85.0,0.5879690422138837
vnf1-dup17,85.0,0.5336538454502814
vnf2-dup14,85.0,1.0011117382702093
vnf1-dup15,85.0,1.00071248868399
webserver,85.0,0.16403778283375314
webserver2,85.0,0.18330226649874057
vnf2-dup8,90.0,0.6232525800238284
vnf1,90.0,0.5517871314535346
vnf2,90.0,0.5290284342417062
vnf1-dup9,90.0,0.869312794036335
vnf2-dup6,90.0,0.6328235503727776
vnf2-dup10,90.0,0.5718982974574651
vnf1-dup7,90.0,0.8094404172705314
vnf1-dup11,90.0,0.4141103049516908
user2,90.0,0.8599434075596605
user1,90.0,0.7067475188858625
vnf2-dup12,90.0,1.0007578616900341
vnf2-dup16,90.0,0.0
vnf1-dup13,90.0,0.4497120916070494
vnf1-dup17,90.0,0.700854997731635
vnf2-dup14,90.0,1.0010973367201788
vnf1-dup15,90.0,1.0008741251748252
webserver,90.0,0.21728404103945298
webserver2,90.0,0.2459464770021645
vnf2-dup8,95.0,0.6044676227120646
vnf1,95.0,0.6642393208029915
vnf2,95.0,0.5861298463322091
vnf1-dup9,95.0,0.6749156814924114
vnf2-dup6,95.0,0.6796028866827115
vnf2-dup10,95.0,0.7713999175691938
vnf1-dup7,95.0,0.5859037798455751
vnf1-dup11,95.0,0.6464066509602059
user2,95.0,0.5951111577271746
user1,95.0,0.7974273181925269
vnf2-dup12,95.0,1.0013402672534506
vnf2-dup16,95.0,0.0
vnf1-dup13,95.0,0.6496411720319869
vnf1-dup17,95.0,0.4338322731187205
vnf2-dup14,95.0,1.0010720052588997
vnf1-dup15,95.0,1.0012200333904109
webserver,95.0,0.25226276201956105
webserver2,95.0,0.21185904976454276
vnf2-dup8,100.0,0.5734120506921824
vnf1,100.0,0.6291530932410423
vnf2,100.0,0.6164820547186531
vnf1-dup9,100.0,0.6741027902082409
vnf2-dup6,100.0,0.9023051114836547
vnf2-dup10,100.0,0.41435456684828165
vnf1-dup7,100.0,0.5685807361026268
vnf1-dup11,100.0,0.5333333327224598
user2,100.0,0.5361673038545653
user1,100.0,1.000850806566238
vnf2-dup12,100.0,1.001241641642789
vnf2-dup16,100.0,0.0
vnf1-dup13,100.0,0.6871369280774551
vnf1-dup17,100.0,0.4225251916617269
vnf2-dup14,100.0,1.0012918242270226
vnf1-dup15,100.0,1.0009708729938578
webserver,100.0,0.1626398034537605
webserver2,100.0,0.06975434846878235
vnf2-dup8,105.0,0.6795512678606573
vnf1,105.0,0.4988584914386932
vnf2,105.0,0.45654761751152073
vnf1-dup9,105.0,0.7797619030337941
vnf2-dup6,105.0,0.4971946553435114
vnf2-dup10,105.0,0.777270990648855
vnf1-dup7,105.0,0.6565525855592654
vnf1-dup11,105.0,0.5689899818447413
user2,105.0,0.7680176628066732
user1,105.0,0.7222660033263395
vnf2-dup12,105.0,1.001351959215863
vnf2-dup16,105.0,0.0
vnf1-dup13,105.0,0.4649819482551143
vnf1-dup17,105.0,0.7516446032892098
vnf2-dup14,105.0,1.0013035367783985
vnf1-dup15,105.0,1.00097460759169
webserver,105.0,0.21255260187196645
webserver2,105.0,0.2601189212234815
vnf2-dup8,110.0,0.6212215947467167
vnf1,110.0,0.6193454227642277
vnf2,110.0,0.5464184449064449
vnf1-dup9,110.0,0.7149310134190134
vnf2-dup6,110.0,0.5735909470538002
vnf2-dup10,110.0,0.7187873603757472
vnf1-dup7,110.0,0.4085566997938144
vnf1-dup11,110.0,0.7754845352577319
user2,110.0,1.0007905912434325
user1,110.0,0.7242653036558205
vnf2-dup12,110.0,1.001052242015876
vnf2-dup16,110.0,0.0
vnf1-dup13,110.0,0.60108536610311
vnf1-dup17,110.0,0.6000626157378418
vnf2-dup14,110.0,1.0011135845468562
vnf1-dup15,110.0,1.0008988007656459
webserver,110.0,0.21943795880201247
webserver2,110.0,0.11708967388671802
vnf2-dup8,115.0,0.6245173329873366
vnf1,115.0,0.5974880616566328
vnf2,115.0,0.6072508788067122
vnf1-dup9,115.0,0.713113733789103
vnf2-dup6,115.0,0.6812221991877779
vnf2-dup10,115.0,0.6228195689421776
vnf1-dup7,115.0,0.656288155067155
vnf1-dup11,115.0,0.4933658919413919
user2,115.0,0.8962072685449709
user1,115.0,0.8129276784252287
vnf2-dup12,115.0,1.0011012270224482
vnf2-dup16,115.0,0.0
vnf1-dup13,115.0,0.29959790812223563
vnf1-dup17,115.0,0.9101326879774829
vnf2-dup14,115.0,1.0011877385057473
vnf1-dup15,115.0,1.0011873341500188
webserver,115.0,0.11530784082509994
webserver2,115.0,0.20838926942705585
vnf2-dup8,120.0,0.7296756091309572
vnf1,120.0,0.38682418822587106
vnf2,120.0,0.6994951444660195
vnf1-dup9,120.0,0.4638640766990291
vnf2-dup6,120.0,0.5882680481950845
vnf2-dup10,120.0,0.7296466960445469
vnf1-dup7,120.0,0.4673480547545173
vnf1-dup11,120.0,0.6781164429640445
user2,120.0,0.6043672493348727
user1,120.0,0.5510357806026365
vnf2-dup12,120.0,1.0011664062986003
vnf2-dup16,120.0,0.0
vnf1-dup13,120.0,0.6045762701271187
vnf1-dup17,120.0,0.5847033887711864
vnf2-dup14,120.0,1.0009005309046255
vnf1-dup15,120.0,1.0011529920177384
webserver,120.0,0.16499471373670793
webserver2,120.0,0.13623033344941235
vnf2-dup8,125.0,0.5154042370486657
vnf1,125.0,0.6020604385792778
vnf2,125.0,0.49366454650491043
vnf1-dup9,125.0,0.7195262836510687
vnf2-dup6,125.0,0.47321796271116606
vnf2-dup10,125.0,0.8219406654305726
vnf1-dup7,125.0,0.6089952325258141
vnf1-dup11,125.0,0.7021247001588562
user2,125.0,0.6330958668328923
user1,125.0,0.6523106322580645
vnf2-dup12,125.0,1.0010222843999181
vnf2-dup16,125.0,0.0
vnf1-dup13,125.0,0.8848017611967695
vnf1-dup17,125.0,0.12786343593979443
vnf2-dup14,125.0,1.0008773798416435
vnf1-dup15,125.0,1.0007416075331772
webserver,125.0,0.1097630042037431
webserver2,125.0,0.10536040129384668
vnf2-dup8,130.0,0.37770640355186097
vnf1,130.0,0.7532968059701493
vnf2,130.0,0.4819999986486487
vnf1-dup9,130.0,0.7254864851351351
vnf2-dup6,130.0,0.6856877304832714
vnf2-dup10,130.0,0.46191656237092116
vnf1-dup7,130.0,0.638014218638903
vnf1-dup11,130.0,0.6749111208735398
user2,130.0,0.8881609814750088
user1,130.0,0.7825798360263315
vnf2-dup12,130.0,1.0007983180672269
vnf2-dup16,130.0,0.0
vnf1-dup13,130.0,1.001011315916205
vnf1-dup17,130.0,0.0
vnf2-dup14,130.0,1.0009150874654182
vnf1-dup15,130.0,1.0012852918246944
webserver,130.0,0.14113467690008652
webserver2,130.0,0.16629525686233385
vnf2-dup8,135.0,0.5305093019098922
vnf1,135.0,0.8476738464740451
vnf2,135.0,0.42804064607812004
vnf1-dup9,135.0,0.7850269912670689
vnf2-dup6,135.0,0.49961097297297297
vnf2-dup10,135.0,0.7519041746519246
vnf1-dup7,135.0,0.482952002408395
vnf1-dup11,135.0,0.7279545828315844
user2,135.0,1.0007870127889817
user1,135.0,1.0007119399935278
vnf2-dup12,135.0,1.0014197993092864
vnf2-dup16,135.0,0.0
vnf1-dup13,135.0,1.0010207541680844
vnf1-dup17,135.0,0.0
vnf2-dup14,135.0,1.0013486407873153
vnf1-dup15,135.0,1.001208877328577
webserver,135.0,0.07817253917112138
webserver2,135.0,0.28793289366886066
vnf2-dup8,140.0,0.651913916210972
vnf1,140.0,0.6524607502204975
vnf2,140.0,0.5973719056978799
vnf1-dup9,140.0,0.6823763228798586
vnf2-dup6,140.0,0.6340354960015604
vnf2-dup10,140.0,0.6884727893504974
vnf1-dup7,140.0,0.7001269014382403
vnf1-dup11,140.0,0.6489424680626057
user2,140.0,0.6363951458956988
user1,140.0,1.0007641243716066
vnf2-dup12,140.0,1.0012957731455399
vnf2-dup16,140.0,0.0
vnf1-dup13,140.0,1.0008993923865301
vnf1-dup17,140.0,0.0
vnf2-dup14,140.0,1.0009605943932562
vnf1-dup15,140.0,1.00109889979512
webserver,140.0,0.09777404408676532
webserver2,140.0,0.29018454841020824
vnf2-dup8,145.0,0.6089766588868941
vnf1,145.0,0.6791143010173548
vnf2,145.0,0.6005908397341211
vnf1-dup9,145.0,0.5947562756646971
vnf2-dup6,145.0,0.792369871451104
vnf2-dup10,145.0,0.6705441622634069
vnf1-dup7,145.0,0.7182352927893738
vnf1-dup11,145.0,0.566034153889943
user2,145.0,0.910776581553166
user1,145.0,0.9134979580412264
vnf2-dup12,145.0,1.0016283912317328
vnf2-dup16,145.0,0.0
vnf1-dup13,145.0,1.0008959781468532
vnf1-dup17,145.0,0.0
vnf2-dup14,145.0,1.001490513743709
vnf1-dup15,145.0,1.0011296066191042
webserver,145.0,0.15087996058944045
webserver2,145.0,0.18480332814985428
vnf2-dup8,150.0,0.6117449648637979
vnf1,150.0,0.6060205278326096
vnf2,150.0,0.6006011150708458
vnf1-dup9,150.0,0.5643838546586517
vnf2-dup6,150.0,0.5224369073343849
vnf2-dup10,150.0,0.728115140181388
vnf1-dup7,150.0,0.6036737098558167
vnf1-dup11,150.0,0.4844756057673316
user2,150.0,0.6494646455050506
user1,150.0,0.6232907047628639
vnf2-dup12,150.0,1.0009420430063485
vnf2-dup16,150.0,0.0
vnf1-dup13,150.0,1.0008375810269483
vnf1-dup17,150.0,0.0
vnf2-dup14,150.0,1.0010428213889506
vnf1-dup15,150.0,1.0011048643147897
webserver,150.0,0.27028212246572997
webserver2,150.0,0.10782913320919749
vnf2-dup8,155.0,0.5281491749652847
vnf1,155.0,0.6239238232493554
vnf2,155.0,0.5188334886171213
vnf1-dup9,155.0,0.7371401676387582
vnf2-dup6,155.0,0.5696446277546159
vnf2-dup10,155.0,0.5634504647607703
vnf1-dup7,155.0,0.6521399158436214
vnf1-dup11,155.0,0.5146913567901235
user2,155.0,0.7754334516504069
user1,155.0,0.62121771099836
vnf2-dup12,155.0,1.00099689765175
vnf2-dup16,155.0,0.0
vnf1-dup13,155.0,1.0009428504906677
vnf1-dup17,155.0,0.0
vnf2-dup14,155.0,1.0014324073410923
vnf1-dup15,155.0,1.0012214330181246
webserver,155.0,0.1374179596312116
webserver2,155.0,0.22199447769298886
vnf2-dup8,160.0,0.7469002104033969
vnf1,160.0,0.5096602949044586
vnf2,160.0,0.56470952904693
vnf1-dup9,160.0,0.6830266671490594
vnf2-dup6,160.0,0.5139830492332527
vnf2-dup10,160.0,0.8956618218321226
vnf1-dup7,160.0,0.7044914908982983
vnf1-dup11,160.0,0.49730906074396514
user2,160.0,0.6391345427008207
user1,160.0,0.6202904130927687
vnf2-dup12,160.0,1.0013299651515153
vnf2-dup16,160.0,0.0
vnf1-dup13,160.0,1.0011256271356783
vnf1-dup17,160.0,0.0
vnf2-dup14,160.0,1.001450956084349
vnf1-dup15,160.0,1.001130170332997
webserver,160.0,0.1474368983547332
webserver2,160.0,0.06816872494263536
vnf2-dup8,165.0,0.7229721934803451
vnf1,165.0,0.5197315418983701
vnf2,165.0,0.6195344113360325
vnf1-dup9,165.0,0.6996963546558704
vnf2-dup6,165.0,0.6345882808536341
vnf2-dup10,165.0,0.6949667783370244
vnf1-dup7,165.0,0.531027381511221
vnf1-dup11,165.0,0.6762198863495985
user2,165.0,0.7075358423376494
user1,165.0,0.6387314489552831
vnf2-dup12,165.0,1.001222337829294
vnf2-dup16,165.0,0.0
vnf1-dup13,165.0,1.0013769694671721
vnf1-dup17,165.0,0.0
vnf2-dup14,165.0,1.001141836574487
vnf1-dup15,165.0,1.0011593030181891
webserver,165.0,0.17216593222546042
webserver2,165.0,0.1559149245984994
vnf2-dup8,170.0,0.3838220818736469
vnf1,170.0,0.7893131263530802
vnf2,170.0,0.4273867865124485
vnf1-dup9,170.0,0.72672025014703
vnf2-dup6,170.0,0.4167107125431998
vnf2-dup10,170.0,0.7514128877820695
vnf1-dup7,170.0,0.43848671467077394
vnf1-dup11,170.0,0.6808432799383904
user2,170.0,0.6428326083442772
user1,170.0,1.000648456081745
vnf2-dup12,170.0,1.0007069546180158
vnf2-dup16,170.0,0.0
vnf1-dup13,170.0,1.0008461360498775
vnf1-dup17,170.0,0.0
vnf2-dup14,170.0,1.000846773387097
vnf1-dup15,170.0,1.0007092192502534
webserver,170.0,0.040288141756010504
webserver2,170.0,0.21154637000633705
vnf2-dup8,175.0,0.6978149865223606
vnf1,175.0,0.709516028588932
vnf2,175.0,0.7739242488598056
vnf1-dup9,175.0,0.6556216521911561
vnf2-dup6,175.0,0.6756850697341513
vnf2-dup10,175.0,0.7524948856850716
vnf1-dup7,175.0,0.8822481666336829
vnf1-dup11,175.0,0.4336235875717396
user2,175.0,0.7039219964943032
user1,175.0,0.6928051399809209
vnf2-dup12,175.0,1.0017097111676974
vnf2-dup16,175.0,0.0
vnf1-dup13,175.0,1.0012684110065466
vnf1-dup17,175.0,0.0
vnf2-dup14,175.0,1.001478741425344
vnf1-dup15,175.0,1.0015963962341383
webserver,175.0,0.16862423105708527
webserver2,175.0,0.13722432077111574
vnf2-dup8,180.0,0.7473345034173013
vnf1,180.0,0.41495801445030267
vnf2,180.0,0.5258185599582899
vnf1-dup9,180.0,0.732367047966632
vnf2-dup6,180.0,0.7179934759255707
vnf2-dup10,180.0,0.6366008041434875
vnf1-dup7,180.0,0.8740203174372797
vnf1-dup11,180.0,0.3085216649388347
user2,180.0,0.692721879032626
user1,180.0,0.5826136469400436
vnf2-dup12,180.0,1.0011680476639035
vnf2-dup16,180.0,0.0
vnf1-dup13,180.0,1.0009768917903439
vnf1-dup17,180.0,0.0
vnf2-dup14,180.0,1.0009946432670238
vnf1-dup15,180.0,1.0007288621407748
webserver,180.0,0.19633533048049573
webserver2,180.0,0.3901513599273669
vnf2-dup8,185.0,0.6553697346363088
vnf1,185.0,0.5282288934112432
vnf2,185.0,0.4289622810240375
vnf1-dup9,185.0,0.7548563597811218
vnf2-dup6,185.0,0.5911713652928416
vnf2-dup10,185.0,0.6621475036876355
vnf1-dup7,185.0,0.5805285643218034
vnf1-dup11,185.0,0.5494558867081228
user2,185.0,0.523635256880734
user1,185.0,0.5787697166418948
vnf2-dup12,185.0,1.0009321683855614
vnf2-dup16,185.0,0.0
vnf1-dup13,185.0,1.0007984451877427
vnf1-dup17,185.0,0.0
vnf2-dup14,185.0,1.0010748145416228
vnf1-dup15,185.0,1.000871541303524
webserver,185.0,0.19837367276221018
webserver2,185.0,0.30957216573770074
vnf2-dup8,190.0,0.6324192170493198
vnf1,190.0,0.5045918356717687
vnf2,190.0,0.4342078896455037
vnf1-dup9,190.0,0.7278389735629882
vnf2-dup6,190.0,0.7299397576305221
vnf2-dup10,190.0,0.383975902811245
vnf1-dup7,190.0,0.6104602499449461
vnf1-dup11,190.0,0.6291345505395287
user2,190.0,0.6342552339984197
user1,190.0,0.5719073474941068
vnf2-dup12,190.0,1.0008818693601311
vnf2-dup16,190.0,0.0
vnf1-dup13,190.0,1.0007100356937249
vnf1-dup17,190.0,0.0
vnf2-dup14,190.0,1.001260582502352
vnf1-dup15,190.0,1.0010947357894737
webserver,190.0,0.1094365946774314
webserver2,190.0,0.19575888897610325
vnf2-dup8,195.0,0.4027577010270065
vnf1,195.0,0.7195321395968048
vnf2,195.0,0.4211144875379939
vnf1-dup9,195.0,0.72788247112462
vnf2-dup6,195.0,0.5148468319864687
vnf2-dup10,195.0,0.6527344469084758
vnf1-dup7,195.0,0.4790942084846168
vnf1-dup11,195.0,0.6478310705140454
user2,195.0,1.0008606272464942
user1,195.0,0.7269161664670659
vnf2-dup12,195.0,1.0007011744689627
vnf2-dup16,195.0,0.0
vnf1-dup13,195.0,1.0005861211949327
vnf1-dup17,195.0,0.0
vnf2-dup14,195.0,1.000860478590453
vnf1-dup15,195.0,1.0008090916971681
webserver,195.0,0.1360399302712507
webserver2,195.0,0.13144680623781146
vnf2-dup8,200.0,0.4803170405107882
vnf1,200.0,0.5767943626155879
vnf2,200.0,0.651894735368421
vnf1-dup9,200.0,0.43538947242105264
vnf2-dup6,200.0,0.5832675115360632
vnf2-dup10,200.0,0.4828725824152983
vnf1-dup7,200.0,0.6519835237372642
vnf1-dup11,200.0,0.44222848341643184
user2,200.0,1.0010561956954962
user1,200.0,1.0008188074628612
vnf2-dup12,200.0,1.0008357105584997
vnf2-dup16,200.0,0.0
vnf1-dup13,200.0,1.0008095338430403
vnf1-dup17,200.0,0.0
vnf2-dup14,200.0,1.0009209981580025
vnf1-dup15,200.0,1.001100628032345
webserver,200.0,0.17584585365771738
webserver2,200.0,0.04986228960567858
vnf2-dup8,205.0,0.5801608051608078
vnf1,205.0,0.7863313367614062
vnf2,205.0,0.6996469041070433
vnf1-dup9,205.0,0.7097379652480951
vnf2-dup6,205.0,0.7363262085865517
vnf2-dup10,205.0,0.5553224838267006
vnf1-dup7,205.0,0.5964013453288424
vnf1-dup11,205.0,0.6686580375819889
user2,205.0,1.0009862425123282
user1,205.0,0.7590815309893264
vnf2-dup12,205.0,1.0009914192564346
vnf2-dup16,205.0,0.0
vnf1-dup13,205.0,1.001384516886931
vnf1-dup17,205.0,0.0
vnf2-dup14,205.0,1.0011233512637718
vnf1-dup15,205.0,1.001329673701984
webserver,205.0,0.14554232484490695
webserver2,205.0,0.19020912457474484
vnf2-dup8,210.0,0.7160040335015136
vnf1,210.0,0.8054288563067608
vnf2,210.0,0.8305482466113696
vnf1-dup9,210.0,0.9455796038842808
vnf2-dup6,210.0,0.7261363600589226
vnf2-dup10,210.0,0.988152353114478
vnf1-dup7,210.0,0.9278155200741198
vnf1-dup11,210.0,0.552522129503809
user2,210.0,1.0007537159299247
user1,210.0,0.6690680490421074
vnf2-dup12,210.0,1.0014276954925556
vnf2-dup16,210.0,0.0
vnf1-dup13,210.0,1.0016426338747948
vnf1-dup17,210.0,0.0
vnf2-dup14,210.0,1.0014579896118097
vnf1-dup15,210.0,1.001271800872093
webserver,210.0,0.09133311572971754
webserver2,210.0,0.1596932246422216
vnf2-dup8,215.0,0.49571233443773144
vnf1,215.0,0.6494835295264081
vnf2,215.0,0.4917896841253792
vnf1-dup9,215.0,0.8984833136501517
vnf2-dup6,215.0,0.7240966092492043
vnf2-dup10,215.0,0.7072083860700243
vnf1-dup7,215.0,0.6482440268914308
vnf1-dup11,215.0,0.5793899239414008
user2,215.0,0.7717329664744405
user1,215.0,1.000865270117575
vnf2-dup12,215.0,1.000952774233637
vnf2-dup16,215.0,0.0
vnf1-dup13,215.0,1.0015027568955677
vnf1-dup17,215.0,0.0
vnf2-dup14,215.0,1.001345776861298
vnf1-dup15,215.0,1.0008636519661889
webserver,215.0,0.12795698873468367
webserver2,215.0,0.13537384277319328
vnf2-dup8,220.0,0.8098465982587065
vnf1,220.0,0.4798300155472637
vnf2,220.0,0.5587919713888337
vnf1-dup9,220.0,0.8549175424200278
vnf2-dup6,220.0,0.7187271232208214
vnf2-dup10,220.0,0.602887350955673
vnf1-dup7,220.0,0.6413526362554541
vnf1-dup11,220.0,0.5283419262197541
user2,220.0,0.7690124366429255
user1,220.0,0.6414378757056696
vnf2-dup12,220.0,1.0011818516965307
vnf2-dup16,220.0,0.0
vnf1-dup13,220.0,1.0010184169014085
vnf1-dup17,220.0,0.0
vnf2-dup14,220.0,1.0008365007604563
vnf1-dup15,220.0,1.0008795660802887
webserver,220.0,0.14408856301634512
webserver2,220.0,0.21880068046976284
vnf2-dup8,225.0,0.754677285130719
vnf1,225.0,0.46233659987745096
vnf2,225.0,0.6046567146268657
vnf1-dup9,225.0,0.7177114409950248
vnf2-dup6,225.0,0.6956666647058823
vnf2-dup10,225.0,0.48256862588235294
vnf1-dup7,225.0,0.7324917199917219
vnf1-dup11,225.0,0.46570778062913903
user2,225.0,1.0006817122063565
user1,225.0,0.6378537965282021
vnf2-dup12,225.0,1.0010347671771522
vnf2-dup16,225.0,0.0
vnf1-dup13,225.0,1.0007983611054247
vnf1-dup17,225.0,0.0
vnf2-dup14,225.0,1.0007778906857727
vnf1-dup15,225.0,1.0010032751842752
webserver,225.0,0.12047304260592906
webserver2,225.0,0.12799043019040102
vnf2-dup8,230.0,0.7133371922408801
vnf1,230.0,0.49571511156147463
vnf2,230.0,0.6375793546999795
vnf1-dup9,230.0,0.6837395029694859
vnf2-dup6,230.0,0.6208378541350119
vnf2-dup10,230.0,0.7062730609941394
vnf1-dup7,230.0,0.5708610547945207
vnf1-dup11,230.0,0.5357925624266144
user2,230.0,0.8292705200771613
user1,230.0,0.5661174431458952
vnf2-dup12,230.0,1.0013717966512004
vnf2-dup16,230.0,0.0
vnf1-dup13,230.0,1.0010964495446943
vnf1-dup17,230.0,0.0
vnf2-dup14,230.0,1.0011150332651924
vnf1-dup15,230.0,1.0011911726225347
webserver,230.0,0.18534398089749482
webserver2,230.0,0.12141144849900017
vnf2-dup8,235.0,0.5815058611396832
vnf1,235.0,0.5411232244394157
vnf2,235.0,0.43868239764011796
vnf1-dup9,235.0,0.8871386405113078
vnf2-dup6,235.0,0.5228608619791667
vnf2-dup10,235.0,0.7614025280877976
vnf1-dup7,235.0,0.5706260012038523
vnf1-dup11,235.0,0.6219301749598716
user2,235.0,0.7427482767817889
user1,235.0,0.7705670603057019
vnf2-dup12,235.0,1.0008727107279694
vnf2-dup16,235.0,0.0
vnf1-dup13,235.0,1.0010273966559227
vnf1-dup17,235.0,0.0
vnf2-dup14,235.0,1.001022453287891
vnf1-dup15,235.0,1.0009596923224569
webserver,235.0,0.19451269505435537
webserver2,235.0,0.1398138909230944
vnf2-dup8,240.0,0.5960666243226972
vnf1,240.0,0.6833433658438691
vnf2,240.0,0.6344055352198696
vnf1-dup9,240.0,0.6118688908794788
vnf2-dup6,240.0,0.5436053826251577
vnf2-dup10,240.0,0.8168489673958771
vnf1-dup7,240.0,0.46089521648016274
vnf1-dup11,240.0,0.7462461833163784
user2,240.0,0.6217965166144522
user1,240.0,0.9755660907199535
vnf2-dup12,240.0,1.001395006424376
vnf2-dup16,240.0,0.0
vnf1-dup13,240.0,1.001014435037066
vnf1-dup17,240.0,0.0
vnf2-dup14,240.0,1.0008552217470983
vnf1-dup15,240.0,1.0011778322069897
webserver,240.0,0.11045119888326907
webserver2,240.0,0.23873253446592219
vnf2-dup8,245.0,0.5662830820866896
vnf1,245.0,0.6212121200613733
vnf2,245.0,0.5236348637955903
vnf1-dup9,245.0,0.7593035223573048
vnf2-dup6,245.0,0.715263570220299
vnf2-dup10,245.0,0.5846774175845791
vnf1-dup7,245.0,0.6712391197679237
vnf1-dup11,245.0,0.5729796914629092
user2,245.0,1.0007794221551052
user1,245.0,0.8621733542056996
vnf2-dup12,245.0,1.0012664151031896
vnf2-dup16,245.0,0.0
vnf1-dup13,245.0,1.0012752585834805
vnf1-dup17,245.0,0.0
vnf2-dup14,245.0,1.0014964991552016
vnf1-dup15,245.0,1.001110244643553
webserver,245.0,0.20410865129363184
webserver2,245.0,0.0887489511710433
vnf2-dup8,250.0,0.4790437420142421
vnf1,250.0,0.6409359090539166
vnf2,250.0,0.466102368651663
vnf1-dup9,250.0,0.6695080647281417
vnf2-dup6,250.0,0.6269596185669042
vnf2-dup10,250.0,0.6241884384402218
vnf1-dup7,250.0,0.6467900287009063
vnf1-dup11,250.0,0.5344222041163141
user2,250.0,0.6847756400240385
user1,250.0,0.6953963538330237
vnf2-dup12,250.0,1.001257982388233
vnf2-dup16,250.0,0.0
vnf1-dup13,250.0,1.0011924624373958
vnf1-dup17,250.0,0.0
vnf2-dup14,250.0,1.0008064505131966
vnf1-dup15,250.0,1.0014517704232284
webserver,250.0,0.27416381949787283
webserver2,250.0,0.18635508349212054
vnf2-dup8,255.0,0.5612942842514848
vnf1,255.0,0.5663936094613967
vnf2,255.0,0.33831542421335375
vnf1-dup9,255.0,0.7656945496930161
vnf2-dup6,255.0,0.7258838104196816
vnf2-dup10,255.0,0.5792019830473435
vnf1-dup7,255.0,0.6933108354505756
vnf1-dup11,255.0,0.43435887078205637
user2,255.0,0.9719298230088496
user1,255.0,0.7687317402538532
vnf2-dup12,255.0,1.0011829788208357
vnf2-dup16,255.0,0.0
vnf1-dup13,255.0,1.0011641209923665
vnf1-dup17,255.0,0.0
vnf2-dup14,255.0,1.0009756085853658
vnf1-dup15,255.0,1.0011413344112612
webserver,255.0,0.22009363909774438
webserver2,255.0,0.08516700734306551
vnf2-dup8,260.0,0.6587896795634921
vnf1,260.0,0.7840872994047619
vnf2,260.0,0.6003040715588891
vnf1-dup9,260.0,0.7806608526251774
vnf2-dup6,260.0,0.8588337486001159
vnf2-dup10,260.0,0.6451631558215872
vnf1-dup7,260.0,0.5867298556656614
vnf1-dup11,260.0,0.7437957753123654
user2,260.0,1.000708505366679
user1,260.0,0.7199433026405586
vnf2-dup12,260.0,1.0018241152073732
vnf2-dup16,260.0,0.0
vnf1-dup13,260.0,1.0013223131313131
vnf1-dup17,260.0,0.0
vnf2-dup14,260.0,0.0
vnf1-dup15,260.0,1.001148991335468
webserver,260.0,0.197346454127807
webserver2,260.0,0.20018326200308784
vnf2-dup8,265.0,0.6836294653623478
vnf1,265.0,0.7439808333000599
vnf2,265.0,0.7451687258436387
vnf1-dup9,265.0,0.6763990765038776
vnf2-dup6,265.0,0.7402510615509212
vnf2-dup10,265.0,0.7252885181210771
vnf1-dup7,265.0,0.4070670697233801
vnf1-dup11,265.0,0.823304280409246
user2,265.0,0.5846103640007457
user1,265.0,0.6810171429939661
vnf2-dup12,265.0,1.0014319329148686
vnf2-dup16,265.0,0.0
vnf1-dup13,265.0,1.0011198418467584
vnf1-dup17,265.0,0.0
vnf2-dup14,265.0,0.0
vnf1-dup15,265.0,1.0007079638151426
webserver,265.0,0.09977978248832849
webserver2,265.0,0.2712295658701096
vnf2-dup8,270.0,0.6888776523761375
vnf1,270.0,0.5227704742163801
vnf2,270.0,0.6987864979142966
vnf1-dup9,270.0,0.5881873327645052
vnf2-dup6,270.0,0.6999801915230738
vnf2-dup10,270.0,0.8066547803525451
vnf1-dup7,270.0,0.7300144581697996
vnf1-dup11,270.0,0.4710596969634373
user2,270.0,0.6974229592422219
user1,270.0,0.6450186852108917
vnf2-dup12,270.0,1.0012611554132713
vnf2-dup16,270.0,0.0
vnf1-dup13,270.0,1.0011066388329979
vnf1-dup17,270.0,0.0
vnf2-dup14,270.0,0.0
vnf1-dup15,270.0,1.001217654870624
webserver,270.0,0.283773049998759
webserver2,270.0,0.21390384879998015
vnf2-dup8,275.0,0.7544021267403767
vnf1,275.0,0.5905814889434889
vnf2,275.0,0.7685253237336601
vnf1-dup9,275.0,0.6908905208333334
vnf2-dup6,275.0,0.816080094053398
vnf2-dup10,275.0,0.7978357580906149
vnf1-dup7,275.0,0.545262134368932
vnf1-dup11,275.0,0.7917475710679611
user2,275.0,0.8112915111228256
user1,275.0,0.545385011627907
vnf2-dup12,275.0,1.002266408167629
vnf2-dup16,275.0,0.0
vnf1-dup13,275.0,1.001222706113537
vnf1-dup17,275.0,0.0
vnf2-dup14,275.0,0.0
vnf1-dup15,275.0,1.0013187288779615
webserver,275.0,0.10034058115947453
webserver2,275.0,0.20287186314358074
vnf2-dup8,280.0,0.6196842691483141
vnf1,280.0,0.881348662443968
vnf2,280.0,0.8850098980198019
vnf1-dup9,280.0,0.42687128554455445
vnf2-dup6,280.0,0.7543894626895451
vnf2-dup10,280.0,0.8384477224660813
vnf1-dup7,280.0,0.6004043398595446
vnf1-dup11,280.0,0.7678867825069163
user2,280.0,0.5599959313097417
user1,280.0,0.6612876035585071
vnf2-dup12,280.0,1.0017752623878269
vnf2-dup16,280.0,0.0
vnf1-dup13,280.0,1.0016180014878184
vnf1-dup17,280.0,0.0
vnf2-dup14,280.0,0.0
vnf1-dup15,280.0,1.0009836661098739
webserver,280.0,0.2310998726139365
webserver2,280.0,0.24487614275700642
vnf2-dup8,285.0,0.6050258510858325
vnf1,285.0,0.5725542901758015
vnf2,285.0,0.5037671216760677
vnf1-dup9,285.0,0.7154713930298147
vnf2-dup6,285.0,0.7923908423060618
vnf2-dup10,285.0,0.41587536964815597
vnf1-dup7,285.0,0.5696598629737609
vnf1-dup11,285.0,0.5187949455782312
user2,285.0,0.9523337833481288
user1,285.0,0.7171894361423651
vnf2-dup12,285.0,1.0010112786853365
vnf2-dup16,285.0,0.0
vnf1-dup13,285.0,1.000706356407669
vnf1-dup17,285.0,0.0
vnf2-dup14,285.0,0.0
vnf1-dup15,285.0,1.001000816380719
webserver,285.0,0.16063016242464837
webserver2,285.0,0.07063518613250726
vnf2-dup8,290.0,0.8428875119829918
vnf1,290.0,0.5027638169694627
vnf2,290.0,0.6851284065299622
vnf1-dup9,290.0,0.6552060497710531
vnf2-dup6,290.0,0.7605257969393762
vnf2-dup10,290.0,0.8939376076123209
vnf1-dup7,290.0,0.6297085409045227
vnf1-dup11,290.0,0.7023919573869347
user2,290.0,0.7005867884046341
user1,290.0,0.740567815841786
vnf2-dup12,290.0,1.0017506389837745
vnf2-dup16,290.0,0.0
vnf1-dup13,290.0,1.0012775143474841
vnf1-dup17,290.0,0.0
vnf2-dup14,290.0,0.0
vnf1-dup15,290.0,1.000903909215956
webserver,290.0,0.14756462920849045
webserver2,290.0,0.2804748816438606
vnf2-dup8,295.0,0.6148716890280865
vnf1,295.0,0.5560315203071328
vnf2,295.0,0.7140165931823279
vnf1-dup9,295.0,0.6150930684009868
vnf2-dup6,295.0,0.8566870177270042
vnf2-dup10,295.0,0.6281268440023636
vnf1-dup7,295.0,0.4122077906093906
vnf1-dup11,295.0,0.7338061922077922
user2,295.0,0.8037185916247905
user1,295.0,0.5441413159386547
vnf2-dup12,295.0,1.0012055097588979
vnf2-dup16,295.0,0.0
vnf1-dup13,295.0,1.0010274680226463
vnf1-dup17,295.0,0.0
vnf2-dup14,295.0,0.0
vnf1-dup15,295.0,1.0010379894124974
webserver,295.0,0.11108061278437191
webserver2,295.0,0.088194856231454
vnf2-dup8,300.0,0.8360039336614173
vnf1,300.0,0.6430708637795276
vnf2,300.0,0.7970084641580433
vnf1-dup9,300.0,0.7444778906867356
vnf2-dup6,300.0,0.7790147755665024
vnf2-dup10,300.0,0.7293596033497537
vnf1-dup7,300.0,0.6732038809708738
vnf1-dup11,300.0,0.5361165025242718
user2,300.0,0.5654686191134457
user1,300.0,0.802395677957781
vnf2-dup12,300.0,1.0017043190646056
vnf2-dup16,300.0,0.0
vnf1-dup13,300.0,1.0012433043228768
vnf1-dup17,300.0,0.0
vnf2-dup14,300.0,0.0
vnf1-dup15,300.0,1.0012837959540946
webserver,300.0,0.16489965120039646
webserver2,300.0,0.28489234806932434
vnf2-dup8,305.0,0.6359447925715446
vnf1,305.0,0.5473107361477573
vnf2,305.0,0.7482341441951219
vnf1-dup9,305.0,0.5507902423414635
vnf2-dup6,305.0,0.8110236196412948
vnf2-dup10,305.0,0.6653762005686789
vnf1-dup7,305.0,0.6457908154761905
vnf1-dup11,305.0,0.47442601955782315
user2,305.0,0.9053790578312035
user1,305.0,1.000482421247113
vnf2-dup12,305.0,1.0014925357304387
vnf2-dup16,305.0,0.0
vnf1-dup13,305.0,1.0011973643983236
vnf1-dup17,305.0,0.0
vnf2-dup14,305.0,0.0
vnf1-dup15,305.0,1.0010959460297768
webserver,305.0,0.14361821211346482
webserver2,305.0,0.305758460202094
vnf2-dup8,310.0,0.6184650752823087
vnf1,310.0,0.5901296522375574
vnf2,310.0,0.6259779319959881
vnf1-dup9,310.0,0.6855566682046138
vnf2-dup6,310.0,0.6071923566210901
vnf2-dup10,310.0,0.5831803684210526
vnf1-dup7,310.0,0.635387633562316
vnf1-dup11,310.0,0.5685574072620215
user2,310.0,0.6340492022585198
user1,310.0,0.8279795940124698
vnf2-dup12,310.0,1.0012522673321234
vnf2-dup16,310.0,0.0
vnf1-dup13,310.0,1.001233778983195
vnf1-dup17,310.0,0.0
vnf2-dup14,310.0,0.0
vnf1-dup15,310.0,1.0010473299093654
webserver,310.0,0.16170270936291398
webserver2,310.0,0.35320159564995707
vnf2-dup8,315.0,0.820299198349239
vnf1,315.0,0.48155790508124835
vnf2,315.0,0.540026130879791
vnf1-dup9,315.0,0.6919860620644599
vnf2-dup6,315.0,0.7530382098559198
vnf2-dup10,315.0,0.6826894942576739
vnf1-dup7,315.0,0.46297420182094084
vnf1-dup11,315.0,0.6757424658573595
user2,315.0,0.8017850203240202
user1,315.0,0.6227457566961156
vnf2-dup12,315.0,1.001185452079566
vnf2-dup16,315.0,0.0
vnf1-dup13,315.0,1.0013221672542971
vnf1-dup17,315.0,0.0
vnf2-dup14,315.0,0.0
vnf1-dup15,315.0,1.0006224977767897
webserver,315.0,0.15067339334006055
webserver2,315.0,0.1270258992532795
vnf2-dup8,320.0,0.5358950014231499
vnf1,320.0,0.6609582533206831
vnf2,320.0,0.5350179803142154
vnf1-dup9,320.0,0.5909331805792163
vnf2-dup6,320.0,0.8010746476683938
vnf2-dup10,320.0,0.550201494722702
vnf1-dup7,320.0,0.7725858448112313
vnf1-dup11,320.0,0.583285901916145
user2,320.0,1.0006609793176973
user1,320.0,0.5283878624878523
vnf2-dup12,320.0,1.0010835289598108
vnf2-dup16,320.0,0.0
vnf1-dup13,320.0,1.0005940931329722
vnf1-dup17,320.0,0.0
vnf2-dup14,320.0,0.0
vnf1-dup15,320.0,1.000969863872532
webserver,320.0,0.19940838645090192
webserver2,320.0,0.05735166159735514
vnf2-dup8,325.0,0.8311256941129673
vnf1,325.0,0.5931185346062053
vnf2,325.0,0.7740521787607012
vnf1-dup9,325.0,0.7131879309009377
vnf2-dup6,325.0,0.8132177009569379
vnf2-dup10,325.0,0.7802432192982456
vnf1-dup7,325.0,0.8763026802681991
vnf1-dup11,325.0,0.3650766266283525
user2,325.0,0.8262873893411586
user1,325.0,0.5631621444724215
vnf2-dup12,325.0,1.0014853456443196
vnf2-dup16,325.0,0.0
vnf1-dup13,325.0,1.0011092838948232
vnf1-dup17,325.0,0.0
vnf2-dup14,325.0,0.0
vnf1-dup15,325.0,1.0011835539867109
webserver,325.0,0.11123328893491496
webserver2,325.0,0.1813870574154271
vnf2-dup8,330.0,0.9224402182709994
vnf1,330.0,0.4939505405681586
vnf2,330.0,0.7456369087261786
vnf1-dup9,330.0,0.7337813424272819
vnf2-dup6,330.0,0.6445538563102894
vnf2-dup10,330.0,0.8578376177652733
vnf1-dup7,330.0,0.45184376892864936
vnf1-dup11,330.0,0.7218197663102771
user2,330.0,0.6941267201101929
user1,330.0,0.6028913707223373
vnf2-dup12,330.0,1.0012723644135189
vnf2-dup16,330.0,0.0
vnf1-dup13,330.0,1.0010659682220435
vnf1-dup17,330.0,0.0
vnf2-dup14,330.0,0.0
vnf1-dup15,330.0,1.0013949768832204
webserver,330.0,0.14670652509858798
webserver2,330.0,0.18585676043760338
vnf2-dup8,335.0,0.8967495961075441
vnf1,335.0,0.364586676364366
vnf2,335.0,0.7242031846613546
vnf1-dup9,335.0,0.6155378466135458
vnf2-dup6,335.0,0.683610545841785
vnf2-dup10,335.0,0.6910344805273834
vnf1-dup7,335.0,0.7448110580645162
vnf1-dup11,335.0,0.45380644995391706
user2,335.0,0.7485160726055368
user1,335.0,0.5812221723176281
vnf2-dup12,335.0,1.0013585823384108
vnf2-dup16,335.0,0.0
vnf1-dup13,335.0,1.0009640480016067
vnf1-dup17,335.0,0.0
vnf2-dup14,335.0,0.0
vnf1-dup15,335.0,1.001294903091061
webserver,335.0,0.2813783380365218
webserver2,335.0,0.10994094202970175
vnf2-dup8,340.0,0.7594259852565363
vnf1,340.0,0.704462352860232
vnf2,340.0,0.6467585372670808
vnf1-dup9,340.0,0.6144021725543478
vnf2-dup6,340.0,0.9378420919472337
vnf2-dup10,340.0,0.7632211035636935
vnf1-dup7,340.0,0.64359743737495
vnf1-dup11,340.0,0.6911564603841537
user2,340.0,0.6621685545096107
user1,340.0,0.6912182422484497
vnf2-dup12,340.0,1.0010986716417911
vnf2-dup16,340.0,0.0
vnf1-dup13,340.0,1.0016295998849694
vnf1-dup17,340.0,0.0
vnf2-dup14,340.0,0.0
vnf1-dup15,340.0,1.0011185682326622
webserver,340.0,0.2502993851850922
webserver2,340.0,0.35466402090054355
vnf2-dup8,345.0,0.8798581527862209
vnf1,345.0,0.5162715284701114
vnf2,345.0,0.8256004898378156
vnf1-dup9,345.0,0.682303426195853
vnf2-dup6,345.0,0.8684421868526739
vnf2-dup10,345.0,0.7633904009723104
vnf1-dup7,345.0,0.7889140246812012
vnf1-dup11,345.0,0.6164541316330728
user2,345.0,0.9797288492670969
user1,345.0,0.5629324799935026
vnf2-dup12,345.0,1.0017795621890546
vnf2-dup16,345.0,0.0
vnf1-dup13,345.0,1.0018453949149067
vnf1-dup17,345.0,0.0
vnf2-dup14,345.0,0.0
vnf1-dup15,345.0,0.0
webserver,345.0,0.10171229007416212
webserver2,345.0,0.1656551391499214
vnf2-dup8,350.0,0.6118766250751051
vnf1,350.0,0.6147806919687563
vnf2,350.0,0.7578673060733614
vnf1-dup9,350.0,0.6170174369613148
vnf2-dup6,350.0,0.5876540770886324
vnf2-dup10,350.0,0.8945216176873411
vnf1-dup7,350.0,0.5801918165981601
vnf1-dup11,350.0,0.6530632196124486
user2,350.0,0.5752574303963475
user1,350.0,0.5893799335644136
vnf2-dup12,350.0,1.001592160236783
vnf2-dup16,350.0,0.0
vnf1-dup13,350.0,1.0011014940991345
vnf1-dup17,350.0,0.0
vnf2-dup14,350.0,0.0
vnf1-dup15,350.0,0.0
webserver,350.0,0.14078395075946837
webserver2,350.0,0.20627560640051965
vnf2-dup8,355.0,0.7212417624276303
vnf1,355.0,0.4963465749650629
vnf2,355.0,0.6023666322017459
vnf1-dup9,355.0,0.6550727431619787
vnf2-dup6,355.0,0.6374508241542093
vnf2-dup10,355.0,0.7892604226986625
vnf1-dup7,355.0,0.6622591735956195
vnf1-dup11,355.0,0.6791725789900628
user2,355.0,0.7357747889424295
user1,355.0,0.5749469613307617
vnf2-dup12,355.0,1.0016933193791158
vnf2-dup16,355.0,0.0
vnf1-dup13,355.0,1.0015234596790574
vnf1-dup17,355.0,0.0
vnf2-dup14,355.0,0.0
vnf1-dup15,355.0,0.0
webserver,355.0,0.11575811461033518
webserver2,355.0,0.35294360285526366
vnf2-dup8,360.0,0.6310959711480666
vnf1,360.0,0.7287517513524344
vnf2,360.0,0.804708472851132
vnf1-dup9,360.0,0.5537968328992185
vnf2-dup6,360.0,0.4975288614543245
vnf2-dup10,360.0,0.924913912294916
vnf1-dup7,360.0,0.5205859045922407
vnf1-dup11,360.0,0.7820665061361838
user2,360.0,0.718502526221567
user1,360.0,0.7053682507023881
vnf2-dup12,360.0,1.0014127642553192
vnf2-dup16,360.0,0.0
vnf1-dup13,360.0,1.001368725010369
vnf1-dup17,360.0,0.0
vnf2-dup14,360.0,0.0
vnf1-dup15,360.0,0.0
webserver,360.0,0.18735065486886837
webserver2,360.0,0.27168285484458476
vnf2-dup8,365.0,0.4155515358649789
vnf1,365.0,0.6980108493068113
vnf2,365.0,0.619435669404085
vnf1-dup9,365.0,0.44868393261739314
vnf2-dup6,365.0,0.4732801108241371
vnf2-dup10,365.0,0.6800187825780699
vnf1-dup7,365.0,0.6516480843431894
vnf1-dup11,365.0,0.43208918952981096
user2,365.0,0.6971765925343998
user1,365.0,0.9045750291785278
vnf2-dup12,365.0,1.000910864671438
vnf2-dup16,365.0,0.0
vnf1-dup13,365.0,1.000767542763158
vnf1-dup17,365.0,0.0
vnf2-dup14,365.0,0.0
vnf1-dup15,365.0,0.0
webserver,365.0,0.049211768665475206
webserver2,365.0,0.25812104821414283
vnf2-dup8,370.0,1.0029488959806099
vnf1,370.0,0.7314683878004444
vnf2,370.0,0.6558041667622873
vnf1-dup9,370.0,0.808605849684452
vnf2-dup6,370.0,0.9132190909249869
vnf2-dup10,370.0,0.8107186536107711
vnf1-dup7,370.0,0.9255153273861078
vnf1-dup11,370.0,0.5810323899185865
user2,370.0,0.6369615735126848
user1,370.0,0.9180184583660644
vnf2-dup12,370.0,1.0011185671140939
vnf2-dup16,370.0,0.0
vnf1-dup13,370.0,1.0017117601693355
vnf1-dup17,370.0,0.0
vnf2-dup14,370.0,0.0
vnf1-dup15,370.0,0.0
webserver,370.0,0.28303540306030817
webserver2,370.0,0.13467271651440954
vnf2-dup8,375.0,0.8105157910835666
vnf1,375.0,0.4825469794082367
vnf2,375.0,0.6882912012133467
vnf1-dup9,375.0,0.6666329605662284
vnf2-dup6,375.0,0.698722437255306
vnf2-dup10,375.0,0.7343292783845043
vnf1-dup7,375.0,0.6949870159776314
vnf1-dup11,375.0,0.6022768106650689
user2,375.0,0.6566996321602491
user1,375.0,0.9719416372721928
vnf2-dup12,375.0,1.001211995275267
vnf2-dup16,375.0,0.0
vnf1-dup13,375.0,1.0010859012992048
vnf1-dup17,375.0,0.0
vnf2-dup14,375.0,0.0
vnf1-dup15,375.0,0.0
webserver,375.0,0.2335255853110811
webserver2,375.0,0.1318468520186526
vnf2-dup8,380.0,0.7886041647916666
vnf1,380.0,0.6059999991666667
vnf2,380.0,0.8064605600475625
vnf1-dup9,380.0,0.6668846591359492
vnf2-dup6,380.0,0.8178620532521124
vnf2-dup10,380.0,0.7984083289447829
vnf1-dup7,380.0,0.5972800304966001
vnf1-dup11,380.0,0.6726354805275088
user2,380.0,0.5986970673014281
user1,380.0,0.6871124065308426
vnf2-dup12,380.0,1.001674081796991
vnf2-dup16,380.0,0.0
vnf1-dup13,380.0,1.0014585398601399
vnf1-dup17,380.0,0.0
vnf2-dup14,380.0,0.0
vnf1-dup15,380.0,0.0
webserver,380.0,0.2836940357664689
webserver2,380.0,0.3621779568154855
vnf2-dup8,385.0,0.7858087767087593
vnf1,385.0,0.5543996768891561
vnf2,385.0,0.797529360874848
vnf1-dup9,385.0,0.5286553246253544
vnf2-dup6,385.0,0.8325323440131444
vnf2-dup10,385.0,0.7305196108030396
vnf1-dup7,385.0,0.6498927644765061
vnf1-dup11,385.0,0.7124975607330865
user2,385.0,0.7608283769525346
user1,385.0,0.8481194141030441
vnf2-dup12,385.0,1.001362558056872
vnf2-dup16,385.0,0.0
vnf1-dup13,385.0,1.0015832937127123
vnf1-dup17,385.0,0.0
vnf2-dup14,385.0,0.0
vnf1-dup15,385.0,0.0
webserver,385.0,0.1930392894296578
webserver2,385.0,0.15597465088719897
vnf2-dup8,390.0,0.8915809493333333
vnf1,390.0,0.49893333104761906
vnf2,390.0,0.5462161046135169
vnf1-dup9,390.0,0.7467219732901659
vnf2-dup6,390.0,0.5244369126968308
vnf2-dup10,390.0,0.8895555088698425
vnf1-dup7,390.0,0.5598252375533428
vnf1-dup11,390.0,0.7841698827474091
user2,390.0,0.5548955002430199
user1,390.0,0.6332741827730085
vnf2-dup12,390.0,1.0012182521164568
vnf2-dup16,390.0,0.0
vnf1-dup13,390.0,1.0015017653710248
vnf1-dup17,390.0,0.0
vnf2-dup14,390.0,0.0
vnf1-dup15,390.0,0.0
webserver,390.0,0.08944861598604531
webserver2,390.0,0.17082379667957395
vnf2-dup8,395.0,0.7895491360897569
vnf1,395.0,0.5404321614377727
vnf2,395.0,0.8735951508251515
vnf1-dup9,395.0,0.5283893866722373
vnf2-dup6,395.0,0.8761876799608993
vnf2-dup10,395.0,0.5843792742913001
vnf1-dup7,395.0,0.5893981095594021
vnf1-dup11,395.0,0.6762391795830055
user2,395.0,0.7324616844827586
user1,395.0,0.7402327948667998
vnf2-dup12,395.0,1.001113997957668
vnf2-dup16,395.0,0.0
vnf1-dup13,395.0,1.0012984321929101
vnf1-dup17,395.0,0.0
vnf2-dup14,395.0,0.0
vnf1-dup15,395.0,0.0
webserver,395.0,0.0933422453241856
webserver2,395.0,0.22768788311409868
vnf2-dup8,400.0,0.6239951500706927
vnf1,400.0,0.6812563106443142
vnf2,400.0,0.4904798006827233
vnf1-dup9,400.0,0.7087236849990517
vnf2-dup6,400.0,0.8067746033233916
vnf2-dup10,400.0,0.6882829122283766
vnf1-dup7,400.0,0.6059311472418084
vnf1-dup11,400.0,0.7216300275819162
user2,400.0,0.658809901983495
user1,400.0,1.0008151747597243
vnf2-dup12,400.0,1.001440624202511
vnf2-dup16,400.0,0.0
vnf1-dup13,400.0,1.0012749670633234
vnf1-dup17,400.0,0.0
vnf2-dup14,400.0,0.0
vnf1-dup15,400.0,0.0
webserver,400.0,0.08492442280727923
webserver2,400.0,0.13873309404832937
vnf2-dup8,405.0,0.8331918966248795
vnf1,405.0,0.5408293134040502
vnf2,405.0,0.7102558946421431
vnf1-dup9,405.0,0.7676929202319073
vnf2-dup6,405.0,0.7408759101037264
vnf2-dup10,405.0,0.6852669975028813
vnf1-dup7,405.0,0.6569738093113483
vnf1-dup11,405.0,0.5837633346265761
user2,405.0,0.6863726524238263
user1,405.0,0.6416940692575984
vnf2-dup12,405.0,1.0010218377078741
vnf2-dup16,405.0,0.0
vnf1-dup13,405.0,1.0014897562590523
vnf1-dup17,405.0,0.0
vnf2-dup14,405.0,0.0
vnf1-dup15,405.0,0.0
webserver,405.0,0.1857881324043552
webserver2,405.0,0.10422285451003896
vnf2-dup8,410.0,0.8796025926601785
vnf1,410.0,0.5623276542984591
vnf2,410.0,0.7132783478350516
vnf1-dup9,410.0,0.7807010286597937
vnf2-dup6,410.0,0.6817271807654562
vnf2-dup10,410.0,0.7501079468105986
vnf1-dup7,410.0,0.6756521720930233
vnf1-dup11,410.0,0.7357735069767442
user2,410.0,0.8304617554922701
user1,410.0,0.7254306494057281
vnf2-dup12,410.0,1.0007550813165538
vnf2-dup16,410.0,0.0
vnf1-dup13,410.0,1.0012589915467627
vnf1-dup17,410.0,0.0
vnf2-dup14,410.0,0.0
vnf1-dup15,410.0,0.0
webserver,410.0,0.16382951599236642
webserver2,410.0,0.17004325634860049
vnf2-dup8,415.0,0.7157894710219127
vnf1,415.0,0.5679090704484947
vnf2,415.0,0.6703312312538102
vnf1-dup9,415.0,0.7613899595610648
vnf2-dup6,415.0,0.6967465043912177
vnf2-dup10,415.0,0.8053293387225549
vnf1-dup7,415.0,0.6277312581738437
vnf1-dup11,415.0,0.7539872384370016
user2,415.0,0.7817638691053328
user1,415.0,0.7362291941567476
vnf2-dup12,415.0,1.0012034753733006
vnf2-dup16,415.0,0.0
vnf1-dup13,415.0,1.0014051044923808
vnf1-dup17,415.0,0.0
vnf2-dup14,415.0,0.0
vnf1-dup15,415.0,0.0
webserver,415.0,0.26263291714506987
webserver2,415.0,0.1806704604226339
vnf2-dup8,420.0,0.8343442278456085
vnf1,420.0,0.7291453302481292
vnf2,420.0,0.7770335826053193
vnf1-dup9,420.0,0.6900990075713455
vnf2-dup6,420.0,0.6298263301696285
vnf2-dup10,420.0,0.8105209993941842
vnf1-dup7,420.0,0.7286407746763754
vnf1-dup11,420.0,0.7433252404935276
user2,420.0,0.5580829669672766
user1,420.0,0.9936539353606789
vnf2-dup12,420.0,1.0016788697981782
vnf2-dup16,420.0,0.0
vnf1-dup13,420.0,1.0017017811993516
vnf1-dup17,420.0,0.0
vnf2-dup14,420.0,0.0
vnf1-dup15,420.0,0.0
webserver,420.0,0.07179889994425158
webserver2,420.0,0.17568101711729975
vnf2-dup8,425.0,0.8055229591341291
vnf1,425.0,0.5760671638680963
vnf2,425.0,0.8746094530306187
vnf1-dup9,425.0,0.7711310122891064
vnf2-dup6,425.0,0.904442228685259
vnf2-dup10,425.0,0.7903386430278885
vnf1-dup7,425.0,0.5601365306164666
vnf1-dup11,425.0,0.7352089344228383
user2,425.0,0.6018544715240838
user1,425.0,0.7803747369173432
vnf2-dup12,425.0,1.001909403006297
vnf2-dup16,425.0,0.0
vnf1-dup13,425.0,1.0017489693415638
vnf1-dup17,425.0,0.0
vnf2-dup14,425.0,0.0
vnf1-dup15,425.0,0.0
webserver,425.0,0.24735297717868338
webserver2,425.0,0.10515862021316615
vnf2-dup8,430.0,0.6010822483274301
vnf1,430.0,0.7828807528532074
vnf2,430.0,0.6725819172917489
vnf1-dup9,430.0,0.5947295682984604
vnf2-dup6,430.0,0.5541049235082098
vnf2-dup10,430.0,0.874309168001602
vnf1-dup7,430.0,0.6830485152229424
vnf1-dup11,430.0,0.597191120015714
user2,430.0,0.8420638070289133
user1,430.0,1.0006561857891387
vnf2-dup12,430.0,1.0010654095639246
vnf2-dup16,430.0,0.0
vnf1-dup13,430.0,1.0010461049980628
vnf1-dup17,430.0,0.0
vnf2-dup14,430.0,0.0
vnf1-dup15,430.0,0.0
webserver,430.0,0.09728140306745409
webserver2,430.0,0.21529989220303505
vnf2-dup8,435.0,0.916523301260252
vnf1,435.0,0.6495299037807561
vnf2,435.0,0.7235397515139675
vnf1-dup9,435.0,0.7917952703653057
vnf2-dup6,435.0,0.8440008466765768
vnf2-dup10,435.0,0.8513272431514123
vnf1-dup7,435.0,0.6058310166600555
vnf1-dup11,435.0,0.7579730236017453
user2,435.0,0.6756984486632893
user1,435.0,0.7549517427369463
vnf2-dup12,435.0,1.0014323769153899
vnf2-dup16,435.0,0.0
vnf1-dup13,435.0,1.0013550118824266
vnf1-dup17,435.0,0.0
vnf2-dup14,435.0,0.0
vnf1-dup15,435.0,0.0
webserver,435.0,0.29025280474570375
webserver2,435.0,0.11978245703784643
vnf2-dup8,440.0,0.7948457765827922
vnf1,440.0,0.5410105507305195
vnf2,440.0,0.7192198262901259
vnf1-dup9,440.0,0.8227549746038195
vnf2-dup6,440.0,0.6794625700575815
vnf2-dup10,440.0,0.9320921282149711
vnf1-dup7,440.0,0.7386417766084193
vnf1-dup11,440.0,0.7170968995234314
user2,440.0,0.6745299475337888
user1,440.0,0.7973979168835068
vnf2-dup12,440.0,1.0012766792339916
vnf2-dup16,440.0,0.0
vnf1-dup13,440.0,1.001229113116958
vnf1-dup17,440.0,0.0
vnf2-dup14,440.0,0.0
vnf1-dup15,440.0,0.0
webserver,440.0,0.16618459878214648
webserver2,440.0,0.09277398532586316
vnf2-dup8,445.0,0.6136743612659236
vnf1,445.0,0.523288215366242
vnf2,445.0,0.6355559970053903
vnf1-dup9,445.0,0.5046316620083848
vnf2-dup6,445.0,0.8335507521402364
vnf2-dup10,445.0,0.5918059498573176
vnf1-dup7,445.0,0.6302816885311872
vnf1-dup11,445.0,0.6194969796780684
user2,445.0,0.8231282336837611
user1,445.0,0.583623749385481
vnf2-dup12,445.0,1.0008454863665186
vnf2-dup16,445.0,0.0
vnf1-dup13,445.0,1.0015795862697447
vnf1-dup17,445.0,0.0
vnf2-dup14,445.0,0.0
vnf1-dup15,445.0,0.0
webserver,445.0,0.22174587106235624
webserver2,445.0,0.09352404554616636
vnf2-dup8,450.0,0.8086047912313051
vnf1,450.0,0.6484122079491907
vnf2,450.0,0.7638551623003196
vnf1-dup9,450.0,0.7012353539936103
vnf2-dup6,450.0,0.6167436235695644
vnf2-dup10,450.0,1.0032925085324231
vnf1-dup7,450.0,0.6877766258531541
vnf1-dup11,450.0,0.807259562771458
user2,450.0,0.8034996680501839
user1,450.0,0.6922311217234678
vnf2-dup12,450.0,1.0017925721297483
vnf2-dup16,450.0,0.0
vnf1-dup13,450.0,1.0018783158432014
vnf1-dup17,450.0,0.0
vnf2-dup14,450.0,0.0
vnf1-dup15,450.0,0.0
webserver,450.0,0.15631994827459259
webserver2,450.0,0.18219860534066368
vnf2-dup8,455.0,0.794000815929566
vnf1,455.0,0.6864455335790336
vnf2,455.0,0.794669184120983
vnf1-dup9,455.0,0.689735347637051
vnf2-dup6,455.0,0.9115267296198415
vnf2-dup10,455.0,0.7087619406383411
vnf1-dup7,455.0,0.7374926976834729
vnf1-dup11,455.0,0.6631496959314774
user2,455.0,0.79794892450627
user1,455.0,0.6452347495485553
vnf2-dup12,455.0,1.0014554147015475
vnf2-dup16,455.0,0.0
vnf1-dup13,455.0,1.0013122251614248
vnf1-dup17,455.0,0.0
vnf2-dup14,455.0,0.0
vnf1-dup15,455.0,0.0
webserver,455.0,0.16126218895144265
webserver2,455.0,0.13173821202372574
vnf2-dup8,460.0,0.6367968732421876
vnf1,460.0,0.5380664052734375
vnf2,460.0,0.7672719911218725
vnf1-dup9,460.0,0.5420702156981437
vnf2-dup6,460.0,0.8422588306867805
vnf2-dup10,460.0,0.6592100019849146
vnf1-dup7,460.0,0.6349534624612202
vnf1-dup11,460.0,0.6538572876938986
user2,460.0,0.6093341803727802
user1,460.0,0.6161934794451955
vnf2-dup12,460.0,1.001224988566762
vnf2-dup16,460.0,0.0
vnf1-dup13,460.0,1.0015518535200605
vnf1-dup17,460.0,0.0
vnf2-dup14,460.0,0.0
vnf1-dup15,460.0,0.0
webserver,460.0,0.27669628256788886
webserver2,460.0,0.07191340235264672
vnf2-dup8,465.0,0.7880421538305634
vnf1,465.0,0.6574381817997569
vnf2,465.0,0.9066852895629615
vnf1-dup9,465.0,0.6251845922969467
vnf2-dup6,465.0,0.9032394340040242
vnf2-dup10,465.0,0.7736016070422534
vnf1-dup7,465.0,0.6389331667688535
vnf1-dup11,465.0,0.8482117279787451
user2,465.0,0.6247871927298035
user1,465.0,0.6397916653769842
vnf2-dup12,465.0,1.0017132713666799
vnf2-dup16,465.0,0.0
vnf1-dup13,465.0,1.0014626307353236
vnf1-dup17,465.0,0.0
vnf2-dup14,465.0,0.0
vnf1-dup15,465.0,0.0
webserver,465.0,0.13220168101922414
webserver2,465.0,0.21620040233049806
vnf2-dup8,470.0,0.860797339261286
vnf1,470.0,0.6936290771936681
vnf2,470.0,0.911435471511979
vnf1-dup9,470.0,0.6436883412522649
vnf2-dup6,470.0,0.7564391665677547
vnf2-dup10,470.0,0.8731948540059347
vnf1-dup7,470.0,0.6339039072164949
vnf1-dup11,470.0,0.6914802542306944
user2,470.0,0.6720668794162101
user1,470.0,0.6732942281546097
vnf2-dup12,470.0,1.0012984233716475
vnf2-dup16,470.0,0.0
vnf1-dup13,470.0,1.0013026651740282
vnf1-dup17,470.0,0.0
vnf2-dup14,470.0,0.0
vnf1-dup15,470.0,0.0
webserver,470.0,0.10472462625768411
webserver2,470.0,0.36612470046418266
vnf2-dup8,475.0,0.6758663090014353
vnf1,475.0,0.5519991785933976
vnf2,475.0,0.5686519094567405
vnf1-dup9,475.0,0.8222132774647888
vnf2-dup6,475.0,0.7428402111396405
vnf2-dup10,475.0,0.6846138635196524
vnf1-dup7,475.0,0.702719209458128
vnf1-dup11,475.0,0.6262068943842364
user2,475.0,0.8788128838735335
user1,475.0,0.6724440201372539
vnf2-dup12,475.0,1.0015764469135804
vnf2-dup16,475.0,0.0
vnf1-dup13,475.0,1.0016204590003905
vnf1-dup17,475.0,0.0
vnf2-dup14,475.0,0.0
vnf1-dup15,475.0,0.0
webserver,475.0,0.12502775804379015
webserver2,475.0,0.14098683730272596
vnf2-dup8,480.0,0.6659690221850146
vnf1,480.0,0.686793635621599
vnf2,480.0,0.6480416639583333
vnf1-dup9,480.0,0.6399374983333332
vnf2-dup6,480.0,0.7536285340303402
vnf2-dup10,480.0,0.7602705998359984
vnf1-dup7,480.0,0.4249999982817869
vnf1-dup11,480.0,0.8597723339776632
user2,480.0,0.9556821633431682
user1,480.0,0.7039175854588678
vnf2-dup12,480.0,1.0013144160233673
vnf2-dup16,480.0,0.0
vnf1-dup13,480.0,1.0008489981807156
vnf1-dup17,480.0,0.0
vnf2-dup14,480.0,0.0
vnf1-dup15,480.0,0.0
webserver,480.0,0.14135897313304938
webserver2,480.0,0.19143332358797288
vnf2-dup8,485.0,0.5989870534608891
vnf1,485.0,0.9557681451885199
vnf2,485.0,0.69064444529211
vnf1-dup9,485.0,0.8516362142140133
vnf2-dup6,485.0,0.48358385818829114
vnf2-dup10,485.0,0.9466376552610759
vnf1-dup7,485.0,0.734426226348015
vnf1-dup11,485.0,0.7366581044835078
user2,485.0,0.9650989476545322
user1,485.0,0.8938555285243281
vnf2-dup12,485.0,1.0017726988378963
vnf2-dup16,485.0,0.0
vnf1-dup13,485.0,1.0014932314512366
vnf1-dup17,485.0,0.0
vnf2-dup14,485.0,0.0
vnf1-dup15,485.0,0.0
webserver,485.0,0.1598578991586164
webserver2,485.0,0.1144755371268308
vnf2-dup8,490.0,0.663224075242218
vnf1,490.0,0.6377241797567512
vnf2,490.0,0.7070574606633243
vnf1-dup9,490.0,0.767527958542229
vnf2-dup6,490.0,0.8598183626639758
vnf2-dup10,490.0,0.7466397556004036
vnf1-dup7,490.0,0.7255687322574373
vnf1-dup11,490.0,0.6034221252187439
user2,490.0,0.5841837154906054
user1,490.0,0.5350753435395961
vnf2-dup12,490.0,1.001210606072252
vnf2-dup16,490.0,0.0
vnf1-dup13,490.0,1.0014408156118912
vnf1-dup17,490.0,0.0
vnf2-dup14,490.0,0.0
vnf1-dup15,490.0,0.0
webserver,490.0,0.10656455364025295
webserver2,490.0,0.0740149423746149
vnf2-dup8,495.0,0.5688029956616052
vnf1,495.0,0.7626306434628279
vnf2,495.0,0.7348345928656835
vnf1-dup9,495.0,0.5000398545237146
vnf2-dup6,495.0,0.6683689606096596
vnf2-dup10,495.0,0.9010094990102929
vnf1-dup7,495.0,0.7248864284021331
vnf1-dup11,495.0,0.6538218421884259
user2,495.0,0.7318251441119396
user1,495.0,0.5856331396043483
vnf2-dup12,495.0,1.0010891890669955
vnf2-dup16,495.0,0.0
vnf1-dup13,495.0,1.0008835001027327
vnf1-dup17,495.0,0.0
vnf2-dup14,495.0,0.0
vnf1-dup15,495.0,0.0
webserver,495.0,0.07920990157121785
webserver2,495.0,0.11888154896427884
vnf2-dup8,500.0,0.970967099881094
vnf1,500.0,0.5357312701149426
vnf2,500.0,0.6069772111312765
vnf1-dup9,500.0,0.7332123397862472
vnf2-dup6,500.0,0.6853089126584826
vnf2-dup10,500.0,0.9704769545180116
vnf1-dup7,500.0,0.5330542158258321
vnf1-dup11,500.0,0.8271927965250158
user2,500.0,0.5559805835548365
user1,500.0,0.8211050923946901
vnf2-dup12,500.0,1.0017547464905037
vnf2-dup16,500.0,0.0
vnf1-dup13,500.0,1.0011347212708892
vnf1-dup17,500.0,0.0
vnf2-dup14,500.0,0.0
vnf1-dup15,500.0,0.0
webserver,500.0,0.1898427253531382
webserver2,500.0,0.16959856249696617
vnf2-dup8,505.0,0.4464300022061773
vnf1,505.0,0.7363818678299238
vnf2,505.0,0.7552980808931957
vnf1-dup9,505.0,0.4772698540130609
vnf2-dup6,505.0,0.4667860684577114
vnf2-dup10,505.0,0.8382288539303483
vnf1-dup7,505.0,0.5253399714614059
vnf1-dup11,505.0,0.6431526512162421
user2,505.0,0.7598644600294261
user1,505.0,0.8418867150776054
vnf2-dup12,505.0,1.0010880712379389
vnf2-dup16,505.0,0.0
vnf1-dup13,505.0,1.0008552344597414
vnf1-dup17,505.0,0.0
vnf2-dup14,505.0,0.0
vnf1-dup15,505.0,0.0
webserver,505.0,0.10220545966231237
webserver2,505.0,0.13503509206484002
vnf2-dup8,510.0,0.6772283370039476
vnf1,510.0,0.9125077884895076
vnf2,510.0,0.7108835545153112
vnf1-dup9,510.0,0.7973278691242442
vnf2-dup6,510.0,0.7806270068327974
vnf2-dup10,510.0,0.7466840807877814
vnf1-dup7,510.0,0.8407051254273504
vnf1-dup11,510.0,0.6809829034188035
user2,510.0,0.6357994276425968
user1,510.0,0.8892724630564716
vnf2-dup12,510.0,1.0012688481059213
vnf2-dup16,510.0,0.0
vnf1-dup13,510.0,1.001545820758189
vnf1-dup17,510.0,0.0
vnf2-dup14,510.0,0.0
vnf1-dup15,510.0,0.0
webserver,510.0,0.11749630435653982
webserver2,510.0,0.27242528163439134
vnf2-dup8,515.0,0.7481104622093023
vnf1,515.0,0.6393064761212625
vnf2,515.0,0.8559584455115642
vnf1-dup9,515.0,0.6188553496667973
vnf2-dup6,515.0,0.8802828421807748
vnf2-dup10,515.0,0.8619594152490265
vnf1-dup7,515.0,0.5192181761987291
vnf1-dup11,515.0,0.7104371247833623
user2,515.0,0.8065139320285237
user1,515.0,0.7179415390536685
vnf2-dup12,515.0,1.0016048338891206
vnf2-dup16,515.0,0.0
vnf1-dup13,515.0,1.0011063292358122
vnf1-dup17,515.0,0.0
vnf2-dup14,515.0,0.0
vnf1-dup15,515.0,0.0
webserver,515.0,0.23336124789070412
webserver2,515.0,0.17948576852118045
vnf2-dup8,520.0,0.7700278298008991
vnf1,520.0,0.44722757332476987
vnf2,520.0,0.6481821793847383
vnf1-dup9,520.0,0.5614662391130644
vnf2-dup6,520.0,0.590952568752491
vnf2-dup10,520.0,0.7776205637704264
vnf1-dup7,520.0,0.7412782674532941
vnf1-dup11,520.0,0.4626352001966568
user2,520.0,0.8091778794154751
user1,520.0,0.5741918180453547
vnf2-dup12,520.0,1.0011921039671683
vnf2-dup16,520.0,0.0
vnf1-dup13,520.0,1.0008271117611458
vnf1-dup17,520.0,0.0
vnf2-dup14,520.0,0.0
vnf1-dup15,520.0,0.0
webserver,520.0,0.08582396596497391
webserver2,520.0,0.10340475674929747
vnf2-dup8,525.0,0.6158530062133853
vnf1,525.0,0.6728031223149299
vnf2,525.0,0.6379955257166091
vnf1-dup9,525.0,0.7325066052043098
vnf2-dup6,525.0,0.9487431893590281
vnf2-dup10,525.0,0.6194805163385002
vnf1-dup7,525.0,0.6677157340101523
vnf1-dup11,525.0,0.7085685258883249
user2,525.0,0.7611271108390937
user1,525.0,0.7870950785764315
vnf2-dup12,525.0,1.0007650477149186
vnf2-dup16,525.0,0.0
vnf1-dup13,525.0,1.0014689034719573
vnf1-dup17,525.0,0.0
vnf2-dup14,525.0,0.0
vnf1-dup15,525.0,0.0
webserver,525.0,0.1911700047709447
webserver2,525.0,0.24422490797821853
vnf2-dup8,530.0,0.8136568580631307
vnf1,530.0,0.5925488494739103
vnf2,530.0,0.8109962771806531
vnf1-dup9,530.0,0.505291441504754
vnf2-dup6,530.0,0.5972189791909762
vnf2-dup10,530.0,0.8503306087125632
vnf1-dup7,530.0,0.7233459545555803
vnf1-dup11,530.0,0.6599242572956115
user2,530.0,0.9516614074132492
user1,530.0,0.6980140660426148
vnf2-dup12,530.0,1.0015963964388048
vnf2-dup16,530.0,0.0
vnf1-dup13,530.0,1.0010268220871752
vnf1-dup17,530.0,0.0
vnf2-dup14,530.0,0.0
vnf1-dup15,530.0,0.0
webserver,530.0,0.08784385930692822
webserver2,530.0,0.19560606365605318
vnf2-dup8,535.0,0.4756107235352532
vnf1,535.0,0.7283217463753724
vnf2,535.0,0.6228862400076864
vnf1-dup9,535.0,0.5273443495388163
vnf2-dup6,535.0,0.3480834146971201
vnf2-dup10,535.0,0.9263753706057597
vnf1-dup7,535.0,0.4959634874239351
vnf1-dup11,535.0,0.7052129803245437
user2,535.0,0.6018193931701277
user1,535.0,0.96101205760227
vnf2-dup12,535.0,1.00080128125
vnf2-dup16,535.0,0.0
vnf1-dup13,535.0,1.0008878117433413
vnf1-dup17,535.0,0.0
vnf2-dup14,535.0,0.0
vnf1-dup15,535.0,0.0
webserver,535.0,0.07058344136297655
webserver2,535.0,0.12546412977818525
vnf2-dup8,540.0,0.41593485652442796
vnf1,540.0,0.8951556355390641
vnf2,540.0,0.8935225144972239
vnf1-dup9,540.0,0.5052436755089451
vnf2-dup6,540.0,0.539742255248389
vnf2-dup10,540.0,0.8740178734150904
vnf1-dup7,540.0,0.49257229049329054
vnf1-dup11,540.0,0.8413343392553392
user2,540.0,1.0006342995852646
user1,540.0,1.000847409123425
vnf2-dup12,540.0,1.001477339788381
vnf2-dup16,540.0,0.0
vnf1-dup13,540.0,1.0009919505895566
vnf1-dup17,540.0,0.0
vnf2-dup14,540.0,0.0
vnf1-dup15,540.0,0.0
webserver,540.0,0.06473496262265611
webserver2,540.0,0.2060547796434546
vnf2-dup8,545.0,0.9890533661862096
vnf1,545.0,0.8168484579275419
vnf2,545.0,0.9507614179357022
vnf1-dup9,545.0,0.7689509274534687
vnf2-dup6,545.0,1.0040997837942371
vnf2-dup10,545.0,0.960143102688068
vnf1-dup7,545.0,0.8695292962536022
vnf1-dup11,545.0,0.8097982680115273
user2,545.0,0.674397030818388
user1,545.0,0.6993464039124909
vnf2-dup12,545.0,1.0013942983391428
vnf2-dup16,545.0,0.0
vnf1-dup13,545.0,1.002290074591058
vnf1-dup17,545.0,0.0
vnf2-dup14,545.0,0.0
vnf1-dup15,545.0,0.0
webserver,545.0,0.17218608363676757
webserver2,545.0,0.24721724942913215
vnf2-dup8,550.0,0.412871284843869
vnf1,550.0,0.8305026633663366
vnf2,550.0,0.5804331284194529
vnf1-dup9,550.0,0.6999050131079028
vnf2-dup6,550.0,0.536446034148398
vnf2-dup10,550.0,0.9014755448988195
vnf1-dup7,550.0,0.6801098204189546
vnf1-dup11,550.0,0.6346756129753914
user2,550.0,0.6883618361837152
user1,550.0,0.5966607266480021
vnf2-dup12,550.0,1.0013976370078739
vnf2-dup16,550.0,0.0
vnf1-dup13,550.0,1.0010534673027232
vnf1-dup17,550.0,0.0
vnf2-dup14,550.0,0.0
vnf1-dup15,550.0,0.0
webserver,550.0,0.14777310550366324
webserver2,550.0,0.1444220645408998
vnf2-dup8,555.0,0.6872917064846417
vnf1,555.0,0.5014655681590042
vnf2,555.0,0.7023241445907035
vnf1-dup9,555.0,0.5702591513780337
vnf2-dup6,555.0,0.4342498487746563
vnf2-dup10,555.0,0.8006774239888425
vnf1-dup7,555.0,0.44354113543091656
vnf1-dup11,555.0,0.7285127979284737
user2,555.0,0.6936399657111254
user1,555.0,0.9126800999158291
vnf2-dup12,555.0,1.0011567598723574
vnf2-dup16,555.0,0.0
vnf1-dup13,555.0,1.0013110832340089
vnf1-dup17,555.0,0.0
vnf2-dup14,555.0,0.0
vnf1-dup15,555.0,0.0
webserver,555.0,0.17447593504451298
webserver2,555.0,0.17035771267783514
vnf2-dup8,560.0,0.7689340085279188
vnf1,560.0,0.5534213185786802
vnf2,560.0,0.5289135490654205
vnf1-dup9,560.0,0.8699182223520249
vnf2-dup6,560.0,0.6343785829827916
vnf2-dup10,560.0,0.7218738028680688
vnf1-dup7,560.0,0.6736799978
vnf1-dup11,560.0,0.7061599980000001
user2,560.0,0.6485154379948534
user1,560.0,0.7429652265118931
vnf2-dup12,560.0,1.0012058373175374
vnf2-dup16,560.0,0.0
vnf1-dup13,560.0,1.0011747415565346
vnf1-dup17,560.0,0.0
vnf2-dup14,560.0,0.0
vnf1-dup15,560.0,0.0
webserver,560.0,0.09844058214900542
webserver2,560.0,0.16054334514519797
vnf2-dup8,565.0,0.7305977478792661
vnf1,565.0,0.6825606600907477
vnf2,565.0,0.91949899498998
vnf1-dup9,565.0,0.6594388757515031
vnf2-dup6,565.0,0.7417604886386898
vnf2-dup10,565.0,0.8656090038894576
vnf1-dup7,565.0,0.6369648215075377
vnf1-dup11,565.0,0.6908743692462311
user2,565.0,0.6842611817237231
user1,565.0,0.7077311809125808
vnf2-dup12,565.0,1.0015013886932345
vnf2-dup16,565.0,0.0
vnf1-dup13,565.0,1.001479868117519
vnf1-dup17,565.0,0.0
vnf2-dup14,565.0,0.0
vnf1-dup15,565.0,0.0
webserver,565.0,0.12789103714060998
webserver2,565.0,0.11259784480842937
vnf2-dup8,570.0,0.6370684281579492
vnf1,570.0,0.6302666925780442
vnf2,570.0,0.6158143166797797
vnf1-dup9,570.0,0.6655979531864674
vnf2-dup6,570.0,0.666630853029652
vnf2-dup10,570.0,0.7245380296519123
vnf1-dup7,570.0,0.6632665688622754
vnf1-dup11,570.0,0.57606855069172
user2,570.0,0.9292855085376324
user1,570.0,0.5937028910033677
vnf2-dup12,570.0,1.0010376946209234
vnf2-dup16,570.0,0.0
vnf1-dup13,570.0,1.0011485582752777
vnf1-dup17,570.0,0.0
vnf2-dup14,570.0,0.0
vnf1-dup15,570.0,0.0
webserver,570.0,0.13772486583285246
webserver2,570.0,0.31028677409238026
vnf2-dup8,575.0,0.7179046106333072
vnf1,575.0,0.45259968588741206
vnf2,575.0,0.5603864718196457
vnf1-dup9,575.0,0.8121376799516908
vnf2-dup6,575.0,0.5868135956294359
vnf2-dup10,575.0,0.7079193106088906
vnf1-dup7,575.0,0.6047307980997625
vnf1-dup11,575.0,0.6974267600950119
user2,575.0,0.6071840602065054
user1,575.0,0.586562222035716
vnf2-dup12,575.0,1.001490845819966
vnf2-dup16,575.0,0.0
vnf1-dup13,575.0,1.0010720655151875
vnf1-dup17,575.0,0.0
vnf2-dup14,575.0,0.0
vnf1-dup15,575.0,0.0
webserver,575.0,0.17395553516363274
webserver2,575.0,0.18358201470953944
vnf2-dup8,580.0,0.8553941441999573
vnf1,580.0,0.44283272634052556
vnf2,580.0,0.8846988914379353
vnf1-dup9,580.0,0.4620237595247849
vnf2-dup6,580.0,0.7119691095305832
vnf2-dup10,580.0,0.7902255614712457
vnf1-dup7,580.0,0.6371114383590611
vnf1-dup11,580.0,0.7503489092831465
user2,580.0,0.6715835132926399
user1,580.0,0.5978072216679657
vnf2-dup12,580.0,1.0013388928884988
vnf2-dup16,580.0,0.0
vnf1-dup13,580.0,1.001385040166205
vnf1-dup17,580.0,0.0
vnf2-dup14,580.0,0.0
vnf1-dup15,580.0,0.0
webserver,580.0,0.11325802650351667
webserver2,580.0,0.11560999414515502
vnf2-dup8,585.0,0.5277282610417905
vnf1,585.0,0.6918795787284611
vnf2,585.0,0.6287992106299213
vnf1-dup9,585.0,0.6578543293307088
vnf2-dup6,585.0,0.621679146826961
vnf2-dup10,585.0,0.7636972778872685
vnf1-dup7,585.0,0.5771785011516315
vnf1-dup11,585.0,0.769347407293666
user2,585.0,0.5561004423929099
user1,585.0,0.764509311170082
vnf2-dup12,585.0,1.0012224037584383
vnf2-dup16,585.0,0.0
vnf1-dup13,585.0,1.001523908215099
vnf1-dup17,585.0,0.0
vnf2-dup14,585.0,0.0
vnf1-dup15,585.0,0.0
webserver,585.0,0.14248198072174975
webserver2,585.0,0.17703568788188642
vnf2-dup8,590.0,0.7414151295570365
vnf1,590.0,0.4681497438259506
vnf2,590.0,0.6793657572316263
vnf1-dup9,590.0,0.6601028480822798
vnf2-dup6,590.0,0.638710352446965
vnf2-dup10,590.0,0.811006088846881
vnf1-dup7,590.0,0.6032089833533896
vnf1-dup11,590.0,0.736181305856398
user2,590.0,0.6925724535341946
user1,590.0,0.646963931365089
vnf2-dup12,590.0,1.0013804632921983
vnf2-dup16,590.0,0.0
vnf1-dup13,590.0,1.0017345862068965
vnf1-dup17,590.0,0.0
vnf2-dup14,590.0,0.0
vnf1-dup15,590.0,0.0
webserver,590.0,0.1487209616288665
webserver2,590.0,0.16316921234777826
vnf2-dup8,595.0,0.56974609140625
vnf1,595.0,0.7787890603515625
vnf2,595.0,0.5493518852459016
vnf1-dup9,595.0,0.7297178783835303
vnf2-dup6,595.0,0.5775878605723066
vnf2-dup10,595.0,0.7782216222392933
vnf1-dup7,595.0,0.6926985379075815
vnf1-dup11,595.0,0.4989397859571914
user2,595.0,0.8969387228819079
user1,595.0,0.63675082647364
vnf2-dup12,595.0,1.0010012247650184
vnf2-dup16,595.0,0.0
vnf1-dup13,595.0,1.0013797347611202
vnf1-dup17,595.0,0.0
vnf2-dup14,595.0,0.0
vnf1-dup15,595.0,0.0
webserver,595.0,0.14651991536223855
webserver2,595.0,0.10150990410406881
vnf2-dup8,600.0,0.736795666733507
vnf1,600.0,0.460176457990776
vnf2,600.0,0.6528412397969147
vnf1-dup9,600.0,0.6797109919937513
vnf2-dup6,600.0,0.5844903973412112
vnf2-dup10,600.0,0.7716817872968981
vnf1-dup7,600.0,0.5863960826024882
vnf1-dup11,600.0,0.6531511299204569
user2,600.0,0.8549954250431955
user1,600.0,0.6692611726968684
vnf2-dup12,600.0,1.0013039298178332
vnf2-dup16,600.0,0.0
vnf1-dup13,600.0,1.0012547519011408
vnf1-dup17,600.0,0.0
vnf2-dup14,600.0,0.0
vnf1-dup15,600.0,0.0
webserver,600.0,0.19161043569750585
webserver2,600.0,0.0767731290548308
vnf2-dup8,605.0,1.0039486643632773
vnf1,605.0,0.1881539970384995
vnf2,605.0,1.0021945837600585
vnf1-dup9,605.0,0.3399414769568398
vnf2-dup6,605.0,0.4777965137717819
vnf2-dup10,605.0,0.6366498021360314
vnf1-dup7,605.0,0.5191027481910275
vnf1-dup11,605.0,0.8340810397973951
user2,605.0,0.5003540710672737
user1,605.0,0.5004397530782762
vnf2-dup12,605.0,1.0013586942934782
vnf2-dup16,605.0,0.0
vnf1-dup13,605.0,1.002035150786309
vnf1-dup17,605.0,0.0
vnf2-dup14,605.0,0.0
vnf1-dup15,605.0,0.0
webserver,605.0,0.17737668447264077
webserver2,605.0,0.10455194249008723
vnf2-dup8,610.0,0.0
vnf1,610.0,0.0
vnf2,610.0,0.0
vnf1-dup9,610.0,0.0
vnf2-dup6,610.0,0.0
vnf2-dup10,610.0,0.0
vnf1-dup7,610.0,0.0
vnf1-dup11,610.0,0.0
user2,610.0,0.0
user1,610.0,0.0
vnf2-dup12,610.0,0.0
vnf2-dup16,610.0,0.0
vnf1-dup13,610.0,0.0
vnf1-dup17,610.0,0.0
vnf2-dup14,610.0,0.0
vnf1-dup15,610.0,0.0
webserver,610.0,0.0
webserver2,610.0,0.0
vnf2-dup8,615.0,0.0
vnf1,615.0,0.0
vnf2,615.0,0.0
vnf1-dup9,615.0,0.0
vnf2-dup6,615.0,0.0
vnf2-dup10,615.0,0.0
vnf1-dup7,615.0,0.0
user2,615.0,0.0
user1,615.0,0.0
vnf2-dup12,615.0,0.0
vnf2-dup16,615.0,0.0
vnf1-dup13,615.0,0.0
vnf1-dup17,615.0,0.0
vnf2-dup14,615.0,0.0
vnf1-dup15,615.0,0.0
webserver,615.0,0.0
webserver2,615.0,0.0
vnf2-dup8,620.0,0.0
vnf1,620.0,0.0
vnf2,620.0,0.0
vnf2-dup6,620.0,0.0
vnf1-dup7,620.0,0.0
user2,620.0,0.0
user1,620.0,0.0
vnf2-dup12,620.0,0.0
vnf2-dup16,620.0,0.0
vnf1-dup13,620.0,0.0
vnf1-dup17,620.0,0.0
vnf2-dup14,620.0,0.0
vnf1-dup15,620.0,0.0
webserver,620.0,0.0
webserver2,620.0,0.0
vnf1,625.0,0.0
vnf2,625.0,0.0
vnf2-dup6,625.0,0.0
user2,625.0,0.0
user1,625.0,0.0
vnf2-dup12,625.0,0.0
vnf2-dup16,625.0,0.0
vnf1-dup13,625.0,0.0
vnf1-dup17,625.0,0.0
vnf2-dup14,625.0,0.0
vnf1-dup15,625.0,0.0
webserver,625.0,0.0
webserver2,625.0,0.0
vnf1,630.0,0.0
vnf2,630.0,0.0
user2,630.0,0.0
user1,630.0,0.0
vnf2-dup12,630.0,0.0
vnf2-dup16,630.0,0.0
vnf1-dup13,630.0,0.0
vnf1-dup17,630.0,0.0
vnf2-dup14,630.0,0.0
vnf1-dup15,630.0,0.0
webserver,630.0,0.0
webserver2,630.0,0.0
